DateTime,Open,High,Low,Close,Volume,OpenInterest
2012-03-14,102.94,108.00,102.62,106.63,0,0
2012-03-15,106.84,109.98,106.56,108.42,0,0
2012-03-16,106.57,108.48,104.84,105.78,0,0
2012-03-19,106.83,108.84,104.59,106.49,0,0
2012-03-20,107.77,110.48,107.12,109.38,0,0
2012-03-21,106.43,111.93,104.65,104.65,0,0
2012-03-22,107.31,108.07,102.47,102.53,0,0
2012-03-23,102.25,103.73,98.12,98.60,0,0
2012-03-26,98.48,100.29,96.08,96.08,0,0
2012-03-27,96.22,101.22,96.13,101.15,0,0
2012-03-28,100.65,107.92,99.65,102.74,0,0
2012-03-29,105.54,107.28,101.82,101.94,0,0
2012-03-30,100.37,102.00,99.87,100.28,0,0
2012-04-02,102.92,103.00,99.35,100.38,0,0
2012-04-03,100.30,101.35,98.08,98.37,0,0
2012-04-04,101.05,102.38,99.04,99.73,0,0
2012-04-05,100.47,100.47,97.16,99.47,0,0
2012-04-09,104.77,105.40,102.70,104.59,0,0
2012-04-10,103.78,111.79,103.43,109.13,0,0
2012-04-11,109.10,111.60,108.18,111.19,0,0
2012-04-12,108.98,109.57,104.20,104.27,0,0
2012-04-13,105.15,110.83,105.06,110.76,0,0
2012-04-16,108.81,112.75,107.31,110.97,0,0
2012-04-17,107.86,108.09,106.19,107.01,0,0
2012-04-18,107.44,107.80,105.40,106.06,0,0
2012-04-19,104.40,107.35,102.63,103.96,0,0
2012-04-20,103.16,103.16,101.04,101.08,0,0
2012-04-23,106.48,107.43,103.63,104.01,0,0
2012-04-24,103.32,103.33,99.84,99.84,0,0
2012-04-25,98.18,98.18,93.19,93.28,0,0
2012-04-26,93.35,93.59,88.85,89.65,0,0
2012-04-27,88.33,90.24,87.88,88.62,0,0
2012-04-30,90.30,91.40,89.11,89.32,0,0
2012-05-01,88.97,88.97,85.75,87.06,0,0
2012-05-02,87.60,89.00,85.77,86.29,0,0
2012-05-03,86.13,88.74,85.10,88.35,0,0
2012-05-04,87.77,92.90,87.65,91.31,0,0
2012-05-07,94.48,94.51,89.99,90.91,0,0
2012-05-08,91.77,97.64,91.15,91.33,0,0
2012-05-09,100.17,105.52,98.87,102.07,0,0
2012-05-10,99.59,101.13,97.95,98.65,0,0
2012-05-11,99.95,100.57,97.40,100.12,0,0
2012-05-14,103.65,106.36,102.54,105.85,0,0
2012-05-15,103.94,110.65,102.27,109.61,0,0
2012-05-16,107.74,110.73,104.54,109.22,0,0
2012-05-17,108.82,113.30,107.73,112.84,0,0
2012-05-18,110.52,117.80,109.88,117.44,0,0
2012-05-21,115.67,115.67,107.46,108.50,0,0
2012-05-22,106.86,113.39,103.57,110.48,0,0
2012-05-23,112.16,115.95,106.53,107.48,0,0
2012-05-24,106.02,108.55,104.46,104.52,0,0
2012-05-25,105.13,105.36,101.80,103.10,0,0
2012-05-29,103.83,103.97,100.98,100.98,0,0
2012-05-30,103.51,109.75,103.39,109.73,0,0
2012-05-31,108.54,111.44,106.25,108.75,0,0
2012-06-01,112.13,112.13,109.34,111.41,0,0
2012-06-04,111.68,113.17,105.81,107.04,0,0
2012-06-05,106.30,106.30,102.74,102.78,0,0
2012-06-06,100.87,101.34,97.57,97.71,0,0
2012-06-07,95.77,99.59,95.01,98.36,0,0
2012-06-08,99.19,99.29,96.48,96.60,0,0
2012-06-11,97.33,105.88,97.33,105.51,0,0
2012-06-12,104.72,107.15,102.92,103.22,0,0
2012-06-13,107.67,111.58,106.11,110.60,0,0
2012-06-14,109.69,110.66,107.47,107.78,0,0
2012-06-15,107.35,109.26,107.13,108.23,0,0
2012-06-18,109.15,109.15,99.00,99.30,0,0
2012-06-19,97.57,98.65,96.66,98.13,0,0
2012-06-20,96.80,101.80,96.28,96.41,0,0
2012-06-21,97.00,105.94,96.16,105.47,0,0
2012-06-22,102.61,104.27,99.67,104.13,0,0
2012-06-25,106.09,107.07,104.02,104.46,0,0
2012-06-26,102.63,104.15,100.43,100.66,0,0
2012-06-27,99.37,99.89,97.73,98.11,0,0
2012-06-28,99.35,101.44,97.04,97.21,0,0
2012-06-29,92.93,93.43,89.00,89.59,0,0
2012-07-02,90.20,90.31,85.22,85.61,0,0
2012-07-03,85.88,86.04,84.56,84.59,0,0
2012-07-05,86.93,89.81,86.87,89.43,0,0
2012-07-06,90.89,92.42,90.00,90.10,0,0
2012-07-09,92.27,93.46,91.31,92.85,0,0
2012-07-10,92.34,95.79,91.65,94.91,0,0
2012-07-11,102.38,102.55,95.43,96.25,0,0
2012-07-12,97.71,99.86,93.58,95.22,0,0
2012-07-13,93.41,93.73,90.92,91.10,0,0
2012-07-16,91.82,95.76,91.45,94.21,0,0
2012-07-17,92.54,96.51,92.24,93.49,0,0
2012-07-18,92.92,94.58,90.76,94.03,0,0
2012-07-19,92.32,96.43,92.32,93.73,0,0
2012-07-20,94.78,102.89,94.13,100.61,0,0
2012-07-23,108.60,113.45,106.03,107.32,0,0
2012-07-24,106.56,112.50,106.43,111.65,0,0
2012-07-25,109.74,112.16,106.53,106.53,0,0
2012-07-26,101.86,102.32,98.49,98.59,0,0
2012-07-27,94.97,96.08,91.69,93.08,0,0
2012-07-30,94.80,94.90,92.94,94.74,0,0
2012-07-31,95.92,96.82,94.01,96.11,0,0
2012-08-01,95.21,95.96,93.08,94.23,0,0
2012-08-02,95.89,96.35,89.63,89.63,0,0
2012-08-03,87.17,87.45,84.08,84.50,0,0
2012-08-06,86.40,86.63,84.23,84.47,0,0
2012-08-07,83.82,87.46,83.82,86.87,0,0
2012-08-08,87.45,87.46,84.56,85.18,0,0
2012-08-09,85.49,86.24,83.88,83.91,0,0
2012-08-10,85.78,85.84,84.36,84.83,0,0
2012-08-13,87.05,89.84,86.41,89.58,0,0
2012-08-14,89.36,95.22,89.30,94.33,0,0
2012-08-15,99.09,99.16,96.66,97.95,0,0
2012-08-16,97.06,99.29,95.20,95.65,0,0
2012-08-17,94.79,95.79,93.51,95.02,0,0
2012-08-20,98.43,98.59,95.99,96.64,0,0
2012-08-21,95.05,99.39,94.70,97.41,0,0
2012-08-22,99.43,101.80,98.51,99.14,0,0
2012-08-23,99.76,100.10,97.98,98.40,0,0
2012-08-24,99.03,99.49,93.97,94.99,0,0
2012-08-27,95.75,96.67,93.54,94.89,0,0
2012-08-28,95.64,95.74,93.47,94.43,0,0
2012-08-29,94.29,94.99,93.11,94.71,0,0
2012-08-30,95.74,96.51,95.01,96.33,0,0
2012-08-31,94.76,96.00,92.70,93.30,0,0
2012-09-04,96.62,97.46,93.44,93.71,0,0
2012-09-05,93.66,93.83,89.56,90.15,0,0
2012-09-06,88.53,88.53,83.65,83.65,0,0
2012-09-07,82.05,82.64,80.68,82.24,0,0
2012-09-10,85.17,92.84,83.89,92.77,0,0
2012-09-11,92.44,93.66,89.50,92.39,0,0
2012-09-12,93.78,97.04,92.65,93.94,0,0
2012-09-13,93.13,95.07,86.78,87.81,0,0
2012-09-14,85.98,93.04,84.75,93.04,0,0
2012-09-17,94.87,94.87,90.91,92.95,0,0
2012-09-18,92.82,93.61,89.80,90.13,0,0
2012-09-19,88.53,90.02,88.11,88.61,0,0
2012-09-20,89.78,91.71,88.33,88.72,0,0
2012-09-21,88.17,88.77,84.61,87.90,0,0
2012-09-24,89.04,89.22,84.50,85.88,0,0
2012-09-25,84.41,93.42,84.14,92.79,0,0
2012-09-26,93.52,96.68,91.81,95.05,0,0
2012-09-27,92.15,93.59,87.04,88.24,0,0
2012-09-28,88.62,91.11,87.81,90.49,0,0
2012-10-01,90.52,92.61,88.15,92.51,0,0
2012-10-02,90.99,92.86,90.11,90.25,0,0
2012-10-03,90.73,91.56,86.88,87.56,0,0
2012-10-04,87.01,87.34,83.41,83.51,0,0
2012-10-05,82.91,84.45,81.06,83.10,0,0
2012-10-08,86.10,86.45,84.21,85.85,0,0
2012-10-09,85.28,89.56,84.62,88.53,0,0
2012-10-10,93.84,95.36,92.41,94.36,0,0
2012-10-11,91.09,92.78,90.11,90.74,0,0
2012-10-12,88.59,92.00,87.27,91.87,0,0
2012-10-15,90.76,95.72,90.33,92.92,0,0
2012-10-16,89.86,91.81,89.20,90.31,0,0
2012-10-17,90.41,92.11,84.95,85.60,0,0
2012-10-18,86.11,88.24,84.76,86.51,0,0
2012-10-19,86.81,94.25,86.28,92.63,0,0
2012-10-22,93.13,98.06,91.99,92.48,0,0
2012-10-23,98.43,102.67,96.77,99.66,0,0
2012-10-24,97.17,98.43,95.44,96.39,0,0
2012-10-25,93.26,94.80,91.66,91.86,0,0
2012-10-26,91.11,92.40,88.91,89.43,0,0
2012-10-31,87.57,90.58,87.57,90.23,0,0
2012-11-01,88.67,88.94,81.70,81.70,0,0
2012-11-02,80.67,87.84,80.09,87.84,0,0
2012-11-05,89.47,91.88,89.09,90.75,0,0
2012-11-06,89.07,89.65,86.59,87.56,0,0
2012-11-07,88.88,95.53,88.88,94.75,0,0
2012-11-08,93.26,94.39,91.49,93.39,0,0
2012-11-09,94.13,94.13,90.98,94.02,0,0
2012-11-12,94.67,94.67,90.13,90.54,0,0
2012-11-13,92.17,92.50,87.13,87.84,0,0
2012-11-14,87.63,96.14,87.29,94.66,0,0
2012-11-15,94.71,97.66,92.43,94.54,0,0
2012-11-16,93.83,97.04,90.01,90.27,0,0
2012-11-19,89.22,89.76,86.04,88.43,0,0
2012-11-20,87.01,89.70,85.58,85.93,0,0
2012-11-21,86.26,87.49,83.66,85.85,0,0
2012-11-23,84.35,85.40,81.68,82.86,0,0
2012-11-26,84.45,84.55,81.90,82.45,0,0
2012-11-27,81.48,84.94,81.06,84.17,0,0
2012-11-28,84.83,86.73,80.34,80.39,0,0
2012-11-29,79.94,80.98,78.36,78.42,0,0
2012-11-30,77.75,80.08,77.20,78.59,0,0
2012-12-03,77.48,84.31,77.40,84.07,0,0
2012-12-04,83.78,87.08,82.97,86.18,0,0
2012-12-05,84.94,87.55,82.84,82.98,0,0
2012-12-06,83.27,84.76,82.48,84.15,0,0
2012-12-07,82.58,83.86,79.80,80.73,0,0
2012-12-10,82.07,82.72,81.09,81.56,0,0
2012-12-11,79.27,79.78,78.20,78.70,0,0
2012-12-12,78.56,83.30,78.48,83.02,0,0
2012-12-13,81.99,87.42,81.30,86.74,0,0
2012-12-14,86.14,88.51,85.65,86.39,0,0
2012-12-17,88.16,88.22,81.95,82.10,0,0
2012-12-18,80.64,81.16,78.14,79.36,0,0
2012-12-19,79.73,83.92,79.66,83.33,0,0
2012-12-20,82.71,84.49,81.09,83.06,0,0
2012-12-21,90.95,91.49,87.70,87.70,0,0
2012-12-24,89.05,89.59,87.56,89.27,0,0
2012-12-26,89.10,92.38,88.80,92.17,0,0
2012-12-27,91.27,96.99,90.20,90.89,0,0
2012-12-28,93.21,104.72,91.78,104.72,0,0
2012-12-31,102.32,102.58,92.46,92.50,0,0
2013-01-02,85.69,86.21,78.23,78.77,0,0
2013-01-03,78.45,79.67,74.26,77.02,0,0
2013-01-04,76.30,77.06,73.43,75.18,0,0
2013-01-07,77.20,78.50,75.97,76.77,0,0
2013-01-08,76.56,79.31,76.56,78.37,0,0
2013-01-09,77.84,81.77,76.89,78.51,0,0
2013-01-10,76.54,79.68,76.05,77.48,0,0
2013-01-11,77.09,79.78,76.81,78.52,0,0
2013-01-14,80.13,80.48,77.27,78.28,0,0
2013-01-15,78.33,78.66,75.98,77.84,0,0
2013-01-16,76.06,78.38,75.48,77.26,0,0
2013-01-17,75.62,79.06,75.00,78.77,0,0
2013-01-18,77.01,78.86,73.02,73.43,0,0
2013-01-22,76.16,78.64,73.87,73.87,0,0
2013-01-23,74.19,74.20,70.73,71.86,0,0
2013-01-24,71.72,80.81,70.73,76.17,0,0
2013-01-25,76.23,79.12,75.78,76.92,0,0
2013-01-28,78.84,81.43,77.73,78.16,0,0
2013-01-29,79.09,79.19,73.59,73.61,0,0
2013-01-30,75.01,78.17,73.56,77.34,0,0
2013-01-31,77.62,78.59,75.29,76.72,0,0
2013-02-01,73.64,74.05,71.97,73.29,0,0
2013-02-04,76.76,78.83,75.00,77.79,0,0
2013-02-05,76.84,77.05,73.69,75.06,0,0
2013-02-06,80.44,82.68,77.09,77.23,0,0
2013-02-07,77.36,82.49,75.37,76.86,0,0
2013-02-08,76.06,76.55,74.03,74.42,0,0
2013-02-11,76.41,78.48,75.48,76.09,0,0
2013-02-12,75.84,76.55,73.45,73.83,0,0
2013-02-13,74.20,75.69,72.55,73.25,0,0
2013-02-14,73.94,74.70,71.62,72.98,0,0
2013-02-15,71.45,76.01,70.73,72.55,0,0
2013-02-19,74.59,74.70,69.70,70.45,0,0
2013-02-20,70.94,79.34,70.62,79.13,0,0
2013-02-21,79.98,84.47,79.14,80.83,0,0
2013-02-22,77.83,80.97,77.73,78.66,0,0
2013-02-25,77.53,96.40,75.89,94.34,0,0
2013-02-26,93.46,97.35,88.94,90.23,0,0
2013-02-27,89.09,89.68,80.31,82.29,0,0
2013-02-28,81.59,86.97,80.45,86.57,0,0
2013-03-01,88.92,92.08,86.17,87.83,0,0
2013-03-04,88.93,89.39,82.07,82.27,0,0
2013-03-05,80.65,81.51,78.90,79.31,0,0
2013-03-06,78.86,80.64,78.12,78.78,0,0
2013-03-07,78.19,79.06,76.66,77.16,0,0
2013-03-08,75.93,78.23,75.93,76.65,0,0
2013-03-11,78.34,78.62,76.34,77.31,0,0
2013-03-12,78.61,82.66,77.06,79.98,0,0
2013-03-13,82.80,85.62,82.26,84.36,0,0
2013-03-14,83.50,85.35,83.14,83.50,0,0
2013-03-15,84.29,87.35,84.03,85.72,0,0
2013-03-18,92.19,93.72,88.50,93.07,0,0
2013-03-19,90.69,98.24,90.17,94.39,0,0
2013-03-20,89.85,92.64,87.77,89.45,0,0
2013-03-21,91.04,94.20,89.09,93.98,0,0
2013-03-22,91.40,93.15,91.03,91.78,0,0
2013-03-25,90.33,93.07,87.13,88.86,0,0
2013-03-26,86.74,88.31,84.82,85.14,0,0
2013-03-27,87.04,87.88,84.45,85.32,0,0
2013-03-28,84.39,85.56,83.08,83.20,0,0
2013-04-01,85.76,86.02,83.81,84.23,0,0
2013-04-02,83.03,83.39,80.05,80.48,0,0
2013-04-03,79.84,85.29,79.69,85.23,0,0
2013-04-04,84.06,87.67,82.63,83.12,0,0
2013-04-05,88.53,89.25,83.91,84.49,0,0
2013-04-08,85.36,86.45,81.48,82.12,0,0
2013-04-09,81.48,82.80,80.14,82.04,0,0
2013-04-10,84.30,84.53,80.73,82.75,0,0
2013-04-11,81.23,85.39,78.97,83.37,0,0
2013-04-12,83.82,86.09,82.00,82.39,0,0
2013-04-15,84.39,104.99,83.54,104.62,0,0
2013-04-16,93.47,96.06,87.66,88.19,0,0
2013-04-17,93.71,107.35,93.15,105.26,0,0
2013-04-18,104.43,110.91,103.89,107.65,0,0
2013-04-19,105.61,105.96,93.51,95.52,0,0
2013-04-22,95.22,97.14,89.96,90.91,0,0
2013-04-23,88.73,94.11,84.54,85.16,0,0
2013-04-24,85.31,86.54,83.60,84.99,0,0
2013-04-25,83.38,86.69,82.16,85.89,0,0
2013-04-26,87.04,88.51,84.27,85.09,0,0
2013-04-29,85.33,85.73,82.33,84.42,0,0
2013-04-30,83.74,85.73,83.00,83.46,0,0
2013-05-01,84.35,88.22,83.87,88.11,0,0
2013-05-02,86.25,86.77,83.29,83.82,0,0
2013-05-03,81.55,82.81,80.69,80.91,0,0
2013-05-06,82.57,82.61,78.81,79.78,0,0
2013-05-07,78.20,79.90,77.17,78.86,0,0
2013-05-08,78.95,81.42,78.11,79.81,0,0
2013-05-09,80.16,82.55,79.52,81.14,0,0
2013-05-10,80.98,82.26,79.45,80.45,0,0
2013-05-15,84.06,84.76,81.96,83.15,0,0
2013-05-16,84.37,84.97,81.87,84.50,0,0
2013-05-17,83.15,84.79,82.86,84.00,0,0
2013-05-20,86.72,86.72,84.05,85.01,0,0
2013-05-21,84.90,88.39,84.53,88.04,0,0
2013-05-22,86.04,89.79,85.51,88.23,0,0
2013-05-23,92.31,93.71,87.03,87.40,0,0
2013-05-24,88.33,88.71,83.34,83.88,0,0
2013-05-28,83.39,83.87,81.81,82.65,0,0
2013-05-29,83.65,85.42,81.22,81.72,0,0
2013-05-30,81.87,82.48,79.03,80.22,0,0
2013-05-31,81.00,85.41,78.65,84.87,0,0
2013-06-03,84.79,91.48,84.71,86.99,0,0
2013-06-04,86.54,89.66,85.85,87.39,0,0
2013-06-05,88.38,93.89,87.49,93.18,0,0
2013-06-06,93.02,98.45,91.89,91.91,0,0
2013-06-07,90.98,90.98,84.19,84.19,0,0
2013-06-10,84.67,86.06,82.52,82.94,0,0
2013-06-11,86.77,92.85,85.99,92.32,0,0
2013-06-12,92.62,103.28,92.58,101.77,0,0
2013-06-13,100.12,102.46,94.86,95.08,0,0
2013-06-14,95.34,95.34,91.37,93.87,0,0
2013-06-17,91.85,92.41,89.75,90.45,0,0
2013-06-18,90.17,91.01,89.42,89.99,0,0
2013-06-19,90.63,91.03,85.85,88.59,0,0
2013-06-20,92.50,103.42,91.68,100.98,0,0
2013-06-21,97.29,100.27,95.00,96.10,0,0
2013-06-24,100.86,103.18,98.55,100.93,0,0
2013-06-25,97.18,98.42,93.67,94.83,0,0
2013-06-26,91.72,93.03,90.44,90.76,0,0
2013-06-27,88.31,88.90,84.91,86.05,0,0
2013-06-28,87.05,87.51,84.81,86.54,0,0
2013-07-01,86.16,86.34,81.92,84.89,0,0
2013-07-02,84.45,84.86,82.11,83.70,0,0
2013-07-03,84.37,84.73,82.19,82.72,0,0
2013-07-05,81.15,82.12,77.41,77.41,0,0
2013-07-08,77.53,77.73,75.00,75.48,0,0
2013-07-09,74.13,76.08,73.23,75.92,0,0
2013-07-10,78.86,82.05,78.84,79.54,0,0
2013-07-11,75.95,78.29,75.39,77.16,0,0
2013-07-12,77.19,80.11,75.64,76.14,0,0
2013-07-15,76.33,77.92,74.91,76.22,0,0
2013-07-16,76.36,81.70,75.88,80.84,0,0
2013-07-17,79.62,80.03,75.62,77.06,0,0
2013-07-18,75.62,76.01,72.77,74.68,0,0
2013-07-19,74.55,75.94,71.15,73.64,0,0
2013-07-22,74.64,76.29,72.06,72.48,0,0
2013-07-23,72.27,75.70,71.47,75.05,0,0
2013-07-24,74.47,78.48,74.47,76.80,0,0
2013-07-25,77.43,78.51,75.38,76.73,0,0
2013-07-26,77.16,78.80,76.43,76.54,0,0
2013-07-29,79.27,79.30,76.23,76.65,0,0
2013-07-30,76.54,77.98,74.17,74.34,0,0
2013-07-31,74.51,75.48,71.88,73.08,0,0
2013-08-01,71.48,71.64,70.72,71.09,0,0
2013-08-02,70.65,70.94,68.40,70.36,0,0
2013-08-05,71.39,72.13,69.11,69.73,0,0
2013-08-06,70.22,76.25,69.72,75.53,0,0
2013-08-07,76.84,80.66,76.56,76.56,0,0
2013-08-08,74.81,77.45,74.81,75.41,0,0
2013-08-09,75.17,77.94,74.81,77.33,0,0
2013-08-12,78.77,78.77,78.77,78.77,0,0
2013-08-13,79.84,80.13,78.72,78.94,0,0
2013-08-14,79.59,80.66,78.91,80.22,0,0
2013-08-15,82.83,86.82,82.41,86.21,0,0
2013-08-16,86.22,86.30,82.09,84.09,0,0
2013-08-19,85.86,87.26,84.24,86.91,0,0
2013-08-20,85.98,89.75,85.36,89.08,0,0
2013-08-21,91.36,93.41,86.86,90.38,0,0
2013-08-22,87.84,88.63,84.30,84.52,0,0
2013-08-23,83.87,84.36,79.80,80.02,0,0
2013-08-26,81.22,83.17,78.04,83.06,0,0
2013-08-27,87.54,92.61,86.28,92.36,0,0
2013-08-28,92.66,93.56,89.03,91.46,0,0
2013-08-29,90.58,92.55,89.14,91.49,0,0
2013-08-30,91.09,94.28,90.98,92.60,0,0
2013-09-03,91.34,92.55,90.00,90.66,0,0
2013-09-04,90.61,90.97,87.73,88.28,0,0
2013-09-05,88.43,88.46,85.01,85.80,0,0
2013-09-06,83.90,89.13,83.65,86.51,0,0
2013-09-09,87.49,87.57,82.51,83.46,0,0
2013-09-10,81.18,81.18,78.88,79.25,0,0
2013-09-11,81.39,82.06,77.19,78.40,0,0
2013-09-12,78.23,81.52,76.80,80.97,0,0
2013-09-13,79.41,81.12,78.89,79.73,0,0
2013-09-16,78.84,80.55,77.81,80.09,0,0
2013-09-17,78.92,80.28,78.20,79.48,0,0
2013-09-18,79.48,81.36,73.28,74.65,0,0
2013-09-19,73.08,75.11,72.81,73.22,0,0
2013-09-20,73.54,77.09,73.23,76.89,0,0
2013-09-23,78.01,80.09,76.23,77.56,0,0
2013-09-24,76.05,77.05,73.68,74.78,0,0
2013-09-25,74.68,75.48,72.39,73.08,0,0
2013-09-26,71.04,72.23,69.73,69.95,0,0
2013-09-27,71.42,75.77,71.39,74.93,0,0
2013-09-30,80.53,82.03,78.98,81.67,0,0
2013-10-01,81.29,81.29,76.43,76.43,0,0
2013-10-02,78.67,85.91,78.59,85.73,0,0
2013-10-03,85.05,105.33,85.00,93.79,0,0
2013-10-04,92.46,93.23,87.83,88.71,0,0
2013-10-07,94.91,103.28,94.43,103.08,0,0
2013-10-08,102.34,110.20,101.09,106.55,0,0
2013-10-09,116.11,120.20,106.82,111.43,0,0
2013-10-10,105.80,106.27,93.38,95.31,0,0
2013-10-11,93.75,94.73,88.88,90.85,0,0
2013-10-14,95.44,98.92,89.95,91.80,0,0
2013-10-15,92.33,104.47,90.97,103.37,0,0
2013-10-16,96.48,97.24,85.06,85.70,0,0
2013-10-17,84.67,84.90,72.34,72.70,0,0
2013-10-18,70.19,76.06,69.66,73.42,0,0
2013-10-21,73.31,76.98,73.23,75.02,0,0
2013-10-22,72.41,74.84,71.23,74.13,0,0
2013-10-23,75.38,77.48,72.06,72.43,0,0
2013-10-24,72.06,73.64,70.59,70.84,0,0
2013-10-25,70.94,71.56,69.77,70.03,0,0
2013-10-28,72.06,72.45,69.04,70.16,0,0
2013-10-29,70.34,71.20,68.17,68.52,0,0
2013-10-30,69.11,71.66,68.50,69.56,0,0
2013-10-31,69.84,70.70,68.16,69.44,0,0
2013-11-01,68.20,69.66,68.04,68.94,0,0
2013-11-04,69.84,70.39,66.93,67.09,0,0
2013-11-05,67.62,68.34,66.79,67.41,0,0
2013-11-07,68.68,72.97,68.68,71.73,0,0
2013-11-08,70.16,70.16,69.39,69.39,0,0
2013-11-13,71.83,72.93,70.48,71.37,0,0
2013-11-14,72.09,74.09,70.79,71.91,0,0
2013-11-15,70.53,73.88,70.27,73.58,0,0
2013-11-18,73.04,76.45,71.69,75.06,0,0
2013-11-19,74.34,76.72,73.95,74.45,0,0
2013-11-20,74.67,74.67,66.38,69.05,0,0
2013-11-21,67.19,67.51,64.13,64.95,0,0
2013-11-22,64.64,65.62,63.36,63.77,0,0
2013-11-25,64.43,65.51,63.71,64.88,0,0
2013-11-26,64.94,65.92,64.12,65.14,0,0
2013-11-27,64.75,65.27,64.51,64.81,0,0
2013-12-02,69.16,70.00,68.23,69.59,0,0
2013-12-03,70.86,75.75,70.23,73.20,0,0
2013-12-04,74.66,77.37,72.18,72.73,0,0
2013-12-05,73.04,76.64,72.48,75.80,0,0
2013-12-06,72.50,72.50,70.45,70.45,0,0
2013-12-11,69.93,81.73,69.29,80.55,0,0
2013-12-12,80.22,84.88,79.65,83.38,0,0
2013-12-13,81.86,85.86,79.47,85.39,0,0
2013-12-16,83.36,83.92,79.70,83.20,0,0
2013-12-17,84.29,85.87,81.30,82.23,0,0
2013-12-18,80.13,83.37,65.33,67.17,0,0
2013-12-19,66.15,67.34,62.03,67.03,0,0
2013-12-20,65.50,68.58,63.14,68.00,0,0
2013-12-23,67.40,67.93,63.38,63.49,0,0
2013-12-26,61.66,63.01,61.36,62.71,0,0
2013-12-27,62.40,67.29,62.40,66.67,0,0
2013-12-30,68.56,70.08,68.01,69.70,0,0
2013-12-31,68.70,72.51,68.61,70.83,0,0
2014-01-02,73.45,74.95,72.64,73.14,0,0
2014-01-03,72.69,73.30,69.18,70.03,0,0
2014-01-06,70.34,70.70,68.06,68.33,0,0
2014-01-10,67.84,67.84,67.15,67.73,0,0
2014-01-13,68.27,77.52,67.39,75.70,0,0
2014-01-14,73.84,74.06,69.12,69.31,0,0
2014-01-15,69.84,71.45,68.38,69.56,0,0
2014-01-16,69.84,74.23,69.84,73.98,0,0
2014-01-17,72.16,76.53,71.56,75.72,0,0
2014-01-21,75.29,78.87,74.65,77.78,0,0
2014-01-22,75.55,76.14,73.59,74.45,0,0
2014-01-23,75.89,85.33,75.79,78.25,0,0
2014-01-24,84.12,97.71,83.88,97.71,0,0
2014-01-27,94.04,105.20,89.06,93.50,0,0
2014-01-28,92.12,92.28,81.73,83.96,0,0
2014-01-29,92.40,94.02,86.46,92.47,0,0
2014-01-30,88.99,92.44,85.02,92.35,0,0
2014-01-31,98.54,100.66,93.99,99.66,0,0
2014-02-03,100.17,109.67,99.37,106.78,0,0
2014-02-04,103.72,104.22,97.69,100.40,0,0
2014-02-05,100.63,104.17,99.75,102.87,0,0
2014-02-06,99.46,99.50,91.10,92.58,0,0
2014-02-07,88.33,88.33,79.95,83.17,0,0
2014-02-10,84.53,84.99,79.79,79.89,0,0
2014-02-11,78.43,79.36,75.42,78.64,0,0
2014-02-12,77.98,81.40,77.29,79.56,0,0
2014-02-13,83.55,84.22,77.81,78.41,0,0
2014-02-14,77.64,79.51,77.09,77.48,0,0
2014-02-18,78.93,80.31,75.81,75.81,0,0
2014-02-19,77.55,88.40,75.41,86.23,0,0
2014-02-20,85.47,87.35,79.04,79.83,0,0
2014-02-21,77.48,80.04,76.56,78.95,0,0
2014-02-24,79.76,79.76,76.39,77.84,0,0
2014-02-25,77.45,80.23,76.20,76.45,0,0
2014-02-26,76.89,80.81,75.92,79.42,0,0
2014-02-27,80.43,82.00,78.76,78.94,0,0
2014-02-28,79.14,85.28,76.18,81.45,0,0
2014-03-03,91.23,93.55,87.35,92.84,0,0
2014-03-04,84.99,85.17,80.45,82.14,0,0
2014-03-05,82.47,82.82,80.45,80.52,0,0
2014-03-06,79.72,81.47,79.12,79.55,0,0
2014-03-07,79.73,84.69,79.06,83.07,0,0
2014-03-10,86.02,87.30,82.17,82.35,0,0
2014-03-11,86.11,87.05,83.07,85.12,0,0
2014-03-12,86.40,88.99,82.86,83.45,0,0
2014-03-13,81.61,94.79,81.45,92.14,0,0
2014-03-14,94.31,100.54,92.37,97.11,0,0
2014-03-17,93.11,93.11,87.79,87.79,0,0
2014-03-18,85.25,85.31,80.83,81.89,0,0
2014-03-19,81.92,86.66,79.31,81.34,0,0
2014-03-20,81.62,81.73,77.00,77.03,0,0
2014-03-21,75.80,79.31,74.91,78.64,0,0
2014-03-24,79.19,81.16,76.77,77.29,0,0
2014-03-25,75.93,77.39,74.19,74.77,0,0
2014-03-26,73.83,78.00,72.69,76.27,0,0
2014-03-27,76.20,77.87,74.56,74.70,0,0
2014-03-28,73.36,77.18,73.09,74.86,0,0
2014-03-31,75.31,75.36,71.47,72.20,0,0
2014-04-01,71.34,71.39,67.12,67.51,0,0
2014-04-02,67.31,68.55,66.70,67.33,0,0
2014-04-03,67.12,69.18,67.04,67.73,0,0
2014-04-04,65.20,72.58,65.20,69.53,0,0
2014-04-07,72.45,76.70,72.15,74.51,0,0
2014-04-08,73.70,75.62,71.14,71.43,0,0
2014-04-09,72.59,73.48,68.61,69.19,0,0
2014-04-10,69.75,80.23,69.06,78.56,0,0
2014-04-11,81.17,85.48,77.38,83.94,0,0
2014-04-14,82.53,87.37,78.90,82.20,0,0
2014-04-15,81.00,87.64,79.58,80.67,0,0
2014-04-16,77.98,78.61,71.68,72.08,0,0
2014-04-17,72.17,72.17,69.19,70.08,0,0
2014-04-21,71.20,71.70,67.18,68.62,0,0
2014-04-22,68.34,68.37,66.14,66.73,0,0
2014-04-23,67.27,68.23,65.89,66.22,0,0
2014-04-24,67.14,70.53,66.45,68.75,0,0
2014-04-25,69.23,73.18,69.23,70.48,0,0
2014-04-28,70.20,71.44,67.05,67.63,0,0
2014-04-29,66.76,67.11,64.94,65.47,0,0
2014-04-30,65.20,65.95,63.94,64.48,0,0
2014-05-01,64.65,65.26,63.07,64.50,0,0
2014-05-02,63.58,65.41,62.59,64.54,0,0
2014-05-05,67.15,67.73,64.08,64.40,0,0
2014-05-06,64.31,65.39,62.69,64.93,0,0
2014-05-07,64.29,67.19,62.64,62.64,0,0
2014-05-08,62.84,63.50,60.11,62.16,0,0
2014-05-09,62.23,64.84,61.29,61.76,0,0
2014-05-14,68.76,71.01,67.54,69.03,0,0
2014-05-15,70.00,75.93,69.34,71.59,0,0
2014-05-16,70.58,72.42,68.34,68.72,0,0
2014-05-19,70.75,70.93,67.25,67.58,0,0
2014-05-20,66.56,71.04,66.45,68.77,0,0
2014-05-21,67.83,68.91,65.40,66.56,0,0
2014-05-22,66.64,68.51,65.68,68.06,0,0
2014-05-23,68.08,68.31,66.25,66.86,0,0
2014-05-27,66.76,67.00,64.93,64.95,0,0
2014-05-28,64.88,67.83,64.56,67.37,0,0
2014-05-29,66.15,68.03,65.37,66.93,0,0
2014-05-30,67.50,69.40,67.42,67.95,0,0
2014-06-02,69.80,70.52,68.04,68.76,0,0
2014-06-03,69.01,70.25,68.04,68.19,0,0
2014-06-04,68.98,69.37,66.95,67.67,0,0
2014-06-05,66.70,67.95,64.91,65.47,0,0
2014-06-06,63.60,68.89,62.83,67.08,0,0
2014-06-09,68.62,72.06,67.98,70.88,0,0
2014-06-10,71.87,72.17,70.11,70.50,0,0
2014-06-11,73.38,75.63,72.98,74.20,0,0
2014-06-12,74.45,79.97,73.22,79.97,0,0
2014-06-13,78.13,83.80,77.80,79.81,0,0
2014-06-16,81.90,83.93,80.31,81.50,0,0
2014-06-17,81.64,82.15,75.95,78.41,0,0
2014-06-18,77.67,77.67,71.27,71.76,0,0
2014-06-19,70.29,75.01,69.64,73.41,0,0
2014-06-20,71.97,73.33,70.44,73.33,0,0
2014-06-23,73.28,74.44,72.01,72.58,0,0
2014-06-24,74.05,76.92,72.11,75.23,0,0
2014-06-25,76.84,77.14,71.81,72.31,0,0
2014-06-26,70.83,75.36,70.83,72.86,0,0
2014-06-27,73.61,73.95,72.48,72.72,0,0
2014-06-30,73.77,73.88,70.81,71.56,0,0
2014-07-01,70.98,71.65,68.64,69.28,0,0
2014-07-02,69.20,69.78,67.31,68.15,0,0
2014-07-03,66.91,68.64,66.52,68.34,0,0
2014-07-07,70.45,72.52,70.34,71.66,0,0
2014-07-08,72.05,74.95,72.05,73.20,0,0
2014-07-09,75.61,78.93,75.13,76.28,0,0
2014-07-10,83.27,83.27,77.90,82.14,0,0
2014-07-11,80.61,82.24,79.20,79.91,0,0
2014-07-14,78.34,79.05,76.15,77.29,0,0
2014-07-15,76.05,81.42,75.54,78.92,0,0
2014-07-16,76.54,78.65,74.94,75.81,0,0
2014-07-17,75.95,93.32,74.28,89.96,0,0
2014-07-18,86.55,87.01,78.23,80.37,0,0
2014-07-21,81.09,84.08,80.58,81.41,0,0
2014-07-22,78.44,79.19,75.15,75.22,0,0
2014-07-23,75.09,77.70,73.93,76.64,0,0
2014-07-24,75.48,78.01,75.48,77.66,0,0
2014-07-25,78.84,81.41,78.58,81.08,0,0
2014-07-28,81.70,84.40,80.94,81.20,0,0
2014-07-29,80.76,82.19,78.44,81.72,0,0
2014-07-30,79.36,85.15,79.33,83.58,0,0
2014-07-31,86.74,97.94,86.36,97.42,0,0
2014-08-01,96.11,105.23,91.89,101.11,0,0
2014-08-04,99.75,100.30,90.69,93.12,0,0
2014-08-05,94.07000,101.56000,92.48000,98.32000,0,0
2014-08-06,100.42000,100.42000,93.01000,96.38000,0,0
2014-08-07,92.83000,99.11000,90.75000,97.40000,0,0
2014-08-08,96.77000,97.54000,89.90000,91.84000,0,0
2014-08-11,90.50000,90.69000,85.46000,87.54000,0,0
2014-08-12,87.48000,88.36000,85.86000,85.98000,0,0
2014-08-13,86.68000,87.38000,80.81000,81.27000,0,0
2014-08-14,80.88000,80.88000,78.03000,78.48000,0,0
2014-08-15,76.64000,89.06000,76.06000,82.20000,0,0
2014-08-18,81.19000,83.05000,80.69000,81.02000,0,0
2014-08-19,80.81000,80.95000,78.98000,80.84000,0,0
2014-08-20,81.64000,82.43000,79.89000,79.90000,0,0
2014-08-21,79.83000,81.79000,79.37000,79.61000,0,0
2014-08-22,79.56000,82.41000,79.22000,79.58000,0,0
2014-08-25,80.34000,80.77000,78.98000,79.33000,0,0
2014-08-26,79.70000,79.89000,78.56000,79.39000,0,0
2014-08-27,79.26000,80.09000,78.56000,78.84000,0,0
2014-08-28,81.26000,82.10000,80.23000,80.53000,0,0
2014-08-29,79.79000,81.99000,79.79000,81.11000,0,0
2014-09-02,82.71000,83.62000,81.93000,82.41000,0,0
2014-09-03,80.80000,81.43000,79.81000,80.77000,0,0
2014-09-04,79.58000,81.37000,77.66000,79.98000,0,0
2014-09-05,78.84000,80.86000,77.11000,77.33000,0,0
2014-09-08,79.30000,79.36000,77.52000,77.84000,0,0
2014-09-09,77.67000,80.34000,77.52000,79.30000,0,0
2014-09-10,81.88000,85.33000,80.87000,82.12000,0,0
2014-09-11,84.06000,85.43000,82.38000,83.10000,0,0
2014-09-12,82.75000,90.11000,82.40000,89.25000,0,0
2014-09-15,89.70000,93.68000,88.77000,91.58000,0,0
2014-09-16,92.67000,93.08000,83.06000,84.52000,0,0
2014-09-17,84.48000,84.48000,78.22000,81.52000,0,0
2014-09-18,80.34000,80.72000,77.13000,77.47000,0,0
2014-09-19,76.17000,79.15000,75.37000,77.70000,0,0
2014-09-22,80.94000,87.82000,80.78000,87.41000,0,0
2014-09-23,88.61000,92.45000,86.48000,91.90000,0,0
2014-09-24,89.85000,90.92000,85.64000,86.21000,0,0
2014-09-25,87.58000,99.76000,87.58000,96.72000,0,0
2014-09-26,95.81000,96.58000,88.34000,90.63000,0,0
2014-09-29,97.77000,98.11000,93.00000,95.02000,0,0
2014-09-30,94.16000,95.56000,90.57000,92.47000,0,0
2014-10-01,92.07000,106.77000,92.07000,98.12000,0,0
2014-10-02,96.03000,98.83000,92.50000,93.75000,0,0
2014-10-03,90.22000,90.72000,87.70000,87.77000,0,0
2014-10-06,87.58000,89.85000,84.33000,88.73000,0,0
2014-10-07,91.02000,99.20000,90.96000,99.20000,0,0
2014-10-08,98.75000,100.23000,88.68000,89.08000,0,0
2014-10-09,90.22000,103.46000,89.64000,102.13000,0,0
2014-10-10,102.36000,113.85000,99.85000,113.38000,0,0
2014-10-13,113.11000,132.21000,112.47000,131.57000,0,0
2014-10-14,126.46000,127.62000,114.49000,120.61000,0,0
2014-10-15,133.96000,142.58000,122.06000,129.01000,0,0
2014-10-16,133.08000,133.08000,116.46000,121.94000,0,0
2014-10-17,114.48000,121.19000,110.40000,118.84000,0,0
2014-10-20,118.20000,119.05000,108.83000,108.83000,0,0
2014-10-21,105.31000,105.71000,101.34000,104.09000,0,0
2014-10-22,103.59000,111.51000,99.67000,108.82000,0,0
2014-10-23,103.28000,104.72000,98.63000,102.05000,0,0
2014-10-24,102.25000,109.48000,100.25000,104.38000,0,0
2014-10-27,108.03000,109.31000,99.90000,100.75000,0,0
2014-10-28,99.27000,99.63000,95.89000,95.89000,0,0
2014-10-29,96.36000,102.67000,95.48000,99.34000,0,0
2014-10-30,99.81000,101.46000,96.02000,98.52000,0,0
2014-10-31,94.19000,96.49000,93.96000,94.10000,0,0
2014-11-03,94.54000,94.92000,91.77000,93.19000,0,0
2014-11-04,93.53000,96.45000,91.96000,92.44000,0,0
2014-11-05,89.59000,91.45000,86.78000,87.08000,0,0
2014-11-06,87.13000,89.12000,83.42000,83.42000,0,0
2014-11-07,83.94000,84.52000,80.44000,80.44000,0,0
2014-11-10,82.11000,82.18000,78.37000,79.70000,0,0
2014-11-11,79.34000,82.25000,78.98000,79.79000,0,0
2014-11-12,84.18000,85.26000,81.89000,83.10000,0,0
2014-11-13,83.32000,89.07000,82.59000,86.29000,0,0
2014-11-14,85.49000,87.93000,84.96000,85.58000,0,0
2014-11-17,88.28000,88.28000,84.37000,84.79000,0,0
2014-11-18,83.86000,84.07000,80.13000,82.60000,0,0
2014-11-19,82.81000,85.22000,79.80000,81.06000,0,0
2014-11-20,82.22000,82.22000,79.14000,79.14000,0,0
2014-11-21,77.25000,80.48000,76.90000,79.34000,0,0
2014-11-24,79.81000,80.26000,78.76000,79.25000,0,0
2014-11-25,79.06000,80.05000,77.79000,77.93000,0,0
2014-11-26,77.68000,78.56000,76.45000,77.04000,0,0
2014-11-28,78.34000,80.09000,77.75000,79.84000,0,0
2014-12-01,82.51000,87.53000,82.41000,86.84000,0,0
2014-12-02,85.22000,86.19000,83.45000,83.47000,0,0
2014-12-03,82.81000,86.45000,82.80000,86.45000,0,0
2014-12-04,86.42000,88.06000,85.13000,85.17000,0,0
2014-12-05,84.68000,85.83000,83.89000,85.41000,0,0
2014-12-08,89.11000,94.66000,86.03000,94.45000,0,0
2014-12-09,98.01000,101.91000,95.39000,97.13000,0,0
2014-12-10,104.65000,118.09000,103.74000,117.32000,0,0
2014-12-11,114.17000,132.40000,104.71000,132.40000,0,0
2014-12-12,132.44000,141.66000,128.01000,138.60000,0,0
2014-12-15,134.02000,141.22000,127.48000,128.22000,0,0
2014-12-16,132.97000,134.50000,120.04000,132.94000,0,0
2014-12-17,131.46000,132.03000,111.95000,114.37000,0,0
2014-12-18,109.14000,110.29000,103.77000,107.24000,0,0
2014-12-19,106.46000,108.12000,99.17000,99.17000,0,0
2014-12-22,99.71000,100.87000,97.51000,99.69000,0,0
2014-12-23,96.80000,99.99000,94.67000,94.73000,0,0
2014-12-24,94.87000,96.07000,93.56000,95.29000,0,0
2014-12-26,94.34000,94.90000,92.25000,92.28000,0,0
2014-12-29,96.47000,97.01000,93.86000,94.86000,0,0
2014-12-30,96.32000,98.39000,95.36000,97.84000,0,0
2014-12-31,97.30000,115.53000,96.93000,113.08000,0,0
2015-01-02,109.56000,119.82000,107.04000,112.55000,0,0
2015-01-05,115.48000,125.12000,115.35000,121.87000,0,0
2015-01-06,120.69000,125.68000,114.10000,118.45000,0,0
2015-01-07,113.31000,113.33000,107.46000,107.69000,0,0
2015-01-08,103.80000,103.80000,98.18000,98.44000,0,0
2015-01-09,97.92000,103.85000,97.92000,103.77000,0,0
2015-01-12,105.55000,111.45000,105.55000,109.04000,0,0
2015-01-13,105.79000,111.91000,102.67000,109.22000,0,0
2015-01-14,118.22000,119.55000,113.41000,113.50000,0,0
2015-01-15,113.26000,117.55000,111.58000,117.07000,0,0
2015-01-16,116.01000,117.35000,111.32000,111.32000,0,0
2015-01-20,111.04000,113.55000,107.55000,108.40000,0,0
2015-01-21,109.59000,110.21000,98.57000,98.62000,0,0
2015-01-22,96.89000,99.03000,92.92000,93.25000,0,0
2015-01-23,94.56000,98.55000,93.54000,96.33000,0,0
2015-01-26,96.70000,97.74000,91.85000,91.94000,0,0
2015-01-27,97.81000,100.11000,96.02000,96.11000,0,0
2015-01-28,96.02000,109.11000,95.15000,108.68000,0,0
2015-01-29,106.55000,109.99000,100.70000,100.70000,0,0
2015-01-30,104.66000,111.52000,102.69000,108.99000,0,0
2015-02-02,108.24000,113.57000,106.47000,106.74000,0,0
2015-02-03,105.22000,105.38000,100.92000,101.03000,0,0
2015-02-04,102.92000,103.80000,98.65000,103.74000,0,0
2015-02-05,101.44000,101.44000,97.67000,98.56000,0,0
2015-02-06,96.91000,104.79000,94.91000,101.69000,0,0
2015-02-09,107.21000,107.50000,104.19000,104.19000,0,0
2015-02-10,102.32000,103.10000,96.87000,97.33000,0,0
2015-02-11,102.15000,102.31000,98.73000,98.73000,0,0
2015-02-12,97.70000,98.21000,92.31000,93.24000,0,0
2015-02-13,93.22000,95.09000,91.90000,92.74000,0,0
2015-02-17,95.21000,95.36000,92.26000,92.95000,0,0
2015-02-18,94.21000,95.06000,88.68000,89.38000,0,0
2015-02-19,90.20000,90.43000,86.64000,87.60000,0,0
2015-02-20,88.86000,89.65000,85.36000,85.78000,0,0
2015-02-23,87.87000,88.50000,85.25000,86.13000,0,0
2015-02-24,85.43000,85.62000,80.88000,82.65000,0,0
2015-02-25,83.27000,88.22000,81.73000,86.57000,0,0
2015-02-26,85.97000,89.62000,84.66000,86.93000,0,0
2015-02-27,87.37000,87.67000,84.47000,85.23000,0,0
2015-03-02,87.47000,87.52000,81.83000,81.84000,0,0
2015-03-03,82.63000,86.62000,82.07000,85.05000,0,0
2015-03-04,86.52000,89.50000,84.03000,84.10000,0,0
2015-03-05,84.30000,84.41000,81.06000,81.26000,0,0
2015-03-06,82.73000,88.32000,81.20000,86.88000,0,0
2015-03-09,88.75000,88.92000,85.08000,85.55000,0,0
2015-03-10,89.46000,92.40000,88.73000,91.89000,0,0
2015-03-11,93.98000,97.61000,93.89000,97.28000,0,0
2015-03-12,94.63000,95.00000,88.78000,89.48000,0,0
2015-03-13,89.46000,96.02000,88.50000,93.12000,0,0
2015-03-16,92.24000,93.04000,89.64000,90.54000,0,0
2015-03-17,91.10000,91.25000,86.82000,88.25000,0,0
2015-03-18,88.64000,89.65000,80.23000,81.22000,0,0
2015-03-19,82.55000,83.43000,80.33000,81.61000,0,0
2015-03-20,79.48000,80.86000,77.70000,80.48000,0,0
2015-03-23,81.05000,81.41000,78.37000,79.98000,0,0
2015-03-24,78.81000,80.68000,77.03000,80.04000,0,0
2015-03-25,78.76000,84.43000,78.75000,83.52000,0,0
2015-03-26,87.11000,88.65000,82.86000,87.03000,0,0
2015-03-27,86.88000,88.05000,86.22000,86.50000,0,0
2015-03-30,85.72000,85.78000,81.81000,82.16000,0,0
2015-03-31,82.67000,84.38000,81.50000,84.01000,0,0
2015-04-01,84.18000,87.79000,82.76000,82.82000,0,0
2015-04-02,82.39000,83.08000,80.03000,80.20000,0,0
2015-04-06,83.87000,83.95000,79.90000,80.30000,0,0
2015-04-07,80.33000,80.33000,78.98000,79.70000,0,0
2015-04-08,85.73000,86.49000,83.70000,84.76000,0,0
2015-04-09,84.20000,86.00000,80.59000,80.70000,0,0
2015-04-10,80.14000,80.66000,78.26000,78.91000,0,0
2015-04-13,79.18000,85.78000,78.94000,83.80000,0,0
2015-04-14,83.47000,85.15000,81.23000,81.91000,0,0
2015-04-15,81.68000,82.10000,79.48000,79.83000,0,0
2015-04-16,80.23000,81.19000,78.70000,79.78000,0,0
2015-04-17,82.85000,89.00000,82.27000,85.97000,0,0
2015-04-20,84.44000,84.44000,79.67000,81.48000,0,0
2015-04-21,80.67000,82.83000,79.81000,81.29000,0,0
2015-04-22,81.25000,83.04000,79.56000,79.70000,0,0
2015-04-23,80.56000,80.59000,77.61000,78.17000,0,0
2015-04-24,78.00000,78.93000,76.20000,76.43000,0,0
2015-04-27,76.51000,82.26000,76.48000,81.22000,0,0
2015-04-28,82.07000,85.42000,77.63000,77.68000,0,0
2015-04-29,80.30000,84.81000,79.44000,82.27000,0,0
2015-04-30,83.08000,88.55000,82.20000,87.08000,0,0
2015-05-01,84.54000,85.04000,79.56000,79.64000,0,0
2015-05-04,80.79000,81.18000,78.56000,78.56000,0,0
2015-05-05,80.36000,84.75000,80.06000,84.45000,0,0
2015-05-06,82.20000,95.72000,82.20000,90.80000,0,0
2015-05-07,90.45000,93.70000,89.18000,89.21000,0,0
2015-05-08,83.92000,84.36000,78.62000,79.44000,0,0
2015-05-11,80.94000,83.11000,78.23000,83.11000,0,0
2015-05-12,84.37000,85.81000,82.47000,84.64000,0,0
2015-05-13,86.52000,87.56000,84.09000,84.45000,0,0
2015-05-14,83.39000,83.86000,80.17000,82.34000,0,0
2015-05-15,81.37000,83.28000,80.83000,80.93000,0,0
2015-05-18,82.29000,82.36000,80.59000,82.06000,0,0
2015-05-19,81.45000,82.91000,77.11000,77.53000,0,0
2015-05-20,77.83000,79.83000,75.34000,77.03000,0,0
2015-05-21,77.72000,77.94000,72.62000,73.18000,0,0
2015-05-22,73.06000,76.41000,72.20000,75.98000,0,0
2015-05-26,78.31000,84.14000,77.76000,81.94000,0,0
2015-05-27,80.86000,81.58000,76.89000,77.79000,0,0
2015-05-28,78.83000,80.20000,77.34000,77.34000,0,0
2015-05-29,78.94000,80.62000,77.38000,79.06000,0,0
2015-06-01,79.01000,80.79000,78.12000,78.89000,0,0
2015-06-02,80.47000,81.72000,78.45000,80.61000,0,0
2015-06-03,79.42000,80.51000,78.36000,79.27000,0,0
2015-06-04,80.66000,89.61000,80.58000,87.99000,0,0
2015-06-05,87.85000,89.13000,83.56000,84.10000,0,0
2015-06-08,85.67000,87.33000,85.29000,86.50000,0,0
2015-06-09,86.24000,87.24000,83.55000,84.34000,0,0
2015-06-10,88.33000,88.41000,81.09000,81.59000,0,0
2015-06-11,81.04000,81.37000,77.81000,79.53000,0,0
2015-06-12,80.53000,88.08000,80.03000,85.55000,0,0
2015-06-15,90.32000,97.70000,90.32000,96.12000,0,0
2015-06-16,95.65000,97.42000,94.12000,95.96000,0,0
2015-06-17,94.67000,96.64000,91.13000,93.19000,0,0
2015-06-18,91.44000,91.81000,88.11000,89.20000,0,0
2015-06-19,89.83000,92.98000,88.70000,92.16000,0,0
2015-06-22,89.27000,89.27000,83.22000,83.87000,0,0
2015-06-23,82.57000,84.58000,78.84000,78.84000,0,0
2015-06-24,80.37000,83.26000,78.45000,82.53000,0,0
2015-06-25,80.73000,83.95000,79.06000,83.51000,0,0
2015-06-26,81.51000,85.60000,81.51000,83.09000,0,0
2015-06-29,92.39000,117.60000,91.21000,117.00000,0,0
2015-06-30,108.60000,117.84000,107.87000,110.17000,0,0
2015-07-01,101.10000,105.29000,97.14000,97.60000,0,0
2015-07-02,97.33000,111.79000,97.17000,105.14000,0,0
2015-07-06,110.62000,112.42000,104.57000,105.97000,0,0
2015-07-07,106.85000,114.01000,99.07000,99.35000,0,0
2015-07-08,104.86000,112.26000,104.02000,111.67000,0,0
2015-07-09,106.31000,115.36000,104.67000,115.36000,0,0
2015-07-10,106.85000,109.83000,100.68000,101.19000,0,0
2015-07-13,96.03000,96.11000,85.89000,85.95000,0,0
2015-07-14,86.20000,87.45000,83.91000,87.35000,0,0
2015-07-15,90.13000,93.29000,88.62000,90.81000,0,0
2015-07-16,87.48000,88.25000,84.65000,87.12000,0,0
2015-07-17,86.48000,87.43000,84.91000,85.32000,0,0
2015-07-20,85.74000,86.07000,83.59000,84.38000,0,0
2015-07-21,84.93000,85.71000,82.43000,82.56000,0,0
2015-07-22,84.61000,84.65000,78.22000,78.89000,0,0
2015-07-23,79.23000,84.18000,78.52000,81.64000,0,0
2015-07-24,82.03000,91.86000,82.03000,88.36000,0,0
2015-07-27,94.44000,100.12000,93.78000,97.32000,0,0
2015-07-28,92.35000,95.37000,83.52000,84.77000,0,0
2015-07-29,84.42000,84.68000,82.51000,82.94000,0,0
2015-07-30,83.93000,87.02000,80.51000,80.65000,0,0
2015-07-31,81.70000,82.85000,80.12000,81.77000,0,0
2015-08-03,83.67000,84.57000,78.98000,79.43000,0,0
2015-08-04,80.05000,81.78000,78.94000,80.81000,0,0
2015-08-05,79.01000,80.39000,77.16000,80.09000,0,0
2015-08-06,79.39000,87.28000,79.20000,84.36000,0,0
2015-08-07,83.98000,86.78000,82.36000,82.57000,0,0
2015-08-10,81.81000,81.90000,79.51000,80.20000,0,0
2015-08-11,85.65000,86.87000,83.14000,85.22000,0,0
2015-08-12,94.06000,100.68000,87.89000,88.13000,0,0
2015-08-13,87.36000,89.00000,85.22000,88.36000,0,0
2015-08-14,89.34000,90.68000,87.75000,89.38000,0,0
2015-08-17,91.39000,93.04000,87.07000,87.35000,0,0
2015-08-18,87.52000,89.24000,85.72000,88.84000,0,0
2015-08-19,89.85000,95.13000,85.88000,91.84000,0,0
2015-08-20,96.13000,108.84000,94.28000,108.75000,0,0
2015-08-21,113.27000,138.94000,111.68000,138.57000,0,0
2015-08-24,212.22000,212.22000,148.68000,168.75000,0,0
2015-08-25,146.76000,157.47000,141.69000,152.41000,0,0
2015-08-26,142.97000,147.88000,131.08000,134.31000,0,0
2015-08-27,128.69000,134.72000,121.77000,128.59000,0,0
2015-08-28,130.69000,131.93000,125.63000,127.18000,0,0
2015-08-31,128.27000,128.27000,122.20000,127.28000,0,0
2015-09-01,135.16000,135.30000,128.46000,128.94000,0,0
2015-09-02,125.62000,125.62000,113.96000,114.43000,0,0
2015-09-03,113.20000,118.63000,112.44000,118.16000,0,0
2015-09-04,121.15000,125.81000,120.31000,123.15000,0,0
2015-09-08,120.51000,120.73000,117.54000,117.62000,0,0
2015-09-09,128.74000,131.63000,127.78000,131.30000,0,0
2015-09-10,132.28000,132.90000,126.88000,127.06000,0,0
2015-09-11,126.29000,126.66000,118.99000,119.09000,0,0
2015-09-14,120.02000,120.19000,117.25000,118.01000,0,0
2015-09-15,116.69000,117.21000,109.34000,109.34000,0,0
2015-09-16,108.51000,112.77000,106.48000,107.02000,0,0
2015-09-17,108.45000,118.47000,93.90000,118.09000,0,0
2015-09-18,120.79000,120.83000,113.33000,116.26000,0,0
2015-09-21,115.02000,115.18000,103.40000,103.40000,0,0
2015-09-22,111.91000,116.67000,110.04000,111.36000,0,0
2015-09-23,110.47000,112.34000,104.63000,105.86000,0,0
2015-09-24,110.52000,116.29000,108.32000,110.12000,0,0
2015-09-25,105.88000,113.24000,104.98000,110.54000,0,0
2015-09-28,113.40000,117.60000,112.39000,115.31000,0,0
2015-09-29,113.94000,115.75000,110.63000,110.99000,0,0
2015-09-30,107.10000,107.17000,102.37000,103.28000,0,0
2015-10-01,102.63000,103.30000,98.27000,98.27000,0,0
2015-10-02,102.14000,102.62000,95.07000,95.07000,0,0
2015-10-05,94.84000,94.84000,90.86000,92.29000,0,0
2015-10-06,92.50000,93.83000,90.73000,92.46000,0,0
2015-10-07,91.03000,94.04000,89.33000,89.43000,0,0
2015-10-08,90.57000,90.82000,85.60000,88.42000,0,0
2015-10-09,88.14000,91.15000,87.35000,89.08000,0,0
2015-10-12,91.57000,92.37000,88.23000,88.27000,0,0
2015-10-13,92.19000,98.47000,90.51000,98.35000,0,0
2015-10-14,101.49000,103.75000,99.55000,102.29000,0,0
2015-10-15,100.95000,101.82000,96.56000,96.61000,0,0
2015-10-16,97.19000,100.89000,96.99000,97.58000,0,0
2015-10-19,99.17000,100.06000,94.00000,94.38000,0,0
2015-10-20,94.69000,97.74000,93.37000,97.11000,0,0
2015-10-21,94.97000,106.59000,91.70000,106.02000,0,0
2015-10-22,100.51000,101.43000,96.69000,97.07000,0,0
2015-10-23,95.69000,101.29000,94.87000,97.21000,0,0
2015-10-26,99.35000,99.56000,96.03000,98.10000,0,0
2015-10-27,98.08000,99.67000,94.70000,95.21000,0,0
2015-10-28,94.63000,96.08000,87.99000,88.28000,0,0
2015-10-29,89.96000,92.03000,88.26000,88.60000,0,0
2015-10-30,88.71000,90.28000,86.43000,90.27000,0,0
2015-11-02,93.32000,93.45000,85.46000,86.75000,0,0
2015-11-03,86.71000,87.75000,85.47000,87.34000,0,0
2015-11-04,86.80000,89.78000,86.28000,89.46000,0,0
2015-11-05,88.72000,91.21000,87.68000,87.68000,0,0
2015-11-06,88.08000,90.07000,85.03000,85.03000,0,0
2015-11-09,88.21000,93.86000,87.36000,92.97000,0,0
2015-11-10,92.49000,92.92000,86.27000,86.96000,0,0
2015-11-11,89.00000,91.64000,88.48000,91.25000,0,0
2015-11-12,93.54000,98.99000,92.25000,98.19000,0,0
2015-11-13,98.74000,107.63000,98.00000,106.06000,0,0
2015-11-16,106.00000,106.54000,96.71000,96.71000,0,0
2015-11-17,96.84000,103.56000,95.03000,100.37000,0,0
2015-11-18,99.59000,100.15000,92.38000,93.47000,0,0
2015-11-19,93.84000,97.23000,93.14000,96.18000,0,0
2015-11-20,93.77000,93.89000,90.57000,90.79000,0,0
2015-11-23,92.53000,92.84000,88.27000,88.55000,0,0
2015-11-24,92.63000,93.27000,88.53000,89.64000,0,0
2015-11-25,89.24000,89.61000,86.14000,86.14000,0,0
2015-11-27,88.08000,89.42000,87.65000,88.35000,0,0
2015-11-30,89.37000,91.85000,89.27000,90.84000,0,0
2015-12-01,89.73000,90.33000,87.25000,87.32000,0,0
2015-12-02,87.81000,94.78000,86.30000,92.94000,0,0
2015-12-03,93.04000,106.91000,92.67000,101.80000,0,0
2015-12-04,99.17000,99.92000,88.69000,89.19000,0,0
2015-12-07,91.79000,98.35000,91.65000,94.30000,0,0
2015-12-08,99.72000,100.91000,97.26000,99.16000,0,0
2015-12-09,107.41000,116.47000,105.33000,113.83000,0,0
2015-12-10,113.07000,115.16000,110.04000,113.80000,0,0
2015-12-11,116.85000,131.86000,116.50000,131.09000,0,0
2015-12-14,128.86000,135.37000,120.69000,122.22000,0,0
2015-12-15,116.97000,117.70000,112.97000,114.37000,0,0
2015-12-16,110.95000,115.88000,104.60000,108.93000,0,0
2015-12-17,108.42000,114.89000,107.71000,113.52000,0,0
2015-12-18,115.12000,120.09000,114.09000,118.32000,0,0
2015-12-21,113.63000,115.03000,109.22000,109.44000,0,0
2015-12-22,107.21000,108.82000,100.89000,100.91000,0,0
2015-12-23,100.21000,102.78000,98.51000,99.61000,0,0
2015-12-24,100.06000,100.52000,98.30000,99.88000,0,0
2015-12-28,102.62000,103.88000,99.24000,99.24000,0,0
2015-12-29,97.58000,97.75000,94.85000,95.13000,0,0
2015-12-30,96.75000,100.82000,96.75000,100.82000,0,0
2015-12-31,101.10000,102.44000,98.48000,100.20000,0,0
2016-01-04,110.08000,115.06000,107.69000,107.69000,0,0
2016-01-05,106.54000,107.34000,101.04000,101.84000,0,0
2016-01-06,108.47000,108.68000,102.52000,103.06000,0,0
2016-01-07,110.97000,116.97000,106.55000,116.55000,0,0
2016-01-08,110.74000,116.62000,108.21000,116.46000,0,0
2016-01-11,114.27000,115.86000,108.30000,109.63000,0,0
2016-01-12,105.74000,109.48000,103.77000,104.52000,0,0
2016-01-13,106.12000,117.42000,104.63000,117.14000,0,0
2016-01-14,114.94000,118.02000,109.00000,110.07000,0,0
2016-01-15,119.39000,121.11000,115.15000,116.41000,0,0
2016-01-19,114.01000,117.31000,113.70000,113.76000,0,0
2016-01-20,118.51000,121.15000,111.61000,112.88000,0,0
2016-01-21,113.51000,114.69000,105.58000,108.38000,0,0
2016-01-22,105.68000,105.68000,98.22000,98.92000,0,0
2016-01-25,100.17000,103.25000,99.71000,102.88000,0,0
2016-01-26,101.63000,102.96000,98.03000,98.40000,0,0
2016-01-27,98.60000,101.15000,96.01000,100.04000,0,0
2016-01-28,97.82000,100.04000,95.40000,96.56000,0,0
2016-01-29,95.47000,95.47000,89.63000,89.95000,0,0
2016-02-01,92.58000,92.58000,89.32000,89.65000,0,0
2016-02-02,92.10000,98.73000,92.10000,97.60000,0,0
2016-02-03,97.26000,102.58000,97.09000,97.32000,0,0
2016-02-04,98.10000,99.04000,94.72000,95.22000,0,0
2016-02-05,95.36000,101.95000,94.32000,100.55000,0,0
2016-02-08,106.13000,109.79000,104.30000,104.53000,0,0
2016-02-09,107.59000,108.29000,102.82000,103.06000,0,0
2016-02-10,106.53000,107.02000,103.75000,106.19000,0,0
2016-02-11,114.19000,114.19000,106.13000,107.21000,0,0
2016-02-12,105.79000,106.75000,102.15000,103.25000,0,0
2016-02-16,101.69000,101.83000,93.21000,94.20000,0,0
2016-02-17,92.77000,93.42000,88.48000,88.96000,0,0
2016-02-18,88.15000,88.71000,84.58000,87.53000,0,0
2016-02-19,88.39000,89.35000,85.49000,86.25000,0,0
2016-02-22,86.15000,86.90000,85.13000,86.19000,0,0
2016-02-23,87.02000,89.92000,86.32000,89.67000,0,0
2016-02-24,92.10000,93.16000,86.41000,86.74000,0,0
2016-02-25,86.12000,87.48000,83.42000,83.51000,0,0
2016-02-26,83.28000,83.92000,81.76000,83.72000,0,0
2016-02-29,85.80000,85.86000,81.72000,85.06000,0,0
2016-03-01,84.05000,84.40000,79.39000,79.45000,0,0
2016-03-02,81.01000,82.18000,78.51000,78.84000,0,0
2016-03-03,79.27000,79.68000,77.29000,79.41000,0,0
2016-03-04,78.95000,82.04000,78.39000,81.97000,0,0
2016-03-07,84.41000,84.54000,81.70000,82.30000,0,0
2016-03-08,83.87000,87.86000,83.63000,87.46000,0,0
2016-03-09,94.23000,95.76000,92.06000,92.86000,0,0
2016-03-10,92.33000,99.81000,89.74000,94.77000,0,0
2016-03-11,92.80000,93.73000,90.36000,92.35000,0,0
2016-03-14,92.80000,93.76000,88.37000,89.74000,0,0
2016-03-15,91.91000,91.91000,88.29000,90.34000,0,0
2016-03-16,90.75000,91.21000,84.08000,84.37000,0,0
2016-03-17,85.41000,85.41000,81.63000,84.71000,0,0
2016-03-18,83.44000,86.20000,81.45000,86.20000,0,0
2016-03-21,86.79000,90.28000,85.59000,87.78000,0,0
2016-03-22,87.89000,88.78000,84.43000,85.04000,0,0
2016-03-23,86.35000,86.88000,83.95000,86.06000,0,0
2016-03-24,88.38000,89.19000,83.70000,84.20000,0,0
2016-03-28,86.72000,88.13000,82.17000,83.29000,0,0
2016-03-29,84.09000,84.38000,80.61000,81.39000,0,0
2016-03-30,80.45000,82.08000,78.93000,80.33000,0,0
2016-03-31,81.33000,84.68000,80.45000,82.94000,0,0
2016-04-01,85.09000,86.17000,81.23000,81.56000,0,0
2016-04-04,83.84000,85.26000,82.79000,84.43000,0,0
2016-04-05,87.50000,89.59000,86.96000,89.11000,0,0
2016-04-06,88.59000,89.41000,85.38000,85.59000,0,0
2016-04-07,87.20000,94.97000,86.55000,92.74000,0,0
2016-04-08,90.06000,90.54000,87.85000,89.73000,0,0
2016-04-11,89.95000,93.08000,88.54000,92.81000,0,0
2016-04-12,91.76000,93.81000,89.57000,89.78000,0,0
2016-04-13,91.05000,91.50000,87.82000,87.89000,0,0
2016-04-14,87.90000,89.16000,86.29000,87.92000,0,0
2016-04-15,88.70000,92.25000,87.77000,90.27000,0,0
2016-04-18,92.23000,92.23000,86.29000,86.57000,0,0
2016-04-19,86.69000,88.68000,84.88000,86.98000,0,0
2016-04-20,85.15000,88.45000,84.10000,87.97000,0,0
2016-04-21,88.31000,88.99000,86.21000,87.07000,0,0
2016-04-22,87.76000,87.76000,83.69000,84.10000,0,0
2016-04-25,86.60000,87.51000,85.62000,85.77000,0,0
2016-04-26,85.39000,86.12000,84.02000,84.51000,0,0
2016-04-27,85.56000,87.47000,83.08000,83.10000,0,0
2016-04-28,84.91000,88.24000,81.42000,87.36000,0,0
2016-04-29,87.71000,95.72000,86.93000,91.68000,0,0
2016-05-02,92.25000,92.50000,88.20000,89.49000,0,0
2016-05-03,91.73000,94.27000,91.22000,91.66000,0,0
2016-05-04,92.50000,94.44000,91.79000,91.86000,0,0
2016-05-05,91.53000,93.70000,90.49000,91.58000,0,0
2016-05-06,92.32000,92.32000,88.55000,88.86000,0,0
2016-05-09,90.72000,90.94000,86.08000,86.42000,0,0
2016-05-10,85.74000,86.47000,84.48000,85.92000,0,0
2016-05-11,88.55000,91.53000,88.20000,91.53000,0,0
2016-05-12,90.51000,93.89000,89.75000,91.25000,0,0
2016-05-13,90.96000,94.13000,88.95000,94.00000,0,0
2016-05-16,94.01000,94.49000,90.02000,90.61000,0,0
2016-05-17,91.04000,93.23000,89.68000,91.76000,0,0
2016-05-18,91.81000,92.05000,85.38000,89.99000,0,0
2016-05-19,90.77000,94.70000,89.14000,90.46000,0,0
2016-05-20,89.79000,89.79000,84.52000,85.46000,0,0
2016-05-23,86.95000,87.00000,83.52000,84.12000,0,0
2016-05-24,83.98000,84.08000,79.23000,79.48000,0,0
2016-05-25,78.70000,79.56000,77.23000,78.54000,0,0
2016-05-26,78.58000,78.86000,77.30000,77.48000,0,0
2016-05-27,77.95000,78.87000,76.17000,76.17000,0,0
2016-05-31,79.81000,82.41000,79.30000,79.43000,0,0
2016-06-01,79.98000,81.47000,78.70000,78.93000,0,0
2016-06-02,80.23000,80.84000,78.81000,79.54000,0,0
2016-06-03,80.62000,82.21000,78.34000,79.08000,0,0
2016-06-06,81.26000,82.18000,80.34000,80.70000,0,0
2016-06-07,80.54000,82.82000,79.41000,82.30000,0,0
2016-06-08,86.10000,88.80000,85.09000,86.61000,0,0
2016-06-09,87.38000,91.33000,87.29000,89.98000,0,0
2016-06-10,93.12000,103.88000,92.04000,103.78000,0,0
2016-06-13,104.80000,125.34000,104.80000,124.56000,0,0
2016-06-14,123.96000,125.26000,114.97000,116.44000,0,0
2016-06-15,114.69000,116.16000,111.23000,114.23000,0,0
2016-06-16,116.40000,123.24000,114.76000,115.47000,0,0
2016-06-17,115.63000,116.57000,111.69000,115.72000,0,0
2016-06-20,109.71000,112.88000,105.61000,112.40000,0,0
2016-06-21,110.27000,116.22000,109.96000,113.46000,0,0
2016-06-22,112.83000,130.44000,111.74000,122.94000,0,0
2016-06-23,114.80000,115.10000,104.71000,104.71000,0,0
2016-06-24,131.94000,132.41000,114.79000,125.13000,0,0
2016-06-27,124.74000,124.80000,113.31000,115.60000,0,0
2016-06-28,108.66000,110.74000,106.22000,108.00000,0,0
2016-06-29,104.96000,104.96000,98.13000,98.60000,0,0
2016-06-30,99.02000,99.66000,94.06000,94.23000,0,0
2016-07-01,95.20000,95.33000,89.49000,91.70000,0,0
2016-07-05,94.51000,96.16000,91.35000,91.85000,0,0
2016-07-06,94.22000,94.62000,89.23000,89.24000,0,0
2016-07-07,89.08000,93.31000,86.86000,89.50000,0,0
2016-07-08,86.95000,87.70000,84.09000,84.72000,0,0
2016-07-11,84.86000,85.37000,83.42000,84.78000,0,0
2016-07-12,83.08000,87.08000,82.62000,84.98000,0,0
2016-07-13,86.83000,88.49000,83.62000,84.18000,0,0
2016-07-14,82.80000,86.93000,81.45000,86.03000,0,0
2016-07-15,86.05000,91.01000,84.74000,89.04000,0,0
2016-07-18,89.88000,90.50000,86.43000,87.20000,0,0
2016-07-19,87.10000,91.79000,86.12000,89.03000,0,0
2016-07-20,87.91000,89.36000,87.05000,87.09000,0,0
2016-07-21,88.20000,96.00000,87.39000,92.84000,0,0
2016-07-22,91.72000,92.07000,87.66000,89.51000,0,0
2016-07-25,90.61000,95.30000,90.13000,91.95000,0,0
2016-07-26,91.64000,93.53000,90.45000,91.44000,0,0
2016-07-27,90.37000,94.61000,89.41000,91.23000,0,0
2016-07-28,90.87000,92.19000,89.33000,89.81000,0,0
2016-07-29,90.27000,91.64000,88.15000,90.84000,0,0
2016-08-01,92.39000,93.71000,89.59000,90.68000,0,0
2016-08-02,91.91000,96.75000,91.60000,93.89000,0,0
2016-08-03,93.82000,94.70000,88.45000,88.59000,0,0
2016-08-04,88.91000,89.24000,87.58000,88.14000,0,0
2016-08-05,86.48000,86.60000,83.92000,85.23000,0,0
2016-08-08,87.47000,87.47000,84.24000,84.50000,0,0
2016-08-09,82.90000,88.04000,82.41000,86.65000,0,0
2016-08-10,87.03000,91.34000,86.08000,89.40000,0,0
2016-08-11,93.70000,97.36000,91.88000,97.36000,0,0
2016-08-12,96.44000,97.98000,93.75000,94.49000,0,0
2016-08-15,94.35000,94.64000,90.83000,91.67000,0,0
2016-08-16,93.30000,95.27000,90.72000,91.86000,0,0
2016-08-17,90.73000,92.95000,84.28000,84.84000,0,0
2016-08-18,85.67000,86.78000,81.73000,82.83000,0,0
2016-08-19,84.03000,84.80000,80.91000,82.44000,0,0
2016-08-22,85.39000,86.43000,82.24000,83.13000,0,0
2016-08-23,82.45000,83.59000,80.30000,83.45000,0,0
2016-08-24,83.37000,86.25000,81.83000,85.37000,0,0
2016-08-25,87.24000,87.24000,83.87000,85.43000,0,0
2016-08-26,85.77000,92.46000,80.60000,88.62000,0,0
2016-08-29,90.32000,90.34000,85.63000,85.83000,0,0
2016-08-30,86.23000,86.64000,84.22000,84.44000,0,0
2016-08-31,85.20000,89.27000,84.23000,84.87000,0,0
2016-09-01,84.73000,88.61000,83.96000,84.90000,0,0
2016-09-02,82.90000,82.90000,80.22000,81.35000,0,0
2016-09-06,84.33000,84.59000,81.97000,82.14000,0,0
2016-09-07,82.52000,84.24000,81.60000,83.08000,0,0
2016-09-08,84.22000,86.84000,83.81000,85.57000,0,0
2016-09-09,89.67000,110.67000,89.67000,110.02000,0,0
2016-09-12,110.18000,110.75000,98.37000,99.53000,0,0
2016-09-13,103.84000,116.01000,102.49000,110.02000,0,0
2016-09-14,112.34000,113.66000,105.96000,113.15000,0,0
2016-09-15,111.05000,111.48000,105.72000,109.27000,0,0
2016-09-16,109.48000,111.14000,102.08000,102.59000,0,0
2016-09-19,100.19000,103.27000,97.44000,101.58000,0,0
2016-09-20,99.78000,102.51000,99.78000,101.98000,0,0
2016-09-21,99.32000,101.23000,90.84000,92.59000,0,0
2016-09-22,88.41000,91.02000,87.54000,89.22000,0,0
2016-09-23,89.38000,90.73000,87.11000,90.40000,0,0
2016-09-26,94.84000,97.78000,94.72000,96.24000,0,0
2016-09-27,96.57000,96.65000,88.16000,88.94000,0,0
2016-09-28,88.02000,90.26000,87.09000,87.55000,0,0
2016-09-29,88.28000,100.50000,87.10000,93.78000,0,0
2016-09-30,92.78000,94.28000,90.70000,91.42000,0,0
2016-10-03,94.81000,95.56000,91.15000,91.51000,0,0
2016-10-04,91.35000,93.78000,89.88000,89.94000,0,0
2016-10-05,89.67000,90.77000,88.29000,89.88000,0,0
2016-10-06,90.90000,91.65000,89.85000,89.86000,0,0
2016-10-07,89.75000,92.46000,89.57000,90.86000,0,0
2016-10-10,92.40000,92.70000,89.18000,90.66000,0,0
2016-10-11,91.94000,98.55000,91.85000,95.43000,0,0
2016-10-12,101.41000,103.53000,99.41000,102.02000,0,0
2016-10-13,104.98000,108.31000,102.02000,103.40000,0,0
2016-10-14,100.89000,101.74000,98.14000,101.01000,0,0
2016-10-17,99.46000,101.11000,98.99000,99.34000,0,0
2016-10-18,97.20000,97.95000,95.75000,96.87000,0,0
2016-10-19,94.86000,95.61000,93.05000,93.90000,0,0
2016-10-20,94.12000,94.55000,89.61000,89.72000,0,0
2016-10-21,90.87000,92.47000,87.11000,87.34000,0,0
2016-10-24,86.47000,87.70000,85.36000,85.81000,0,0
2016-10-25,85.39000,87.25000,84.79000,86.23000,0,0
2016-10-26,88.23000,88.28000,85.11000,86.90000,0,0
2016-10-27,87.07000,91.41000,86.93000,91.21000,0,0
2016-10-28,90.53000,106.66000,87.85000,99.44000,0,0
2016-10-31,99.69000,103.64000,98.40000,102.82000,0,0
2016-11-01,102.41000,113.57000,102.30000,108.26000,0,0
2016-11-02,107.66000,112.39000,107.62000,112.39000,0,0
2016-11-03,110.56000,120.39000,110.13000,120.24000,0,0
2016-11-04,115.88000,120.92000,114.75000,120.23000,0,0
2016-11-07,110.08000,113.32000,106.60000,107.84000,0,0
2016-11-08,112.00000,114.56000,108.13000,108.67000,0,0
2016-11-09,113.42000,113.42000,95.67000,96.14000,0,0
2016-11-10,95.64000,107.24000,92.62000,102.67000,0,0
2016-11-11,105.40000,106.04000,97.22000,97.22000,0,0
2016-11-14,99.99000,101.29000,95.73000,98.22000,0,0
2016-11-15,98.21000,100.27000,91.38000,91.77000,0,0
2016-11-16,93.47000,94.14000,90.14000,92.45000,0,0
2016-11-17,91.98000,91.98000,86.85000,87.58000,0,0
2016-11-18,88.15000,88.15000,84.94000,86.40000,0,0
2016-11-21,86.00000,86.00000,79.78000,80.75000,0,0
2016-11-22,81.31000,84.83000,80.30000,83.40000,0,0
2016-11-23,83.09000,85.48000,82.08000,82.45000,0,0
2016-11-25,83.52000,84.26000,82.45000,82.65000,0,0
2016-11-28,85.29000,87.64000,84.85000,86.17000,0,0
2016-11-29,86.86000,87.73000,85.12000,86.28000,0,0
2016-11-30,85.38000,89.04000,84.99000,88.99000,0,0
2016-12-01,88.06000,99.39000,87.75000,97.79000,0,0
2016-12-02,99.06000,99.39000,94.94000,98.07000,0,0
2016-12-05,95.05000,95.67000,88.85000,88.88000,0,0
2016-12-06,87.93000,88.96000,87.11000,88.12000,0,0
2016-12-07,88.17000,89.11000,86.70000,89.11000,0,0
2016-12-08,89.52000,94.62000,88.93000,91.27000,0,0
2016-12-09,91.25000,91.52000,88.86000,89.40000,0,0
2016-12-12,91.53000,92.17000,90.78000,91.87000,0,0
2016-12-13,91.55000,93.87000,91.23000,93.32000,0,0
2016-12-14,95.60000,98.04000,93.50000,96.82000,0,0
2016-12-15,94.79000,95.98000,92.80000,93.08000,0,0
2016-12-16,92.69000,94.74000,92.27000,93.79000,0,0
2016-12-19,93.33000,93.84000,90.44000,90.51000,0,0
2016-12-20,89.43000,89.96000,87.62000,88.26000,0,0
2016-12-21,87.74000,88.97000,86.50000,87.97000,0,0
2016-12-22,88.16000,91.00000,87.56000,89.72000,0,0
2016-12-23,90.00000,90.00000,87.09000,87.64000,0,0
2016-12-27,90.21000,90.24000,86.21000,86.37000,0,0
2016-12-28,85.56000,89.40000,85.22000,89.17000,0,0
2016-12-29,89.11000,90.96000,87.75000,88.87000,0,0
2016-12-30,88.07000,92.51000,87.71000,91.60000,0,0
2017-01-03,90.16000,90.35000,85.12000,85.37000,0,0
2017-01-04,85.05000,85.05000,81.12000,82.27000,0,0
2017-01-05,83.07000,83.77000,81.26000,81.33000,0,0
2017-01-06,80.33000,81.36000,78.72000,80.59000,0,0
2017-01-09,83.71000,84.34000,82.16000,83.47000,0,0
2017-01-10,83.25000,86.71000,83.25000,86.36000,0,0
2017-01-11,89.48000,92.58000,86.51000,86.72000,0,0
2017-01-12,87.94000,94.46000,87.54000,90.44000,0,0
2017-01-13,89.59000,94.20000,89.13000,92.90000,0,0
2017-01-17,96.09000,96.57000,92.14000,92.39000,0,0
2017-01-18,92.00000,93.09000,85.62000,87.06000,0,0
2017-01-19,85.82000,88.42000,84.92000,86.84000,0,0
2017-01-20,86.80000,87.42000,83.35000,83.63000,0,0
2017-01-23,85.68000,87.90000,84.51000,84.51000,0,0
2017-01-24,83.76000,84.28000,78.47000,79.05000,0,0
2017-01-25,79.05000,79.28000,77.61000,78.66000,0,0
2017-01-26,79.57000,80.85000,79.08000,79.65000,0,0
2017-01-27,81.26000,84.38000,80.29000,83.63000,0,0
2017-01-30,86.84000,95.92000,86.84000,92.04000,0,0
2017-01-31,92.93000,94.94000,89.79000,89.83000,0,0
2017-02-01,87.84000,89.26000,86.39000,87.75000,0,0
2017-02-02,89.07000,90.01000,87.52000,89.73000,0,0
2017-02-03,88.43000,89.42000,87.57000,88.97000,0,0
2017-02-06,92.06000,92.33000,89.61000,90.02000,0,0
2017-02-07,89.80000,90.47000,89.32000,89.61000,0,0
2017-02-08,97.53000,99.40000,93.05000,94.58000,0,0
2017-02-09,93.66000,93.66000,88.35000,89.59000,0,0
2017-02-10,88.43000,88.75000,83.67000,85.77000,0,0
2017-02-13,85.92000,85.92000,80.11000,80.84000,0,0
2017-02-14,82.10000,82.54000,77.92000,78.35000,0,0
2017-02-15,79.40000,82.97000,77.77000,81.12000,0,0
2017-02-16,80.94000,88.19000,78.24000,79.66000,0,0
2017-02-17,82.00000,83.63000,79.15000,81.25000,0,0
2017-02-21,82.70000,83.14000,80.25000,82.45000,0,0
2017-02-22,83.58000,84.80000,81.26000,81.53000,0,0
2017-02-23,83.01000,86.67000,81.47000,82.20000,0,0
2017-02-24,87.71000,89.09000,82.18000,83.31000,0,0
2017-02-27,87.09000,87.91000,83.80000,85.69000,0,0
2017-02-28,86.03000,88.67000,85.97000,88.08000,0,0
2017-03-01,84.91000,85.02000,81.53000,84.03000,0,0
2017-03-02,84.75000,85.01000,81.48000,83.61000,0,0
2017-03-03,82.74000,82.93000,80.62000,81.19000,0,0
2017-03-06,84.07000,84.15000,80.69000,81.44000,0,0
2017-03-07,81.92000,82.35000,80.27000,81.43000,0,0
2017-03-08,81.34000,82.82000,80.13000,82.50000,0,0
2017-03-09,82.20000,84.10000,81.72000,83.64000,0,0
2017-03-10,82.11000,82.94000,80.07000,80.27000,0,0
2017-03-13,82.78000,82.91000,80.67000,81.57000,0,0
2017-03-14,82.82000,87.67000,82.21000,85.88000,0,0
2017-03-15,85.69000,85.83000,78.48000,80.76000,0,0
2017-03-16,80.06000,80.58000,75.61000,75.96000,0,0
2017-03-17,76.47000,78.66000,71.75000,78.66000,0,0
2017-03-20,79.87000,80.13000,75.78000,77.16000,0,0
2017-03-21,77.47000,84.68000,75.29000,83.02000,0,0
2017-03-22,85.29000,87.07000,82.50000,83.80000,0,0
2017-03-23,84.55000,88.93000,80.87000,88.93000,0,0
2017-03-24,87.07000,96.70000,83.20000,89.74000,0,0
2017-03-27,96.75000,97.78000,84.32000,84.86000,0,0
2017-03-28,84.80000,84.92000,78.49000,79.27000,0,0
2017-03-29,78.59000,79.46000,76.71000,78.26000,0,0
2017-03-30,79.01000,79.74000,77.22000,77.87000,0,0
2017-03-31,79.69000,79.69000,77.53000,78.31000,0,0
2017-04-03,81.46000,87.40000,81.03000,82.96000,0,0
2017-04-04,84.79000,84.84000,79.16000,79.67000,0,0
2017-04-05,78.78000,87.27000,76.99000,86.59000,0,0
2017-04-06,85.09000,85.97000,81.07000,83.91000,0,0
2017-04-07,86.28000,89.89000,84.94000,89.39000,0,0
2017-04-10,92.21000,97.90000,91.03000,97.90000,0,0
2017-04-11,99.98000,109.98000,99.47000,103.74000,0,0
2017-04-12,109.29000,114.62000,109.29000,111.53000,0,0
2017-04-13,112.05000,115.69000,109.79000,115.54000,0,0
2017-04-17,111.58000,111.83000,101.49000,101.49000,0,0
2017-04-18,102.59000,104.21000,99.28000,99.52000,0,0
2017-04-19,97.40000,98.98000,92.83000,97.89000,0,0
2017-04-20,96.50000,100.28000,92.64000,94.53000,0,0
2017-04-21,95.17000,100.55000,94.28000,95.41000,0,0
2017-04-24,85.33000,85.96000,77.59000,78.17000,0,0
2017-04-25,75.09000,77.34000,74.34000,75.64000,0,0
2017-04-26,76.44000,79.26000,75.70000,76.64000,0,0
2017-04-27,76.63000,77.84000,75.92000,76.66000,0,0
2017-04-28,76.96000,78.62000,76.50000,77.09000,0,0
2017-05-01,78.02000,78.64000,76.42000,78.33000,0,0
2017-05-02,78.34000,80.04000,77.95000,79.33000,0,0
2017-05-03,79.86000,81.39000,77.99000,78.77000,0,0
2017-05-04,78.20000,80.64000,77.37000,78.00000,0,0
2017-05-05,78.39000,81.23000,78.07000,80.65000,0,0
2017-05-08,81.67000,82.05000,79.65000,81.38000,0,0
2017-05-09,82.82000,83.92000,82.51000,83.63000,0,0
2017-05-10,87.83000,88.99000,85.97000,87.49000,0,0
2017-05-11,89.05000,92.40000,84.86000,86.51000,0,0
2017-05-12,87.05000,87.24000,80.90000,82.50000,0,0
2017-05-15,83.64000,83.98000,78.73000,79.53000,0,0
2017-05-16,79.41000,80.21000,76.06000,76.76000,0,0
2017-05-17,89.39000,112.57000,85.67000,111.48000,0,0
2017-05-18,113.31000,115.44000,99.85000,104.12000,0,0
2017-05-19,97.47000,97.66000,84.86000,87.21000,0,0
2017-05-22,87.44000,87.44000,82.95000,83.47000,0,0
2017-05-23,83.65000,84.20000,81.89000,84.19000,0,0
2017-05-24,82.55000,84.17000,81.03000,81.91000,0,0
2017-05-25,81.96000,83.47000,81.20000,82.20000,0,0
2017-05-26,82.49000,82.90000,80.84000,81.81000,0,0
2017-05-30,85.15000,85.77000,83.36000,84.30000,0,0
2017-05-31,83.44000,88.30000,83.20000,84.52000,0,0
2017-06-01,84.29000,85.07000,83.20000,83.83000,0,0
2017-06-02,84.44000,84.93000,82.65000,83.62000,0,0
2017-06-05,85.76000,86.18000,82.79000,86.08000,0,0
2017-06-06,87.54000,89.99000,86.76000,89.15000,0,0
2017-06-07,87.62000,91.30000,87.25000,88.22000,0,0
2017-06-08,87.42000,87.52000,83.02000,83.28000,0,0
2017-06-09,83.33000,91.61000,81.60000,87.41000,0,0
2017-06-12,90.12000,94.21000,89.44000,91.21000,0,0
2017-06-13,89.71000,89.75000,86.28000,86.66000,0,0
2017-06-14,87.40000,91.35000,87.30000,89.97000,0,0
2017-06-15,93.80000,94.19000,88.61000,89.95000,0,0
2017-06-16,90.15000,91.07000,86.84000,87.00000,0,0
2017-06-19,88.34000,88.42000,83.91000,85.27000,0,0
2017-06-20,87.61000,90.08000,86.20000,89.19000,0,0
2017-06-21,89.35000,90.15000,86.52000,88.07000,0,0
2017-06-22,87.33000,88.40000,84.41000,86.38000,0,0
2017-06-23,86.13000,86.87000,83.48000,84.52000,0,0
2017-06-26,84.54000,85.09000,81.93000,81.94000,0,0
2017-06-27,83.53000,88.07000,82.22000,87.30000,0,0
2017-06-28,85.68000,87.45000,83.59000,84.24000,0,0
2017-06-29,84.45000,105.28000,84.37000,93.78000,0,0
2017-06-30,92.14000,94.16000,88.76000,90.43000,0,0
2017-07-03,89.89000,93.31000,88.56000,93.31000,0,0
2017-07-05,90.46000,95.67000,90.32000,91.98000,0,0
2017-07-06,93.96000,101.39000,93.93000,100.21000,0,0
2017-07-07,97.22000,97.83000,92.13000,92.50000,0,0
2017-07-10,94.70000,94.83000,88.27000,89.69000,0,0
2017-07-11,89.46000,93.97000,87.73000,88.23000,0,0
2017-07-12,89.96000,89.96000,87.39000,88.19000,0,0
2017-07-13,87.79000,88.68000,84.91000,85.68000,0,0
2017-07-14,85.88000,85.88000,80.75000,82.20000,0,0
2017-07-17,81.78000,82.26000,80.00000,80.27000,0,0
2017-07-18,82.24000,83.56000,78.40000,79.14000,0,0
2017-07-19,78.46000,78.59000,75.56000,77.96000,0,0
2017-07-20,77.53000,78.27000,75.58000,76.26000,0,0
2017-07-21,76.93000,78.62000,76.35000,77.86000,0,0
2017-07-24,78.80000,79.92000,77.15000,78.24000,0,0
2017-07-25,77.46000,79.87000,76.81000,79.17000,0,0
2017-07-26,79.39000,82.53000,79.12000,82.34000,0,0
2017-07-27,80.76000,92.81000,80.53000,86.87000,0,0
2017-07-28,89.10000,91.99000,87.10000,87.20000,0,0
2017-07-31,89.08000,90.20000,86.57000,86.76000,0,0
2017-08-01,87.31000,87.57000,84.23000,84.55000,0,0
2017-08-02,84.11000,88.66000,83.39000,86.89000,0,0
2017-08-03,86.55000,88.33000,86.08000,87.66000,0,0
2017-08-04,86.51000,87.49000,85.71000,87.39000,0,0
2017-08-07,89.56000,91.20000,88.61000,90.01000,0,0
2017-08-08,89.73000,99.49000,87.63000,98.68000,0,0
2017-08-09,109.31000,113.44000,103.20000,106.77000,0,0
2017-08-10,113.92000,135.32000,113.61000,135.32000,0,0
2017-08-11,134.98000,135.27000,117.29000,127.43000,0,0
2017-08-14,115.58000,115.58000,99.81000,100.60000,0,0
2017-08-15,97.81000,101.27000,95.63000,96.71000,0,0
2017-08-16,97.54000,97.54000,93.69000,94.82000,0,0
2017-08-17,98.39000,120.76000,96.47000,117.77000,0,0
2017-08-18,114.77000,121.68000,107.34000,114.39000,0,0
2017-08-21,112.92000,113.87000,101.24000,101.39000,0,0
2017-08-22,96.98000,97.28000,92.10000,92.70000,0,0
2017-08-23,97.49000,99.83000,94.69000,98.96000,0,0
2017-08-24,98.00000,103.99000,97.32000,100.26000,0,0
2017-08-25,99.19000,99.28000,95.30000,95.53000,0,0
2017-08-28,97.85000,99.48000,96.12000,96.42000,0,0