DateTime,Qd4,Qd3,Qd2,Qd1,Qunch,Qu1,Qu2,Qu3,Qu4
2012-03-15,14.28,14.54,14.8,15.05,15.31,15.57,15.82,16.08,16.34
2012-03-16,14.37,14.63,14.89,15.16,15.42,15.68,15.95,16.21,16.47
2012-03-19,13.51,13.75,13.99,14.23,14.47,14.71,14.95,15.19,15.43
2012-03-20,14.03,14.28,14.54,14.79,15.04,15.29,15.54,15.8,16.05
2012-03-21,14.51,14.77,15.04,15.31,15.58,15.85,16.12,16.39,16.65
2012-03-22,14.13,14.38,14.63,14.88,15.13,15.38,15.63,15.88,16.13
2012-03-23,14.56,14.82,15.07,15.32,15.57,15.82,16.07,16.32,16.58
2012-03-26,13.9,14.13,14.36,14.59,14.82,15.05,15.28,15.51,15.74
2012-03-27,13.4,13.61,13.83,14.04,14.26,14.48,14.69,14.91,15.12
2012-03-28,14.6,14.84,15.09,15.34,15.59,15.84,16.09,16.34,16.58
2012-03-29,14.47,14.72,14.97,15.22,15.47,15.72,15.97,16.22,16.47
2012-03-30,14.49,14.73,14.98,15.23,15.48,15.73,15.98,16.23,16.47
2012-04-02,14.52,14.77,15.01,15.26,15.5,15.74,15.99,16.23,16.48
2012-04-03,14.65,14.9,15.15,15.39,15.64,15.89,16.13,16.38,16.63
2012-04-04,14.69,14.93,15.17,15.42,15.66,15.9,16.15,16.39,16.63
2012-04-05,15.41,15.67,15.92,16.18,16.44,16.7,16.96,17.21,17.47
2012-04-09,15.65,15.92,16.18,16.44,16.7,16.96,17.22,17.48,17.75
2012-04-10,17.57,17.88,18.19,18.5,18.81,19.12,19.43,19.74,20.05
2012-04-11,18.99,19.34,19.69,20.04,20.39,20.74,21.09,21.44,21.79
2012-04-12,18.62,18.97,19.32,19.67,20.02,20.37,20.72,21.07,21.42
2012-04-13,16.07,16.35,16.64,16.92,17.2,17.48,17.76,18.05,18.33
2012-04-16,18.19,18.53,18.87,19.21,19.55,19.89,20.23,20.57,20.91
2012-04-17,18.18,18.53,18.87,19.21,19.55,19.89,20.23,20.57,20.92
2012-04-18,17.22,17.53,17.84,18.15,18.46,18.77,19.08,19.39,19.7
2012-04-19,17.39,17.71,18.02,18.33,18.64,18.95,19.26,19.57,19.89
2012-04-20,17.16,17.46,17.76,18.06,18.36,18.66,18.96,19.26,19.56
2012-04-23,16.33,16.61,16.88,17.16,17.44,17.72,18.0,18.27,18.55
2012-04-24,17.73,18.04,18.35,18.66,18.97,19.28,19.59,19.9,20.21
2012-04-25,16.96,17.25,17.53,17.82,18.1,18.38,18.67,18.95,19.24
2012-04-26,15.83,16.08,16.33,16.57,16.82,17.07,17.31,17.56,17.81
2012-04-27,15.32,15.55,15.78,16.01,16.24,16.47,16.7,16.93,17.16
2012-04-30,15.41,15.64,15.86,16.09,16.32,16.55,16.78,17.0,17.23
2012-05-01,16.19,16.43,16.67,16.91,17.15,17.39,17.63,17.87,18.11
2012-05-02,15.69,15.92,16.14,16.37,16.6,16.83,17.06,17.28,17.51
2012-05-03,15.96,16.19,16.42,16.65,16.88,17.11,17.34,17.57,17.8
2012-05-04,16.58,16.83,17.07,17.32,17.56,17.8,18.05,18.29,18.54
2012-05-07,18.06,18.33,18.61,18.88,19.16,19.44,19.71,19.99,20.26
2012-05-08,17.86,18.13,18.4,18.67,18.94,19.21,19.48,19.75,20.02
2012-05-09,17.95,18.23,18.5,18.78,19.05,19.32,19.6,19.87,20.15
2012-05-10,18.79,19.11,19.43,19.76,20.08,20.4,20.73,21.05,21.37
2012-05-11,17.66,17.95,18.24,18.54,18.83,19.12,19.42,19.71,20.0
2012-05-14,18.64,18.95,19.26,19.58,19.89,20.2,20.52,20.83,21.14
2012-05-15,20.41,20.78,21.14,21.51,21.87,22.23,22.6,22.96,23.33
2012-05-16,20.45,20.83,21.21,21.59,21.97,22.35,22.73,23.11,23.49
2012-05-17,20.74,21.12,21.5,21.89,22.27,22.65,23.04,23.42,23.8
2012-05-18,22.75,23.18,23.62,24.05,24.49,24.93,25.36,25.8,26.23
2012-05-21,23.24,23.71,24.17,24.64,25.1,25.56,26.03,26.49,26.96
2012-05-22,20.51,20.88,21.26,21.63,22.01,22.39,22.76,23.14,23.51
2012-05-23,20.92,21.31,21.7,22.09,22.48,22.87,23.26,23.65,24.04
2012-05-24,20.82,21.2,21.57,21.95,22.33,22.71,23.09,23.46,23.84
2012-05-25,20.12,20.48,20.83,21.19,21.54,21.89,22.25,22.6,22.96
2012-05-29,20.35,20.7,21.05,21.41,21.76,22.11,22.47,22.82,23.17
2012-05-30,19.69,20.03,20.36,20.7,21.03,21.36,21.7,22.03,22.37
2012-05-31,22.47,22.89,23.31,23.72,24.14,24.56,24.97,25.39,25.81
2012-06-01,22.41,22.82,23.24,23.65,24.06,24.47,24.88,25.3,25.71
2012-06-04,24.79,25.26,25.72,26.19,26.66,27.13,27.6,28.06,28.53
2012-06-05,24.36,24.8,25.24,25.68,26.12,26.56,27.0,27.44,27.88
2012-06-06,23.08,23.48,23.88,24.28,24.68,25.08,25.48,25.88,26.28
2012-06-07,20.8,21.14,21.48,21.82,22.16,22.5,22.84,23.18,23.52
2012-06-08,20.37,20.71,21.05,21.38,21.72,22.06,22.39,22.73,23.07
2012-06-11,19.94,20.26,20.58,20.91,21.23,21.55,21.88,22.2,22.52
2012-06-12,21.99,22.39,22.78,23.17,23.56,23.95,24.34,24.73,25.13
2012-06-13,20.65,21.01,21.37,21.73,22.09,22.45,22.81,23.17,23.53
2012-06-14,22.58,23.0,23.42,23.85,24.27,24.69,25.12,25.54,25.96
2012-06-15,20.21,20.58,20.94,21.31,21.68,22.05,22.42,22.78,23.15
2012-06-18,19.67,20.03,20.39,20.75,21.11,21.47,21.83,22.19,22.55
2012-06-19,17.17,17.46,17.75,18.03,18.32,18.61,18.89,19.18,19.47
2012-06-20,17.24,17.53,17.81,18.1,18.38,18.66,18.95,19.23,19.52
2012-06-21,16.19,16.45,16.72,16.98,17.24,17.5,17.76,18.03,18.29
2012-06-22,18.75,19.08,19.41,19.75,20.08,20.41,20.75,21.08,21.41
2012-06-25,16.92,17.22,17.52,17.81,18.11,18.41,18.7,19.0,19.3
2012-06-26,19.04,19.37,19.71,20.04,20.38,20.72,21.05,21.39,21.72
2012-06-27,18.47,18.78,19.09,19.41,19.72,20.03,20.35,20.66,20.97
2012-06-28,18.25,18.55,18.85,19.15,19.45,19.75,20.05,20.35,20.65
2012-06-29,18.5,18.8,19.11,19.41,19.71,20.01,20.31,20.62,20.92
2012-07-02,16.11,16.35,16.59,16.83,17.07,17.31,17.55,17.79,18.03
2012-07-03,15.89,16.12,16.35,16.57,16.8,17.03,17.25,17.48,17.71
2012-07-05,15.77,15.99,16.22,16.44,16.66,16.88,17.1,17.33,17.55
2012-07-06,16.51,16.76,17.01,17.25,17.5,17.75,17.99,18.24,18.49
2012-07-09,16.13,16.37,16.61,16.86,17.1,17.34,17.59,17.83,18.07
2012-07-10,16.93,17.19,17.45,17.72,17.98,18.24,18.51,18.77,19.03
2012-07-11,17.6,17.88,18.16,18.44,18.72,19.0,19.28,19.56,19.84
2012-07-12,16.86,17.13,17.41,17.68,17.95,18.22,18.49,18.77,19.04
2012-07-13,17.22,17.5,17.77,18.05,18.32,18.59,18.87,19.14,19.42
2012-07-16,15.77,16.01,16.25,16.49,16.73,16.97,17.21,17.45,17.69
2012-07-17,16.09,16.35,16.6,16.86,17.11,17.36,17.62,17.87,18.13
2012-07-18,15.51,15.75,15.99,16.24,16.48,16.72,16.97,17.21,17.45
2012-07-19,15.2,15.44,15.68,15.92,16.16,16.4,16.64,16.88,17.12
2012-07-20,14.54,14.77,14.99,15.22,15.45,15.68,15.91,16.13,16.36
2012-07-23,15.24,15.5,15.75,16.01,16.27,16.53,16.79,17.04,17.3
2012-07-24,17.36,17.68,17.99,18.31,18.62,18.93,19.25,19.56,19.88
2012-07-25,19.03,19.39,19.75,20.11,20.47,20.83,21.19,21.55,21.91
2012-07-26,18.04,18.37,18.69,19.02,19.34,19.66,19.99,20.31,20.64
2012-07-27,16.44,16.71,16.99,17.26,17.53,17.8,18.07,18.35,18.62
2012-07-30,15.72,15.97,16.21,16.46,16.7,16.94,17.19,17.43,17.68
2012-07-31,16.95,17.22,17.49,17.76,18.03,18.3,18.57,18.84,19.11
2012-08-01,17.78,18.07,18.36,18.64,18.93,19.22,19.5,19.79,20.08
2012-08-02,17.83,18.12,18.4,18.68,18.96,19.24,19.52,19.8,20.09
2012-08-03,16.58,16.83,17.07,17.32,17.57,17.82,18.07,18.31,18.56
2012-08-06,14.81,15.02,15.22,15.43,15.64,15.85,16.06,16.26,16.47
2012-08-07,15.1,15.31,15.53,15.74,15.95,16.16,16.37,16.59,16.8
2012-08-08,15.11,15.33,15.55,15.77,15.99,16.21,16.43,16.65,16.87
2012-08-09,14.5,14.7,14.91,15.11,15.32,15.53,15.73,15.94,16.14
2012-08-10,14.47,14.67,14.88,15.08,15.28,15.48,15.68,15.89,16.09
2012-08-13,13.95,14.15,14.35,14.54,14.74,14.94,15.13,15.33,15.53
2012-08-14,12.93,13.12,13.31,13.51,13.7,13.89,14.09,14.28,14.47
2012-08-15,13.97,14.19,14.41,14.63,14.85,15.07,15.29,15.51,15.73
2012-08-16,13.73,13.95,14.18,14.4,14.63,14.86,15.08,15.31,15.53
2012-08-17,13.43,13.64,13.86,14.07,14.29,14.51,14.72,14.94,15.15
2012-08-20,12.64,12.85,13.05,13.25,13.45,13.65,13.85,14.05,14.26
2012-08-21,13.17,13.38,13.59,13.81,14.02,14.23,14.45,14.66,14.87
2012-08-22,14.1,14.33,14.56,14.79,15.02,15.25,15.48,15.71,15.94
2012-08-23,14.17,14.4,14.64,14.87,15.11,15.35,15.58,15.82,16.05
2012-08-24,14.97,15.22,15.47,15.71,15.96,16.21,16.45,16.7,16.95
2012-08-27,14.27,14.5,14.73,14.95,15.18,15.41,15.63,15.86,16.09
2012-08-28,15.37,15.62,15.86,16.11,16.35,16.59,16.84,17.08,17.33
2012-08-29,15.5,15.74,15.99,16.23,16.48,16.73,16.97,17.22,17.46
2012-08-30,16.03,16.29,16.54,16.8,17.05,17.3,17.56,17.81,18.07
2012-08-31,16.74,17.01,17.28,17.55,17.82,18.09,18.36,18.63,18.9
2012-09-04,16.44,16.7,16.96,17.21,17.47,17.73,17.98,18.24,18.5
2012-09-05,16.92,17.18,17.45,17.71,17.98,18.25,18.51,18.78,19.04
2012-09-06,16.72,16.97,17.23,17.48,17.73,17.98,18.23,18.49,18.74
2012-09-07,14.78,14.98,15.19,15.39,15.6,15.81,16.01,16.22,16.42
2012-09-10,13.64,13.82,14.01,14.19,14.38,14.57,14.75,14.94,15.12
2012-09-11,15.33,15.57,15.8,16.04,16.28,16.52,16.76,16.99,17.23
2012-09-12,15.45,15.69,15.93,16.17,16.41,16.65,16.89,17.13,17.37
2012-09-13,14.87,15.1,15.33,15.57,15.8,16.03,16.27,16.5,16.73
2012-09-14,13.27,13.47,13.66,13.86,14.05,14.24,14.44,14.63,14.83
2012-09-17,13.66,13.87,14.08,14.3,14.51,14.72,14.94,15.15,15.36
2012-09-18,13.74,13.95,14.16,14.38,14.59,14.8,15.02,15.23,15.44
2012-09-19,13.37,13.58,13.78,13.98,14.18,14.38,14.58,14.78,14.99
2012-09-20,13.11,13.3,13.49,13.69,13.88,14.07,14.27,14.46,14.65
2012-09-21,13.28,13.48,13.68,13.87,14.07,14.27,14.46,14.66,14.86
2012-09-24,13.21,13.4,13.59,13.79,13.98,14.17,14.37,14.56,14.75
2012-09-25,13.38,13.58,13.77,13.96,14.15,14.34,14.53,14.72,14.92
2012-09-26,14.53,14.75,14.98,15.2,15.43,15.66,15.88,16.11,16.33
2012-09-27,15.79,16.05,16.3,16.55,16.8,17.05,17.3,17.55,17.81
2012-09-28,14.02,14.22,14.43,14.63,14.84,15.05,15.25,15.46,15.66
2012-10-01,14.83,15.06,15.28,15.51,15.73,15.95,16.18,16.4,16.63
2012-10-02,15.37,15.61,15.84,16.08,16.32,16.56,16.8,17.03,17.27
2012-10-03,14.82,15.04,15.26,15.49,15.71,15.93,16.16,16.38,16.6
2012-10-04,14.58,14.79,15.0,15.22,15.43,15.64,15.86,16.07,16.28
2012-10-05,13.78,13.98,14.17,14.36,14.55,14.74,14.93,15.12,15.32
2012-10-08,13.58,13.77,13.95,14.14,14.33,14.52,14.71,14.89,15.08
2012-10-09,14.29,14.5,14.7,14.91,15.11,15.31,15.52,15.72,15.93
2012-10-10,15.46,15.69,15.91,16.14,16.37,16.6,16.83,17.05,17.28
2012-10-11,15.32,15.56,15.81,16.05,16.29,16.53,16.77,17.02,17.26
2012-10-12,14.7,14.92,15.14,15.37,15.59,15.81,16.04,16.26,16.48
2012-10-15,15.21,15.44,15.67,15.91,16.14,16.37,16.61,16.84,17.07
2012-10-16,14.38,14.6,14.82,15.05,15.27,15.49,15.72,15.94,16.16
2012-10-17,14.35,14.57,14.79,15.0,15.22,15.44,15.65,15.87,16.09
2012-10-18,14.26,14.46,14.66,14.87,15.07,15.27,15.48,15.68,15.88
2012-10-19,14.21,14.42,14.62,14.83,15.03,15.23,15.44,15.64,15.85
2012-10-22,16.06,16.3,16.55,16.8,17.05,17.3,17.55,17.8,18.04
2012-10-23,15.65,15.89,16.14,16.38,16.62,16.86,17.1,17.35,17.59
2012-10-24,17.64,17.93,18.23,18.52,18.82,19.12,19.41,19.71,20.0
2012-10-25,17.21,17.49,17.76,18.04,18.32,18.6,18.88,19.15,19.43
2012-10-26,17.07,17.33,17.6,17.86,18.12,18.38,18.64,18.91,19.17
2012-10-31,16.8,17.05,17.3,17.55,17.8,18.05,18.3,18.55,18.8
2012-11-01,17.54,17.81,18.07,18.34,18.6,18.86,19.13,19.39,19.66
2012-11-02,15.83,16.05,16.26,16.48,16.69,16.9,17.12,17.33,17.55
2012-11-05,16.62,16.86,17.1,17.35,17.59,17.83,18.08,18.32,18.56
2012-11-06,17.37,17.63,17.89,18.16,18.42,18.68,18.95,19.21,19.47
2012-11-07,16.6,16.84,17.09,17.33,17.57,17.81,18.05,18.3,18.54
2012-11-08,17.93,18.22,18.5,18.79,19.07,19.35,19.64,19.92,20.21
2012-11-09,17.39,17.66,17.94,18.21,18.48,18.75,19.02,19.3,19.57
2012-11-12,17.51,17.78,18.06,18.33,18.61,18.89,19.16,19.44,19.71
2012-11-13,15.73,15.97,16.2,16.44,16.68,16.92,17.16,17.39,17.63
2012-11-14,15.72,15.95,16.18,16.41,16.64,16.87,17.1,17.33,17.56
2012-11-15,16.85,17.12,17.39,17.65,17.92,18.19,18.45,18.72,18.99
2012-11-16,16.91,17.18,17.44,17.71,17.98,18.25,18.52,18.78,19.05
2012-11-19,15.48,15.71,15.94,16.18,16.41,16.64,16.88,17.11,17.34
2012-11-20,14.39,14.6,14.82,15.03,15.24,15.45,15.66,15.88,16.09
2012-11-21,14.26,14.47,14.67,14.88,15.08,15.28,15.49,15.69,15.9
2012-11-23,14.48,14.69,14.9,15.1,15.31,15.52,15.72,15.93,16.14
2012-11-26,14.35,14.55,14.74,14.94,15.14,15.34,15.54,15.73,15.93
2012-11-27,14.69,14.9,15.1,15.3,15.5,15.7,15.9,16.1,16.31
2012-11-28,15.08,15.29,15.5,15.71,15.92,16.13,16.34,16.55,16.76
2012-11-29,14.72,14.92,15.12,15.31,15.51,15.71,15.9,16.1,16.3
2012-11-30,14.32,14.5,14.69,14.87,15.06,15.25,15.43,15.62,15.8
2012-12-03,15.08,15.28,15.48,15.67,15.87,16.07,16.26,16.46,16.66
2012-12-04,15.76,15.98,16.2,16.42,16.64,16.86,17.08,17.3,17.52
2012-12-05,16.19,16.42,16.66,16.89,17.12,17.35,17.58,17.82,18.05
2012-12-06,15.6,15.81,16.03,16.24,16.46,16.68,16.89,17.11,17.32
2012-12-07,15.69,15.91,16.13,16.35,16.57,16.79,17.01,17.23,17.45
2012-12-10,15.09,15.29,15.5,15.7,15.9,16.1,16.3,16.51,16.71
2012-12-11,15.23,15.43,15.64,15.84,16.05,16.26,16.46,16.67,16.87
2012-12-12,14.8,14.99,15.18,15.38,15.57,15.76,15.96,16.15,16.34
2012-12-13,15.12,15.32,15.53,15.74,15.95,16.16,16.37,16.58,16.78
2012-12-14,15.65,15.87,16.1,16.32,16.55,16.78,17.0,17.23,17.45
2012-12-17,16.07,16.31,16.54,16.77,17.0,17.23,17.46,17.69,17.93
2012-12-18,15.49,15.71,15.92,16.13,16.34,16.55,16.76,16.97,17.19
2012-12-19,14.79,14.99,15.18,15.38,15.57,15.76,15.96,16.15,16.35
2012-12-20,16.45,16.68,16.9,17.13,17.36,17.59,17.82,18.04,18.27
2012-12-21,16.75,16.98,17.21,17.44,17.67,17.9,18.13,18.36,18.59
2012-12-24,16.85,17.1,17.35,17.59,17.84,18.09,18.33,18.58,18.83
2012-12-26,16.84,17.09,17.34,17.59,17.84,18.09,18.34,18.59,18.84
2012-12-27,18.35,18.63,18.91,19.2,19.48,19.76,20.05,20.33,20.61
2012-12-28,18.36,18.63,18.91,19.19,19.47,19.75,20.03,20.31,20.58
2012-12-31,21.22,21.6,21.97,22.35,22.72,23.09,23.47,23.84,24.22
2013-01-02,16.97,17.23,17.49,17.76,18.02,18.28,18.55,18.81,19.07
2013-01-03,13.95,14.13,14.32,14.5,14.68,14.86,15.04,15.23,15.41
2013-01-04,13.85,14.03,14.21,14.38,14.56,14.74,14.91,15.09,15.27
2013-01-07,13.18,13.34,13.5,13.67,13.83,13.99,14.16,14.32,14.48
2013-01-08,13.12,13.29,13.46,13.62,13.79,13.96,14.12,14.29,14.46
2013-01-09,12.95,13.12,13.28,13.45,13.62,13.79,13.96,14.12,14.29
2013-01-10,13.13,13.3,13.47,13.64,13.81,13.98,14.15,14.32,14.49
2013-01-11,12.83,13.0,13.16,13.33,13.49,13.65,13.82,13.98,14.15
2013-01-14,12.7,12.86,13.03,13.19,13.36,13.53,13.69,13.86,14.02
2013-01-15,12.85,13.02,13.19,13.35,13.52,13.69,13.85,14.02,14.19
2013-01-16,12.89,13.05,13.22,13.38,13.55,13.72,13.88,14.05,14.21
2013-01-17,12.77,12.93,13.09,13.26,13.42,13.58,13.75,13.91,14.07
2013-01-18,12.9,13.06,13.23,13.4,13.57,13.74,13.91,14.08,14.24
2013-01-22,11.88,12.03,12.17,12.32,12.46,12.6,12.75,12.89,13.04
2013-01-23,11.85,12.0,12.14,12.29,12.43,12.57,12.72,12.86,13.01
2013-01-24,11.9,12.04,12.18,12.32,12.46,12.6,12.74,12.88,13.02
2013-01-25,12.08,12.23,12.39,12.54,12.69,12.84,12.99,13.15,13.3
2013-01-28,12.27,12.42,12.58,12.73,12.89,13.05,13.2,13.36,13.51
2013-01-29,12.9,13.07,13.24,13.4,13.57,13.74,13.9,14.07,14.24
2013-01-30,12.69,12.85,13.0,13.16,13.31,13.46,13.62,13.77,13.93
2013-01-31,13.62,13.8,13.97,14.15,14.32,14.49,14.67,14.84,15.02
2013-02-01,13.59,13.76,13.93,14.11,14.28,14.45,14.63,14.8,14.97
2013-02-04,12.3,12.45,12.6,12.75,12.9,13.05,13.2,13.35,13.5
2013-02-05,13.95,14.13,14.31,14.49,14.67,14.85,15.03,15.21,15.39
2013-02-06,13.07,13.23,13.4,13.56,13.72,13.88,14.04,14.21,14.37
2013-02-07,12.76,12.92,13.08,13.25,13.41,13.57,13.74,13.9,14.06
2013-02-08,12.85,13.01,13.17,13.34,13.5,13.66,13.83,13.99,14.15
2013-02-11,12.41,12.56,12.71,12.87,13.02,13.17,13.33,13.48,13.63
2013-02-12,12.32,12.47,12.63,12.78,12.94,13.1,13.25,13.41,13.56
2013-02-13,12.05,12.2,12.35,12.49,12.64,12.79,12.93,13.08,13.23
2013-02-14,12.38,12.53,12.68,12.83,12.98,13.13,13.28,13.43,13.58
2013-02-15,12.08,12.22,12.37,12.51,12.66,12.81,12.95,13.1,13.24
2013-02-19,11.89,12.03,12.18,12.32,12.46,12.6,12.74,12.89,13.03
2013-02-20,11.76,11.9,12.04,12.17,12.31,12.45,12.58,12.72,12.86
2013-02-21,13.95,14.13,14.31,14.5,14.68,14.86,15.05,15.23,15.41
2013-02-22,14.45,14.64,14.83,15.03,15.22,15.41,15.61,15.8,15.99
2013-02-25,13.47,13.64,13.82,13.99,14.17,14.35,14.52,14.7,14.87
2013-02-26,17.85,18.13,18.42,18.7,18.98,19.26,19.54,19.83,20.11
2013-02-27,15.91,16.15,16.39,16.63,16.87,17.11,17.35,17.59,17.83
2013-02-28,13.97,14.16,14.35,14.54,14.73,14.92,15.11,15.3,15.49
2013-03-01,14.66,14.88,15.09,15.3,15.51,15.72,15.93,16.14,16.36
2013-03-04,14.51,14.72,14.94,15.15,15.36,15.57,15.78,16.0,16.21
2013-03-05,13.28,13.47,13.65,13.83,14.01,14.19,14.37,14.55,14.74
2013-03-06,12.81,12.97,13.14,13.31,13.48,13.65,13.82,13.99,14.15
2013-03-07,12.86,13.03,13.19,13.36,13.53,13.7,13.87,14.03,14.2
2013-03-08,12.43,12.58,12.74,12.9,13.06,13.22,13.38,13.54,13.69
2013-03-11,11.98,12.13,12.29,12.44,12.59,12.74,12.89,13.05,13.2
2013-03-12,11.0,11.14,11.28,11.42,11.56,11.7,11.84,11.98,12.12
2013-03-13,11.65,11.81,11.96,12.12,12.27,12.42,12.58,12.73,12.89
2013-03-14,11.2,11.36,11.52,11.67,11.83,11.99,12.14,12.3,12.46
2013-03-15,10.71,10.85,11.0,11.15,11.3,11.45,11.6,11.75,11.89
2013-03-18,10.69,10.84,10.99,11.15,11.3,11.45,11.61,11.76,11.91
2013-03-19,12.58,12.77,12.97,13.16,13.36,13.56,13.75,13.95,14.14
2013-03-20,13.53,13.75,13.96,14.18,14.39,14.6,14.82,15.03,15.25
2013-03-21,11.96,12.13,12.31,12.49,12.67,12.85,13.03,13.21,13.38
2013-03-22,13.16,13.37,13.58,13.78,13.99,14.2,14.4,14.61,14.82
2013-03-25,12.79,12.98,13.18,13.37,13.57,13.77,13.96,14.16,14.35
2013-03-26,12.97,13.16,13.36,13.55,13.74,13.93,14.12,14.32,14.51
2013-03-27,12.09,12.26,12.43,12.6,12.77,12.94,13.11,13.28,13.45
2013-03-28,12.44,12.62,12.8,12.97,13.15,13.33,13.5,13.68,13.86
2013-04-01,12.03,12.2,12.37,12.53,12.7,12.87,13.03,13.2,13.37
2013-04-02,12.86,13.04,13.22,13.4,13.58,13.76,13.94,14.12,14.3
2013-04-03,12.13,12.29,12.46,12.62,12.78,12.94,13.1,13.27,13.43
2013-04-04,13.45,13.64,13.83,14.02,14.21,14.4,14.59,14.78,14.97
2013-04-05,13.16,13.34,13.53,13.71,13.89,14.07,14.25,14.44,14.62
2013-04-08,13.18,13.36,13.55,13.73,13.92,14.11,14.29,14.48,14.66
2013-04-09,12.51,12.68,12.85,13.02,13.19,13.36,13.53,13.7,13.87
2013-04-10,12.18,12.34,12.51,12.67,12.84,13.01,13.17,13.34,13.5
2013-04-11,11.72,11.88,12.04,12.2,12.36,12.52,12.68,12.84,13.0
2013-04-12,11.6,11.76,11.92,12.08,12.24,12.4,12.56,12.72,12.88
2013-04-15,11.43,11.59,11.75,11.9,12.06,12.22,12.37,12.53,12.69
2013-04-16,16.13,16.42,16.7,16.99,17.27,17.55,17.84,18.12,18.41
2013-04-17,13.18,13.38,13.57,13.77,13.96,14.15,14.35,14.54,14.74
2013-04-18,15.42,15.69,15.96,16.24,16.51,16.78,17.06,17.33,17.6
2013-04-19,16.36,16.66,16.95,17.25,17.55,17.85,18.15,18.44,18.74
2013-04-22,14.07,14.29,14.52,14.74,14.97,15.2,15.42,15.65,15.87
2013-04-23,13.57,13.77,13.98,14.18,14.39,14.6,14.8,15.01,15.21
2013-04-24,12.76,12.94,13.12,13.3,13.48,13.66,13.84,14.02,14.2
2013-04-25,12.88,13.06,13.25,13.43,13.61,13.79,13.97,14.16,14.34
2013-04-26,12.88,13.07,13.25,13.44,13.62,13.8,13.99,14.17,14.36
2013-04-29,12.88,13.06,13.25,13.43,13.61,13.79,13.97,14.16,14.34
2013-04-30,12.98,13.16,13.35,13.53,13.71,13.89,14.07,14.26,14.44
2013-05-01,12.81,12.99,13.16,13.34,13.52,13.7,13.88,14.05,14.23
2013-05-02,13.69,13.89,14.09,14.29,14.49,14.69,14.89,15.09,15.29
2013-05-03,12.87,13.05,13.23,13.41,13.59,13.77,13.95,14.13,14.31
2013-05-06,12.2,12.36,12.52,12.69,12.85,13.01,13.18,13.34,13.5
2013-05-07,12.02,12.18,12.34,12.5,12.66,12.82,12.98,13.14,13.3
2013-05-08,12.19,12.35,12.51,12.67,12.83,12.99,13.15,13.31,13.47
2013-05-09,12.02,12.18,12.34,12.5,12.66,12.82,12.98,13.14,13.3
2013-05-10,12.46,12.63,12.79,12.96,13.13,13.3,13.47,13.63,13.8
2013-05-15,11.95,12.11,12.27,12.43,12.59,12.75,12.91,13.07,13.23
2013-05-16,12.14,12.31,12.47,12.64,12.81,12.98,13.15,13.31,13.48
2013-05-17,12.37,12.55,12.72,12.9,13.07,13.24,13.42,13.59,13.77
2013-05-20,11.79,11.96,12.12,12.29,12.45,12.61,12.78,12.94,13.11
2013-05-21,12.32,12.5,12.67,12.85,13.02,13.19,13.37,13.54,13.72
2013-05-22,12.63,12.81,13.0,13.18,13.37,13.56,13.74,13.93,14.11
2013-05-23,13.05,13.24,13.44,13.63,13.82,14.01,14.2,14.4,14.59
2013-05-24,13.3,13.49,13.68,13.88,14.07,14.26,14.46,14.65,14.84
2013-05-28,13.25,13.44,13.62,13.81,13.99,14.17,14.36,14.54,14.73
2013-05-29,13.73,13.91,14.1,14.29,14.48,14.67,14.86,15.05,15.23
2013-05-30,14.07,14.26,14.45,14.64,14.83,15.02,15.21,15.4,15.59
2013-05-31,13.8,13.98,14.16,14.35,14.53,14.71,14.9,15.08,15.26
2013-06-03,15.43,15.65,15.86,16.08,16.3,16.52,16.74,16.95,17.17
2013-06-04,15.39,15.61,15.83,16.06,16.28,16.5,16.73,16.95,17.17
2013-06-05,15.37,15.6,15.82,16.05,16.27,16.49,16.72,16.94,17.17
2013-06-06,16.47,16.73,16.99,17.24,17.5,17.76,18.01,18.27,18.53
2013-06-07,15.67,15.91,16.15,16.39,16.63,16.87,17.11,17.35,17.59
2013-06-10,14.34,14.54,14.74,14.94,15.14,15.34,15.54,15.74,15.94
2013-06-11,14.63,14.83,15.04,15.24,15.44,15.64,15.84,16.05,16.25
2013-06-12,16.08,16.33,16.57,16.82,17.07,17.32,17.57,17.81,18.06
2013-06-13,17.4,17.7,17.99,18.29,18.59,18.89,19.19,19.48,19.78
2013-06-14,15.43,15.67,15.92,16.16,16.41,16.66,16.9,17.15,17.39
2013-06-17,16.13,16.38,16.63,16.89,17.14,17.39,17.65,17.9,18.15
2013-06-18,15.84,16.08,16.32,16.56,16.8,17.04,17.28,17.52,17.76
2013-06-19,15.67,15.9,16.14,16.37,16.61,16.85,17.08,17.32,17.55
2013-06-20,15.71,15.94,16.18,16.41,16.64,16.87,17.1,17.34,17.57
2013-06-21,19.19,19.51,19.84,20.16,20.49,20.82,21.14,21.47,21.79
2013-06-24,17.75,18.03,18.32,18.6,18.89,19.18,19.46,19.75,20.03
2013-06-25,18.83,19.15,19.47,19.79,20.11,20.43,20.75,21.07,21.39
2013-06-26,17.37,17.64,17.92,18.19,18.47,18.75,19.02,19.3,19.57
2013-06-27,16.23,16.47,16.72,16.96,17.21,17.46,17.7,17.95,18.19
2013-06-28,15.95,16.17,16.4,16.63,16.86,17.09,17.32,17.55,17.77
2013-07-01,15.94,16.17,16.4,16.63,16.86,17.09,17.32,17.55,17.78
2013-07-02,15.49,15.71,15.93,16.15,16.37,16.59,16.81,17.03,17.25
2013-07-03,15.57,15.79,16.01,16.22,16.44,16.66,16.87,17.09,17.31
2013-07-05,15.36,15.57,15.78,15.99,16.2,16.41,16.62,16.83,17.04
2013-07-08,14.16,14.35,14.53,14.71,14.89,15.07,15.25,15.43,15.62
2013-07-09,14.08,14.25,14.43,14.6,14.78,14.96,15.13,15.31,15.48
2013-07-10,13.66,13.84,14.01,14.18,14.35,14.52,14.69,14.86,15.04
2013-07-11,13.5,13.68,13.85,14.03,14.21,14.39,14.57,14.74,14.92
2013-07-12,13.33,13.5,13.67,13.84,14.01,14.18,14.35,14.52,14.69
2013-07-15,13.18,13.34,13.51,13.67,13.84,14.01,14.17,14.34,14.5
2013-07-16,13.13,13.29,13.46,13.62,13.79,13.96,14.12,14.29,14.45
2013-07-17,13.69,13.87,14.05,14.24,14.42,14.6,14.79,14.97,15.15
2013-07-18,13.11,13.28,13.45,13.61,13.78,13.95,14.11,14.28,14.45
2013-07-19,13.12,13.28,13.45,13.61,13.77,13.93,14.09,14.26,14.42
2013-07-22,11.96,12.1,12.25,12.39,12.54,12.69,12.83,12.98,13.12
2013-07-23,11.73,11.87,12.01,12.15,12.29,12.43,12.57,12.71,12.85
2013-07-24,12.06,12.21,12.36,12.51,12.66,12.81,12.96,13.11,13.26
2013-07-25,12.54,12.7,12.86,13.02,13.18,13.34,13.5,13.66,13.82
2013-07-26,12.34,12.5,12.66,12.81,12.97,13.13,13.28,13.44,13.6
2013-07-29,12.11,12.26,12.41,12.57,12.72,12.87,13.03,13.18,13.33
2013-07-30,12.74,12.91,13.07,13.23,13.39,13.55,13.71,13.87,14.04
2013-07-31,12.76,12.92,13.08,13.23,13.39,13.55,13.7,13.86,14.02
2013-08-01,12.83,12.99,13.14,13.3,13.45,13.6,13.76,13.91,14.07
2013-08-02,12.36,12.51,12.65,12.8,12.94,13.08,13.23,13.37,13.52
2013-08-05,11.45,11.58,11.71,11.85,11.98,12.11,12.25,12.38,12.51
2013-08-06,11.32,11.45,11.58,11.71,11.84,11.97,12.1,12.23,12.36
2013-08-07,12.11,12.27,12.42,12.57,12.72,12.87,13.02,13.17,13.33
2013-08-08,12.35,12.51,12.67,12.82,12.98,13.14,13.29,13.45,13.61
2013-08-09,12.13,12.28,12.43,12.58,12.73,12.88,13.03,13.18,13.33
2013-08-12,12.76,12.92,13.08,13.25,13.41,13.57,13.74,13.9,14.06
2013-08-13,12.17,12.33,12.49,12.65,12.81,12.97,13.13,13.29,13.45
2013-08-14,11.7,11.85,12.0,12.16,12.31,12.46,12.62,12.77,12.92
2013-08-15,12.38,12.55,12.71,12.88,13.04,13.2,13.37,13.53,13.7
2013-08-16,13.93,14.13,14.33,14.53,14.73,14.93,15.13,15.33,15.53
2013-08-19,13.61,13.8,13.99,14.18,14.37,14.56,14.75,14.94,15.13
2013-08-20,14.27,14.48,14.69,14.89,15.1,15.31,15.51,15.72,15.93
2013-08-21,14.07,14.28,14.49,14.7,14.91,15.12,15.33,15.54,15.75
2013-08-22,15.03,15.26,15.49,15.71,15.94,16.17,16.39,16.62,16.85
2013-08-23,13.97,14.17,14.37,14.56,14.76,14.96,15.15,15.35,15.55
2013-08-26,13.28,13.45,13.63,13.8,13.98,14.16,14.33,14.51,14.68
2013-08-27,14.21,14.4,14.6,14.79,14.99,15.19,15.38,15.58,15.77
2013-08-28,15.79,16.04,16.28,16.53,16.77,17.01,17.26,17.5,17.75
2013-08-29,15.53,15.77,16.01,16.24,16.48,16.72,16.95,17.19,17.43
2013-08-30,15.83,16.07,16.32,16.56,16.8,17.04,17.28,17.53,17.77
2013-09-03,16.02,16.27,16.51,16.76,17.01,17.26,17.51,17.75,18.0
2013-09-04,15.66,15.9,16.14,16.37,16.61,16.85,17.08,17.32,17.56
2013-09-05,15.0,15.22,15.44,15.66,15.88,16.1,16.32,16.54,16.76
2013-09-06,14.92,15.13,15.34,15.56,15.77,15.98,16.2,16.41,16.62
2013-09-09,14.99,15.2,15.42,15.63,15.85,16.07,16.28,16.5,16.71
2013-09-10,14.81,15.01,15.22,15.42,15.63,15.84,16.04,16.25,16.45
2013-09-11,13.8,13.99,14.17,14.35,14.53,14.71,14.89,15.07,15.26
2013-09-12,13.14,13.31,13.48,13.65,13.82,13.99,14.16,14.33,14.5
2013-09-13,13.56,13.74,13.93,14.11,14.29,14.47,14.65,14.84,15.02
2013-09-16,13.45,13.63,13.8,13.98,14.16,14.34,14.52,14.69,14.87
2013-09-17,13.65,13.84,14.02,14.2,14.38,14.56,14.74,14.92,15.11
2013-09-18,13.8,13.98,14.17,14.35,14.53,14.71,14.89,15.08,15.26
2013-09-19,12.95,13.11,13.27,13.43,13.59,13.75,13.91,14.07,14.23
2013-09-20,12.55,12.7,12.86,13.01,13.16,13.31,13.46,13.62,13.77
2013-09-23,12.48,12.64,12.8,12.96,13.12,13.28,13.44,13.6,13.76
2013-09-24,13.61,13.79,13.96,14.14,14.31,14.48,14.66,14.83,15.01
2013-09-25,13.42,13.58,13.75,13.91,14.08,14.25,14.41,14.58,14.74
2013-09-26,13.37,13.53,13.69,13.85,14.01,14.17,14.33,14.49,14.65
2013-09-27,13.44,13.6,13.75,13.91,14.06,14.21,14.37,14.52,14.68
2013-09-30,14.73,14.91,15.1,15.28,15.46,15.64,15.82,16.01,16.19
2013-10-01,15.75,15.96,16.17,16.39,16.6,16.81,17.03,17.24,17.45
2013-10-02,14.79,14.98,15.17,15.35,15.54,15.73,15.91,16.1,16.29
2013-10-03,15.7,15.93,16.15,16.38,16.6,16.82,17.05,17.27,17.5
2013-10-04,16.63,16.89,17.15,17.41,17.67,17.93,18.19,18.45,18.71
2013-10-07,15.8,16.03,16.26,16.5,16.73,16.96,17.2,17.43,17.66
2013-10-08,18.15,18.46,18.78,19.09,19.41,19.73,20.04,20.36,20.67
2013-10-09,18.97,19.32,19.66,20.0,20.34,20.68,21.02,21.36,21.71
2013-10-10,18.22,18.57,18.91,19.26,19.6,19.94,20.29,20.63,20.98
2013-10-11,15.49,15.74,15.99,16.23,16.48,16.73,16.97,17.22,17.47
2013-10-14,14.82,15.05,15.27,15.5,15.72,15.94,16.17,16.39,16.62
2013-10-15,15.14,15.37,15.61,15.84,16.07,16.3,16.53,16.77,17.0
2013-10-16,17.44,17.75,18.05,18.36,18.66,18.96,19.27,19.57,19.88
2013-10-17,13.92,14.11,14.31,14.51,14.71,14.91,15.11,15.31,15.5
2013-10-18,12.86,13.02,13.17,13.33,13.48,13.63,13.79,13.94,14.1
2013-10-21,12.44,12.59,12.74,12.89,13.04,13.19,13.34,13.49,13.64
2013-10-22,12.54,12.69,12.85,13.0,13.16,13.32,13.47,13.63,13.78
2013-10-23,12.71,12.86,13.02,13.17,13.33,13.49,13.64,13.8,13.95
2013-10-24,12.81,12.96,13.11,13.27,13.42,13.57,13.73,13.88,14.03
2013-10-25,12.61,12.76,12.91,13.05,13.2,13.35,13.49,13.64,13.79
2013-10-28,12.51,12.66,12.8,12.95,13.09,13.23,13.38,13.52,13.67
2013-10-29,12.72,12.87,13.02,13.16,13.31,13.46,13.6,13.75,13.9
2013-10-30,12.83,12.98,13.12,13.27,13.41,13.55,13.7,13.84,13.99
2013-10-31,13.05,13.2,13.35,13.5,13.65,13.8,13.95,14.1,14.25
2013-11-01,13.15,13.3,13.45,13.6,13.75,13.9,14.05,14.2,14.35
2013-11-04,12.7,12.85,12.99,13.14,13.28,13.42,13.57,13.71,13.86
2013-11-05,12.38,12.52,12.66,12.79,12.93,13.07,13.2,13.34,13.48
2013-11-07,12.71,12.85,12.99,13.13,13.27,13.41,13.55,13.69,13.83
2013-11-08,13.28,13.44,13.6,13.75,13.91,14.07,14.22,14.38,14.54
2013-11-13,12.34,12.48,12.62,12.76,12.9,13.04,13.18,13.32,13.46
2013-11-14,11.96,12.1,12.24,12.38,12.52,12.66,12.8,12.94,13.08
2013-11-15,11.81,11.95,12.09,12.23,12.37,12.51,12.65,12.79,12.93
2013-11-18,11.62,11.77,11.91,12.05,12.19,12.33,12.47,12.61,12.76
2013-11-19,12.48,12.64,12.79,12.95,13.1,13.25,13.41,13.56,13.72
2013-11-20,12.76,12.92,13.08,13.23,13.39,13.55,13.7,13.86,14.02
2013-11-21,12.82,12.96,13.11,13.25,13.4,13.55,13.69,13.84,13.98
2013-11-22,12.14,12.27,12.4,12.53,12.66,12.79,12.92,13.05,13.18
2013-11-25,11.77,11.89,12.01,12.14,12.26,12.38,12.51,12.63,12.75
2013-11-26,12.27,12.4,12.53,12.66,12.79,12.92,13.05,13.18,13.31
2013-11-27,12.28,12.42,12.55,12.68,12.81,12.94,13.07,13.2,13.34
2013-12-02,12.45,12.58,12.72,12.85,12.98,13.11,13.24,13.38,13.51
2013-12-03,13.61,13.76,13.92,14.07,14.23,14.39,14.54,14.7,14.85
2013-12-04,13.88,14.05,14.21,14.38,14.55,14.72,14.89,15.05,15.22
2013-12-05,14.03,14.19,14.36,14.53,14.7,14.87,15.04,15.21,15.37
2013-12-06,14.36,14.54,14.72,14.9,15.08,15.26,15.44,15.62,15.8
2013-12-11,13.18,13.33,13.48,13.64,13.79,13.94,14.1,14.25,14.4
2013-12-12,14.64,14.83,15.03,15.22,15.42,15.62,15.81,16.01,16.2
2013-12-13,14.72,14.93,15.13,15.34,15.54,15.74,15.95,16.15,16.36
2013-12-16,14.91,15.12,15.34,15.55,15.76,15.97,16.18,16.4,16.61
2013-12-17,15.19,15.4,15.61,15.82,16.03,16.24,16.45,16.66,16.87
2013-12-18,15.37,15.58,15.79,16.0,16.21,16.42,16.63,16.84,17.05
2013-12-19,13.22,13.36,13.51,13.65,13.8,13.95,14.09,14.24,14.38
2013-12-20,13.55,13.7,13.85,14.0,14.15,14.3,14.45,14.6,14.75
2013-12-23,13.2,13.35,13.49,13.64,13.79,13.94,14.09,14.23,14.38
2013-12-26,12.52,12.65,12.78,12.91,13.04,13.17,13.3,13.43,13.56
2013-12-27,11.84,11.96,12.09,12.21,12.33,12.45,12.57,12.7,12.82
2013-12-30,11.94,12.07,12.2,12.33,12.46,12.59,12.72,12.85,12.98
2013-12-31,12.96,13.11,13.26,13.41,13.56,13.71,13.86,14.01,14.16
2014-01-02,13.11,13.26,13.41,13.57,13.72,13.87,14.03,14.18,14.33
2014-01-03,13.57,13.74,13.9,14.07,14.23,14.39,14.56,14.72,14.89
2014-01-06,13.15,13.3,13.46,13.61,13.76,13.91,14.06,14.22,14.37
2014-01-10,12.97,13.11,13.26,13.4,13.55,13.7,13.84,13.99,14.13
2014-01-13,11.62,11.75,11.88,12.01,12.14,12.27,12.4,12.53,12.66
2014-01-14,12.65,12.81,12.96,13.12,13.28,13.44,13.6,13.75,13.91
2014-01-15,11.74,11.88,12.01,12.15,12.28,12.41,12.55,12.68,12.82
2014-01-16,11.74,11.88,12.01,12.15,12.28,12.41,12.55,12.68,12.82
2014-01-17,11.95,12.09,12.24,12.38,12.53,12.68,12.82,12.97,13.11
2014-01-21,11.85,11.99,12.14,12.29,12.44,12.59,12.74,12.89,13.03
2014-01-22,12.24,12.4,12.55,12.71,12.87,13.03,13.19,13.34,13.5
2014-01-23,12.24,12.39,12.54,12.69,12.84,12.99,13.14,13.29,13.44
2014-01-24,13.09,13.26,13.43,13.6,13.77,13.94,14.11,14.28,14.45
2014-01-27,17.02,17.3,17.58,17.86,18.14,18.42,18.7,18.98,19.26
2014-01-28,16.39,16.65,16.91,17.16,17.42,17.68,17.93,18.19,18.45
2014-01-29,14.96,15.17,15.38,15.59,15.8,16.01,16.22,16.43,16.64
2014-01-30,16.34,16.59,16.84,17.1,17.35,17.6,17.86,18.11,18.36
2014-01-31,16.28,16.54,16.79,17.04,17.29,17.54,17.79,18.04,18.3
2014-02-03,17.25,17.54,17.83,18.12,18.41,18.7,18.99,19.28,19.57
2014-02-04,20.0,20.36,20.72,21.08,21.44,21.8,22.16,22.52,22.88
2014-02-05,17.9,18.2,18.51,18.81,19.11,19.41,19.71,20.02,20.32
2014-02-06,18.66,18.98,19.3,19.63,19.95,20.27,20.6,20.92,21.24
2014-02-07,16.23,16.48,16.73,16.98,17.23,17.48,17.73,17.98,18.23
2014-02-10,14.49,14.69,14.89,15.09,15.29,15.49,15.69,15.89,16.09
2014-02-11,14.49,14.68,14.88,15.07,15.26,15.45,15.64,15.84,16.03
2014-02-12,13.79,13.97,14.15,14.33,14.51,14.69,14.87,15.05,15.23
2014-02-13,13.58,13.76,13.94,14.12,14.3,14.48,14.66,14.84,15.02
2014-02-14,13.44,13.62,13.79,13.97,14.14,14.31,14.49,14.66,14.84
2014-02-18,12.91,13.07,13.24,13.4,13.57,13.74,13.9,14.07,14.23
2014-02-19,13.21,13.37,13.54,13.7,13.87,14.04,14.2,14.37,14.53
2014-02-20,14.66,14.87,15.08,15.29,15.5,15.71,15.92,16.13,16.34
2014-02-21,14.05,14.23,14.42,14.6,14.79,14.98,15.16,15.35,15.53
2014-02-24,13.95,14.13,14.31,14.5,14.68,14.86,15.05,15.23,15.41
2014-02-25,13.53,13.71,13.88,14.06,14.23,14.4,14.58,14.75,14.93
2014-02-26,13.01,13.18,13.34,13.51,13.67,13.83,14.0,14.16,14.33
2014-02-27,13.63,13.81,13.99,14.17,14.35,14.53,14.71,14.89,15.07
2014-02-28,13.34,13.52,13.69,13.87,14.04,14.21,14.39,14.56,14.74
2014-03-03,13.28,13.46,13.64,13.82,14.0,14.18,14.36,14.54,14.72
2014-03-04,15.06,15.3,15.53,15.77,16.0,16.23,16.47,16.7,16.94
2014-03-05,13.37,13.55,13.74,13.92,14.1,14.28,14.46,14.65,14.83
2014-03-06,13.19,13.36,13.54,13.71,13.89,14.07,14.24,14.42,14.59
2014-03-07,13.5,13.68,13.85,14.03,14.21,14.39,14.57,14.74,14.92
2014-03-10,13.37,13.56,13.74,13.93,14.11,14.29,14.48,14.66,14.85
2014-03-11,13.46,13.65,13.83,14.02,14.2,14.38,14.57,14.75,14.94
2014-03-12,14.01,14.2,14.4,14.6,14.8,15.0,15.2,15.4,15.59
2014-03-13,13.71,13.9,14.09,14.28,14.47,14.66,14.85,15.04,15.23
2014-03-14,15.28,15.51,15.75,15.98,16.22,16.46,16.69,16.93,17.16
2014-03-17,16.73,17.0,17.27,17.55,17.82,18.09,18.37,18.64,18.91
2014-03-18,14.78,14.99,15.21,15.42,15.64,15.86,16.07,16.29,16.5
2014-03-19,13.77,13.96,14.15,14.33,14.52,14.71,14.89,15.08,15.27
2014-03-20,14.35,14.54,14.73,14.93,15.12,15.31,15.51,15.7,15.89
2014-03-21,13.82,13.99,14.17,14.34,14.52,14.7,14.87,15.05,15.22
2014-03-24,14.26,14.44,14.63,14.81,15.0,15.19,15.37,15.56,15.74
2014-03-25,14.36,14.54,14.72,14.91,15.09,15.27,15.46,15.64,15.82
2014-03-26,13.36,13.52,13.69,13.85,14.02,14.19,14.35,14.52,14.68
2014-03-27,14.21,14.39,14.57,14.75,14.93,15.11,15.29,15.47,15.65
2014-03-28,13.93,14.1,14.28,14.45,14.62,14.79,14.96,15.14,15.31
2014-03-31,13.73,13.9,14.07,14.24,14.41,14.58,14.75,14.92,15.09
2014-04-01,13.25,13.41,13.56,13.72,13.88,14.04,14.2,14.35,14.51
2014-04-02,12.54,12.68,12.82,12.96,13.1,13.24,13.38,13.52,13.66
2014-04-03,12.53,12.67,12.81,12.95,13.09,13.23,13.37,13.51,13.65
2014-04-04,12.8,12.94,13.08,13.23,13.37,13.51,13.66,13.8,13.94
2014-04-07,13.35,13.5,13.65,13.81,13.96,14.11,14.27,14.42,14.57
2014-04-08,14.84,15.02,15.2,15.39,15.57,15.75,15.94,16.12,16.3
2014-04-09,14.22,14.39,14.55,14.72,14.89,15.06,15.23,15.39,15.56
2014-04-10,13.22,13.37,13.52,13.67,13.82,13.97,14.12,14.27,14.42
2014-04-11,15.1,15.3,15.5,15.69,15.89,16.09,16.28,16.48,16.68
2014-04-14,16.13,16.35,16.58,16.8,17.03,17.26,17.48,17.71,17.93
2014-04-15,15.28,15.48,15.69,15.9,16.11,16.32,16.53,16.74,16.94
2014-04-16,14.82,15.02,15.21,15.41,15.61,15.81,16.01,16.2,16.4
2014-04-17,13.54,13.7,13.86,14.02,14.18,14.34,14.5,14.66,14.82
2014-04-21,12.77,12.92,13.07,13.21,13.36,13.51,13.65,13.8,13.95
2014-04-22,12.68,12.82,12.96,13.11,13.25,13.39,13.54,13.68,13.82
2014-04-23,12.64,12.77,12.91,13.05,13.19,13.33,13.47,13.61,13.74
2014-04-24,12.72,12.85,12.99,13.13,13.27,13.41,13.55,13.69,13.82
2014-04-25,12.74,12.89,13.03,13.18,13.32,13.46,13.61,13.75,13.9
2014-04-28,13.44,13.59,13.75,13.9,14.06,14.22,14.37,14.53,14.68
2014-04-29,13.37,13.52,13.67,13.82,13.97,14.12,14.27,14.42,14.57
2014-04-30,13.14,13.29,13.43,13.57,13.71,13.85,13.99,14.13,14.28
2014-05-01,12.87,13.0,13.14,13.27,13.41,13.55,13.68,13.82,13.95
2014-05-02,12.71,12.85,12.98,13.12,13.25,13.38,13.52,13.65,13.79
2014-05-05,12.39,12.52,12.65,12.78,12.91,13.04,13.17,13.3,13.43
2014-05-06,12.75,12.89,13.02,13.16,13.29,13.42,13.56,13.69,13.83
2014-05-07,13.24,13.38,13.52,13.66,13.8,13.94,14.08,14.22,14.36
2014-05-08,12.87,13.0,13.14,13.27,13.4,13.53,13.66,13.8,13.93
2014-05-09,12.9,13.04,13.17,13.3,13.43,13.56,13.69,13.82,13.96
2014-05-14,12.42,12.54,12.67,12.79,12.92,13.05,13.17,13.3,13.42
2014-05-15,11.64,11.77,11.91,12.04,12.17,12.3,12.43,12.57,12.7
2014-05-16,12.58,12.72,12.87,13.02,13.17,13.32,13.47,13.62,13.76
2014-05-19,11.9,12.04,12.17,12.31,12.44,12.57,12.71,12.84,12.98
2014-05-20,11.89,12.02,12.16,12.29,12.42,12.55,12.68,12.82,12.95
2014-05-21,12.4,12.54,12.68,12.82,12.96,13.1,13.24,13.38,13.52
2014-05-22,11.41,11.54,11.66,11.79,11.91,12.03,12.16,12.28,12.41
2014-05-23,11.51,11.64,11.77,11.9,12.03,12.16,12.29,12.42,12.55
2014-05-27,10.88,11.0,11.12,11.24,11.36,11.48,11.6,11.72,11.84
2014-05-28,11.04,11.16,11.27,11.39,11.51,11.63,11.75,11.86,11.98
2014-05-29,11.18,11.31,11.43,11.56,11.68,11.8,11.93,12.05,12.18
2014-05-30,11.08,11.2,11.33,11.45,11.57,11.69,11.81,11.94,12.06
2014-06-02,10.91,11.03,11.16,11.28,11.4,11.52,11.64,11.77,11.89
2014-06-03,11.08,11.2,11.33,11.45,11.58,11.71,11.83,11.96,12.08
2014-06-04,11.36,11.49,11.62,11.74,11.87,12.0,12.12,12.25,12.38
2014-06-05,11.57,11.69,11.82,11.95,12.08,12.21,12.34,12.47,12.59
2014-06-06,11.2,11.32,11.44,11.56,11.68,11.8,11.92,12.04,12.16
2014-06-09,10.28,10.39,10.5,10.62,10.73,10.84,10.96,11.07,11.18
2014-06-10,10.65,10.78,10.9,11.03,11.15,11.27,11.4,11.52,11.65
2014-06-11,10.5,10.62,10.75,10.87,10.99,11.11,11.23,11.36,11.48
2014-06-12,11.06,11.19,11.33,11.46,11.6,11.74,11.87,12.01,12.14
2014-06-13,11.93,12.09,12.24,12.4,12.56,12.72,12.88,13.03,13.19
2014-06-16,11.57,11.72,11.87,12.03,12.18,12.33,12.49,12.64,12.79
2014-06-17,12.0,12.16,12.33,12.49,12.65,12.81,12.97,13.14,13.3
2014-06-18,11.46,11.61,11.76,11.91,12.06,12.21,12.36,12.51,12.66
2014-06-19,10.13,10.25,10.37,10.49,10.61,10.73,10.85,10.97,11.09
2014-06-20,10.13,10.25,10.37,10.5,10.62,10.74,10.87,10.99,11.11
2014-06-23,10.35,10.47,10.6,10.72,10.85,10.98,11.1,11.23,11.35
2014-06-24,10.48,10.6,10.73,10.85,10.98,11.11,11.23,11.36,11.48
2014-06-25,11.56,11.7,11.84,11.99,12.13,12.27,12.42,12.56,12.7
2014-06-26,11.06,11.19,11.33,11.46,11.59,11.72,11.85,11.99,12.12
2014-06-27,11.1,11.23,11.36,11.5,11.63,11.76,11.9,12.03,12.16
2014-06-30,10.74,10.87,11.0,11.13,11.26,11.39,11.52,11.65,11.78
2014-07-01,11.05,11.18,11.31,11.44,11.57,11.7,11.83,11.96,12.09
2014-07-02,10.66,10.79,10.91,11.03,11.15,11.27,11.39,11.51,11.64
2014-07-03,10.36,10.47,10.59,10.7,10.82,10.94,11.05,11.17,11.28
2014-07-07,9.88,9.99,10.1,10.21,10.32,10.43,10.54,10.65,10.76
2014-07-08,10.82,10.95,11.07,11.2,11.33,11.46,11.59,11.71,11.84
2014-07-09,11.43,11.57,11.7,11.84,11.98,12.12,12.26,12.39,12.53
2014-07-10,11.09,11.23,11.37,11.51,11.65,11.79,11.93,12.07,12.21
2014-07-11,11.94,12.1,12.26,12.43,12.59,12.75,12.92,13.08,13.24
2014-07-14,11.47,11.62,11.78,11.93,12.08,12.23,12.38,12.54,12.69
2014-07-15,11.24,11.39,11.53,11.68,11.82,11.96,12.11,12.25,12.4
2014-07-16,11.37,11.51,11.66,11.81,11.96,12.11,12.26,12.41,12.55
2014-07-17,10.47,10.61,10.74,10.87,11.0,11.13,11.26,11.39,11.53
2014-07-18,13.72,13.92,14.13,14.33,14.54,14.75,14.95,15.16,15.36
2014-07-21,11.45,11.6,11.75,11.91,12.06,12.21,12.37,12.52,12.67
2014-07-22,12.15,12.32,12.48,12.65,12.81,12.97,13.14,13.3,13.47
2014-07-23,11.66,11.81,11.95,12.1,12.24,12.38,12.53,12.67,12.82
2014-07-24,10.96,11.1,11.24,11.38,11.52,11.66,11.8,11.94,12.08
2014-07-25,11.26,11.41,11.55,11.7,11.84,11.98,12.13,12.27,12.42
2014-07-28,12.04,12.2,12.37,12.53,12.69,12.85,13.01,13.18,13.34
2014-07-29,11.92,12.08,12.24,12.4,12.56,12.72,12.88,13.04,13.2
2014-07-30,12.6,12.77,12.94,13.11,13.28,13.45,13.62,13.79,13.96
2014-07-31,12.63,12.8,12.98,13.15,13.33,13.51,13.68,13.86,14.03
2014-08-01,15.91,16.17,16.43,16.69,16.95,17.21,17.47,17.73,17.99
2014-08-04,15.95,16.22,16.49,16.76,17.03,17.3,17.57,17.84,18.11
2014-08-05,14.23,14.45,14.68,14.9,15.12,15.34,15.56,15.79,16.01
2014-08-06,15.83,16.09,16.35,16.61,16.87,17.13,17.39,17.65,17.91
2014-08-07,15.38,15.62,15.87,16.12,16.37,16.62,16.87,17.12,17.36
2014-08-08,15.64,15.89,16.15,16.4,16.66,16.92,17.17,17.43,17.68
2014-08-11,14.86,15.09,15.31,15.54,15.77,16.0,16.23,16.45,16.68
2014-08-12,13.45,13.64,13.84,14.03,14.23,14.43,14.62,14.82,15.01
2014-08-13,13.36,13.56,13.75,13.94,14.13,14.32,14.51,14.7,14.9
2014-08-14,12.24,12.4,12.57,12.73,12.9,13.07,13.23,13.4,13.56
2014-08-15,11.81,11.96,12.11,12.27,12.42,12.57,12.73,12.88,13.03
2014-08-18,12.47,12.64,12.81,12.98,13.15,13.32,13.49,13.66,13.83
2014-08-19,11.69,11.85,12.01,12.16,12.32,12.48,12.63,12.79,12.95
2014-08-20,11.59,11.74,11.9,12.05,12.21,12.37,12.52,12.68,12.83
2014-08-21,11.19,11.34,11.48,11.63,11.78,11.93,12.08,12.22,12.37
2014-08-22,11.17,11.32,11.47,11.61,11.76,11.91,12.05,12.2,12.35
2014-08-25,10.9,11.04,11.18,11.33,11.47,11.61,11.76,11.9,12.04
2014-08-26,11.12,11.26,11.41,11.55,11.7,11.85,11.99,12.14,12.28
2014-08-27,11.05,11.19,11.34,11.48,11.63,11.78,11.92,12.07,12.21
2014-08-28,11.19,11.34,11.49,11.63,11.78,11.93,12.07,12.22,12.37
2014-08-29,11.44,11.59,11.74,11.9,12.05,12.2,12.36,12.51,12.66
2014-09-02,11.37,11.52,11.67,11.83,11.98,12.13,12.29,12.44,12.59
2014-09-03,11.61,11.77,11.93,12.09,12.25,12.41,12.57,12.73,12.89
2014-09-04,11.73,11.89,12.05,12.2,12.36,12.52,12.67,12.83,12.99
2014-09-05,12.0,12.16,12.32,12.48,12.64,12.8,12.96,13.12,13.28
2014-09-08,11.5,11.65,11.8,11.94,12.09,12.24,12.38,12.53,12.68
2014-09-09,12.04,12.19,12.35,12.5,12.66,12.82,12.97,13.13,13.28
2014-09-10,12.83,12.99,13.16,13.33,13.5,13.67,13.84,14.01,14.17
2014-09-11,12.21,12.38,12.55,12.71,12.88,13.05,13.21,13.38,13.55
2014-09-12,12.13,12.3,12.46,12.63,12.8,12.97,13.14,13.3,13.47
2014-09-15,12.56,12.75,12.94,13.12,13.31,13.5,13.68,13.87,14.06
2014-09-16,13.31,13.51,13.71,13.92,14.12,14.32,14.53,14.73,14.93
2014-09-17,12.05,12.22,12.39,12.56,12.73,12.9,13.07,13.24,13.41
2014-09-18,12.0,12.16,12.33,12.49,12.65,12.81,12.97,13.14,13.3
2014-09-19,11.44,11.59,11.74,11.88,12.03,12.18,12.32,12.47,12.62
2014-09-22,11.52,11.67,11.81,11.96,12.11,12.26,12.41,12.55,12.7
2014-09-23,12.94,13.12,13.31,13.5,13.69,13.88,14.07,14.26,14.44
2014-09-24,14.07,14.28,14.5,14.71,14.93,15.15,15.36,15.58,15.79
2014-09-25,12.55,12.73,12.91,13.09,13.27,13.45,13.63,13.81,13.99
2014-09-26,14.69,14.93,15.16,15.4,15.64,15.88,16.12,16.35,16.59
2014-09-29,14.0,14.21,14.43,14.64,14.85,15.06,15.27,15.49,15.7
2014-09-30,15.02,15.26,15.5,15.74,15.98,16.22,16.46,16.7,16.94
2014-10-01,15.35,15.59,15.83,16.06,16.3,16.54,16.77,17.01,17.25
2014-10-02,15.68,15.94,16.19,16.45,16.71,16.97,17.23,17.48,17.74
2014-10-03,15.21,15.44,15.68,15.92,16.16,16.4,16.64,16.88,17.11
2014-10-06,13.75,13.95,14.15,14.35,14.55,14.75,14.95,15.15,15.35
2014-10-07,14.6,14.81,15.03,15.24,15.46,15.68,15.89,16.11,16.32
2014-10-08,16.13,16.39,16.66,16.93,17.2,17.47,17.74,18.01,18.27
2014-10-09,14.26,14.47,14.69,14.9,15.11,15.32,15.53,15.75,15.96
2014-10-10,17.55,17.85,18.16,18.46,18.76,19.06,19.36,19.67,19.97
2014-10-13,19.72,20.1,20.48,20.86,21.24,21.62,22.0,22.38,22.76
2014-10-14,22.6,23.11,23.62,24.13,24.64,25.15,25.66,26.17,26.68
2014-10-15,21.06,21.49,21.92,22.36,22.79,23.22,23.66,24.09,24.52
2014-10-16,24.12,24.65,25.18,25.72,26.25,26.78,27.32,27.85,28.38
2014-10-17,23.26,23.75,24.23,24.72,25.2,25.68,26.17,26.65,27.14
2014-10-20,20.34,20.76,21.17,21.58,21.99,22.4,22.81,23.22,23.64
2014-10-21,17.3,17.62,17.93,18.25,18.57,18.89,19.21,19.52,19.84
2014-10-22,15.02,15.28,15.54,15.81,16.07,16.33,16.6,16.86,17.12
2014-10-23,16.65,16.95,17.26,17.56,17.87,18.18,18.48,18.79,19.09
2014-10-24,15.47,15.73,16.0,16.26,16.53,16.8,17.06,17.33,17.59
2014-10-27,15.05,15.32,15.58,15.85,16.11,16.37,16.64,16.9,17.17
2014-10-28,15.02,15.28,15.53,15.79,16.04,16.29,16.55,16.8,17.06
2014-10-29,13.52,13.74,13.96,14.17,14.39,14.61,14.82,15.04,15.26
2014-10-30,14.2,14.44,14.68,14.91,15.15,15.39,15.62,15.86,16.1
2014-10-31,13.62,13.84,14.07,14.29,14.52,14.75,14.97,15.2,15.42
2014-11-03,13.2,13.41,13.61,13.82,14.03,14.24,14.45,14.65,14.86
2014-11-04,13.87,14.08,14.3,14.51,14.73,14.95,15.16,15.38,15.59
2014-11-05,14.02,14.24,14.46,14.67,14.89,15.11,15.32,15.54,15.76
2014-11-06,13.39,13.59,13.78,13.98,14.17,14.36,14.56,14.75,14.95
2014-11-07,12.95,13.13,13.31,13.49,13.67,13.85,14.03,14.21,14.39
2014-11-10,12.46,12.62,12.79,12.95,13.12,13.29,13.45,13.62,13.78
2014-11-11,12.03,12.19,12.35,12.51,12.67,12.83,12.99,13.15,13.31
2014-11-12,12.27,12.43,12.6,12.76,12.92,13.08,13.24,13.41,13.57
2014-11-13,12.34,12.51,12.68,12.85,13.02,13.19,13.36,13.53,13.7
2014-11-14,13.04,13.23,13.42,13.6,13.79,13.98,14.16,14.35,14.54
2014-11-17,12.59,12.77,12.95,13.13,13.31,13.49,13.67,13.85,14.03
2014-11-18,13.24,13.43,13.62,13.8,13.99,14.18,14.36,14.55,14.74
2014-11-19,13.14,13.32,13.5,13.68,13.86,14.04,14.22,14.4,14.58
2014-11-20,13.25,13.43,13.6,13.78,13.96,14.14,14.32,14.49,14.67
2014-11-21,12.9,13.07,13.24,13.41,13.58,13.75,13.92,14.09,14.26
2014-11-24,12.26,12.42,12.58,12.74,12.9,13.06,13.22,13.38,13.54
2014-11-25,11.99,12.15,12.3,12.46,12.62,12.78,12.94,13.09,13.25
2014-11-26,11.65,11.8,11.95,12.1,12.25,12.4,12.55,12.7,12.85
2014-11-28,11.48,11.63,11.78,11.92,12.07,12.22,12.36,12.51,12.66
2014-12-01,12.66,12.83,12.99,13.16,13.33,13.5,13.67,13.83,14.0
2014-12-02,13.51,13.7,13.9,14.09,14.29,14.49,14.68,14.88,15.07
2014-12-03,12.17,12.34,12.51,12.68,12.85,13.02,13.19,13.36,13.53
2014-12-04,11.79,11.96,12.13,12.3,12.47,12.64,12.81,12.98,13.15
2014-12-05,11.72,11.88,12.05,12.21,12.38,12.55,12.71,12.88,13.04
2014-12-08,11.18,11.34,11.5,11.66,11.82,11.98,12.14,12.3,12.46
2014-12-09,13.36,13.58,13.79,14.0,14.21,14.42,14.63,14.84,15.06
2014-12-10,13.98,14.21,14.43,14.66,14.89,15.12,15.35,15.57,15.8
2014-12-11,17.16,17.5,17.85,18.19,18.53,18.87,19.21,19.56,19.9
2014-12-12,18.4,18.81,19.23,19.65,20.07,20.49,20.91,21.33,21.74
2014-12-15,19.24,19.7,20.16,20.62,21.08,21.54,22.0,22.46,22.92
2014-12-16,18.77,19.18,19.6,20.01,20.42,20.83,21.24,21.66,22.07
2014-12-17,21.6,22.09,22.58,23.08,23.57,24.06,24.56,25.05,25.54
2014-12-18,18.04,18.39,18.74,19.09,19.44,19.79,20.14,20.49,20.84
2014-12-19,15.67,15.95,16.23,16.52,16.8,17.08,17.37,17.65,17.93
2014-12-22,15.45,15.71,15.97,16.22,16.48,16.74,16.99,17.25,17.51
2014-12-23,14.29,14.53,14.77,15.01,15.25,15.49,15.73,15.97,16.21
2014-12-24,13.92,14.14,14.36,14.58,14.8,15.02,15.24,15.46,15.68
2014-12-26,13.51,13.72,13.94,14.15,14.37,14.59,14.8,15.02,15.23
2014-12-29,13.66,13.87,14.08,14.29,14.5,14.71,14.92,15.13,15.34
2014-12-30,14.16,14.39,14.61,14.84,15.06,15.28,15.51,15.73,15.96
2014-12-31,14.94,15.18,15.43,15.67,15.92,16.17,16.41,16.66,16.9
2015-01-02,17.83,18.17,18.52,18.86,19.2,19.54,19.88,20.23,20.57
2015-01-05,16.53,16.84,17.16,17.47,17.79,18.11,18.42,18.74,19.05
2015-01-06,18.39,18.77,19.16,19.54,19.92,20.3,20.68,21.07,21.45
2015-01-07,19.54,19.94,20.33,20.73,21.12,21.51,21.91,22.3,22.7
2015-01-08,17.99,18.32,18.65,18.97,19.3,19.63,19.95,20.28,20.61
2015-01-09,15.96,16.22,16.48,16.75,17.01,17.27,17.54,17.8,18.06
2015-01-12,16.4,16.69,16.98,17.26,17.55,17.84,18.12,18.41,18.7
2015-01-13,18.25,18.59,18.93,19.26,19.6,19.94,20.27,20.61,20.95
2015-01-14,19.15,19.5,19.85,20.21,20.56,20.91,21.27,21.62,21.97
2015-01-15,19.94,20.33,20.71,21.1,21.48,21.86,22.25,22.63,23.02
2015-01-16,20.74,21.15,21.56,21.98,22.39,22.8,23.22,23.63,24.04
2015-01-20,19.48,19.85,20.22,20.58,20.95,21.32,21.68,22.05,22.42
2015-01-21,18.53,18.87,19.21,19.55,19.89,20.23,20.57,20.91,21.25
2015-01-22,17.68,17.97,18.26,18.56,18.85,19.14,19.44,19.73,20.02
2015-01-23,15.43,15.67,15.91,16.15,16.39,16.63,16.87,17.11,17.35
2015-01-26,15.65,15.9,16.15,16.41,16.66,16.91,17.17,17.42,17.67
2015-01-27,14.62,14.85,15.07,15.3,15.52,15.74,15.97,16.19,16.42
2015-01-28,16.18,16.44,16.7,16.96,17.22,17.48,17.74,18.0,18.26
2015-01-29,19.04,19.39,19.74,20.09,20.44,20.79,21.14,21.49,21.84
2015-01-30,17.57,17.87,18.16,18.46,18.76,19.06,19.36,19.65,19.95
2015-02-02,19.53,19.89,20.25,20.61,20.97,21.33,21.69,22.05,22.41
2015-02-03,18.12,18.45,18.78,19.1,19.43,19.76,20.08,20.41,20.74
2015-02-04,16.22,16.49,16.77,17.04,17.32,17.6,17.87,18.15,18.42
2015-02-05,17.12,17.42,17.72,18.02,18.32,18.62,18.92,19.22,19.52
2015-02-06,15.8,16.07,16.33,16.59,16.85,17.11,17.37,17.63,17.9
2015-02-09,16.18,16.46,16.74,17.01,17.29,17.57,17.84,18.12,18.4
2015-02-10,17.33,17.64,17.94,18.25,18.55,18.85,19.16,19.46,19.77
2015-02-11,16.17,16.44,16.7,16.97,17.23,17.49,17.76,18.02,18.29
2015-02-12,15.91,16.17,16.43,16.7,16.96,17.22,17.49,17.75,18.01
2015-02-13,14.44,14.66,14.89,15.11,15.34,15.57,15.79,16.02,16.24
2015-02-17,13.83,14.05,14.26,14.48,14.69,14.9,15.12,15.33,15.55
2015-02-18,14.87,15.11,15.34,15.57,15.8,16.03,16.26,16.49,16.73
2015-02-19,14.58,14.8,15.02,15.23,15.45,15.67,15.88,16.1,16.32
2015-02-20,14.45,14.66,14.87,15.08,15.29,15.5,15.71,15.92,16.13
2015-02-23,13.53,13.72,13.91,14.11,14.3,14.49,14.69,14.88,15.07
2015-02-24,13.77,13.97,14.17,14.36,14.56,14.76,14.95,15.15,15.35
2015-02-25,12.98,13.16,13.33,13.51,13.69,13.87,14.05,14.22,14.4
2015-02-26,13.09,13.27,13.46,13.65,13.84,14.03,14.22,14.41,14.59
2015-02-27,13.15,13.34,13.53,13.72,13.91,14.1,14.29,14.48,14.67
2015-03-02,12.62,12.8,12.98,13.16,13.34,13.52,13.7,13.88,14.06
2015-03-03,12.37,12.54,12.7,12.87,13.04,13.21,13.38,13.54,13.71
2015-03-04,13.12,13.3,13.49,13.67,13.86,14.05,14.23,14.42,14.6
2015-03-05,13.48,13.66,13.85,14.04,14.23,14.42,14.61,14.8,14.98
2015-03-06,13.32,13.5,13.68,13.86,14.04,14.22,14.4,14.58,14.76
2015-03-09,14.37,14.58,14.78,14.99,15.2,15.41,15.62,15.82,16.03
2015-03-10,14.25,14.45,14.65,14.86,15.06,15.26,15.47,15.67,15.87
2015-03-11,15.72,15.97,16.21,16.45,16.69,16.93,17.17,17.41,17.66
2015-03-12,15.84,16.09,16.35,16.61,16.87,17.13,17.39,17.65,17.9
2015-03-13,14.55,14.77,14.99,15.2,15.42,15.64,15.85,16.07,16.29
2015-03-16,15.06,15.3,15.53,15.77,16.0,16.23,16.47,16.7,16.94
2015-03-17,14.72,14.94,15.16,15.39,15.61,15.83,16.06,16.28,16.5
2015-03-18,14.79,15.01,15.22,15.44,15.66,15.88,16.1,16.31,16.53
2015-03-19,13.26,13.43,13.61,13.79,13.97,14.15,14.33,14.51,14.68
2015-03-20,13.35,13.53,13.71,13.89,14.07,14.25,14.43,14.61,14.79
2015-03-23,12.36,12.52,12.69,12.85,13.02,13.19,13.35,13.52,13.68
2015-03-24,12.73,12.9,13.07,13.24,13.41,13.58,13.75,13.92,14.09
2015-03-25,12.93,13.1,13.28,13.45,13.62,13.79,13.96,14.14,14.31
2015-03-26,14.63,14.83,15.03,15.24,15.44,15.64,15.85,16.05,16.25
2015-03-27,14.93,15.15,15.37,15.58,15.8,16.02,16.23,16.45,16.67
2015-03-30,14.25,14.45,14.66,14.86,15.07,15.28,15.48,15.69,15.89
2015-03-31,13.76,13.95,14.13,14.32,14.51,14.7,14.89,15.07,15.26
2015-04-01,14.48,14.68,14.89,15.09,15.29,15.49,15.69,15.9,16.1
2015-04-02,14.32,14.52,14.72,14.91,15.11,15.31,15.5,15.7,15.9
2015-04-06,13.93,14.11,14.3,14.48,14.67,14.86,15.04,15.23,15.41
2015-04-07,13.99,14.18,14.37,14.55,14.74,14.93,15.11,15.3,15.49
2015-04-08,14.04,14.22,14.41,14.59,14.78,14.97,15.15,15.34,15.52
2015-04-09,13.23,13.42,13.61,13.79,13.98,14.17,14.35,14.54,14.73
2015-04-10,12.42,12.59,12.76,12.92,13.09,13.26,13.42,13.59,13.76
2015-04-13,11.95,12.11,12.27,12.42,12.58,12.74,12.89,13.05,13.21
2015-04-14,13.2,13.39,13.57,13.76,13.94,14.12,14.31,14.49,14.68
2015-04-15,12.96,13.14,13.32,13.49,13.67,13.85,14.02,14.2,14.38
2015-04-16,12.19,12.36,12.52,12.68,12.84,13.0,13.16,13.32,13.49
2015-04-17,11.97,12.13,12.28,12.44,12.6,12.76,12.92,13.07,13.23
2015-04-20,13.14,13.33,13.51,13.7,13.89,14.08,14.27,14.45,14.64
2015-04-21,12.62,12.79,12.96,13.13,13.3,13.47,13.64,13.81,13.98
2015-04-22,12.57,12.74,12.91,13.08,13.25,13.42,13.59,13.76,13.93
2015-04-23,12.07,12.23,12.39,12.55,12.71,12.87,13.03,13.19,13.35
2015-04-24,11.87,12.02,12.17,12.33,12.48,12.63,12.79,12.94,13.09
2015-04-27,11.7,11.85,11.99,12.14,12.29,12.44,12.59,12.73,12.88
2015-04-28,12.45,12.62,12.78,12.95,13.12,13.29,13.46,13.62,13.79
2015-04-29,11.8,11.95,12.11,12.26,12.41,12.56,12.71,12.87,13.02
2015-04-30,12.7,12.87,13.04,13.22,13.39,13.56,13.74,13.91,14.08
2015-05-01,13.75,13.95,14.15,14.35,14.55,14.75,14.95,15.15,15.35
2015-05-04,12.06,12.22,12.38,12.54,12.7,12.86,13.02,13.18,13.34
2015-05-05,12.21,12.37,12.53,12.69,12.85,13.01,13.17,13.33,13.49
2015-05-06,13.55,13.74,13.93,14.12,14.31,14.5,14.69,14.88,15.07
2015-05-07,14.28,14.5,14.72,14.93,15.15,15.37,15.58,15.8,16.02
2015-05-08,14.28,14.49,14.7,14.92,15.13,15.34,15.56,15.77,15.98
2015-05-11,12.22,12.38,12.54,12.7,12.86,13.02,13.18,13.34,13.5
2015-05-12,13.12,13.31,13.49,13.67,13.85,14.03,14.21,14.39,14.58
2015-05-13,13.12,13.31,13.49,13.68,13.86,14.04,14.23,14.41,14.6
2015-05-14,13.03,13.21,13.39,13.58,13.76,13.94,14.13,14.31,14.49
2015-05-15,12.08,12.24,12.41,12.57,12.74,12.91,13.07,13.24,13.4
2015-05-18,11.75,11.91,12.06,12.22,12.38,12.54,12.7,12.85,13.01
2015-05-19,12.07,12.24,12.4,12.57,12.73,12.89,13.06,13.22,13.39
2015-05-20,12.22,12.38,12.54,12.69,12.85,13.01,13.16,13.32,13.48
2015-05-21,12.26,12.41,12.57,12.72,12.88,13.04,13.19,13.35,13.5
2015-05-22,11.55,11.69,11.83,11.97,12.11,12.25,12.39,12.53,12.67
2015-05-26,11.55,11.69,11.84,11.98,12.13,12.28,12.42,12.57,12.71
2015-05-27,13.33,13.52,13.7,13.88,14.06,14.24,14.42,14.6,14.79
2015-05-28,12.62,12.78,12.94,13.11,13.27,13.43,13.6,13.76,13.92
2015-05-29,12.66,12.82,12.99,13.15,13.31,13.47,13.63,13.8,13.96
2015-06-01,13.15,13.32,13.5,13.67,13.84,14.01,14.18,14.36,14.53
2015-06-02,13.28,13.45,13.62,13.8,13.97,14.14,14.32,14.49,14.66
2015-06-03,13.52,13.7,13.88,14.06,14.24,14.42,14.6,14.78,14.96
2015-06-04,12.98,13.15,13.32,13.49,13.66,13.83,14.0,14.17,14.34
2015-06-05,13.89,14.1,14.3,14.51,14.71,14.91,15.12,15.32,15.53
2015-06-08,13.46,13.65,13.83,14.02,14.21,14.4,14.59,14.77,14.96
2015-06-09,14.46,14.67,14.87,15.08,15.29,15.5,15.71,15.91,16.12
2015-06-10,13.7,13.89,14.09,14.28,14.47,14.66,14.85,15.05,15.24
2015-06-11,12.54,12.71,12.88,13.05,13.22,13.39,13.56,13.73,13.9
2015-06-12,12.21,12.37,12.53,12.69,12.85,13.01,13.17,13.33,13.49
2015-06-15,13.04,13.22,13.41,13.59,13.78,13.97,14.15,14.34,14.52
2015-06-16,14.46,14.69,14.92,15.16,15.39,15.62,15.86,16.09,16.32
2015-06-17,13.91,14.14,14.36,14.59,14.81,15.03,15.26,15.48,15.71
2015-06-18,13.65,13.86,14.07,14.29,14.5,14.71,14.93,15.14,15.35
2015-06-19,12.45,12.63,12.82,13.0,13.19,13.38,13.56,13.75,13.93
2015-06-22,13.15,13.35,13.55,13.76,13.96,14.16,14.37,14.57,14.77
2015-06-23,12.07,12.24,12.4,12.57,12.74,12.91,13.08,13.24,13.41
2015-06-24,11.51,11.66,11.81,11.96,12.11,12.26,12.41,12.56,12.71
2015-06-25,12.57,12.74,12.92,13.09,13.26,13.43,13.6,13.78,13.95
2015-06-26,13.27,13.46,13.64,13.83,14.01,14.19,14.38,14.56,14.75
2015-06-29,13.29,13.47,13.65,13.84,14.02,14.2,14.39,14.57,14.75
2015-06-30,17.46,17.81,18.16,18.5,18.85,19.2,19.54,19.89,20.24
2015-07-01,16.96,17.28,17.6,17.91,18.23,18.55,18.86,19.18,19.5
2015-07-02,15.1,15.35,15.6,15.84,16.09,16.34,16.58,16.83,17.08
2015-07-06,15.68,15.96,16.23,16.51,16.79,17.07,17.35,17.62,17.9
2015-07-07,15.87,16.16,16.44,16.73,17.01,17.29,17.58,17.86,18.15
2015-07-08,15.08,15.33,15.59,15.84,16.09,16.34,16.59,16.85,17.1
2015-07-09,18.28,18.62,18.97,19.31,19.66,20.01,20.35,20.7,21.04
2015-07-10,18.52,18.88,19.24,19.61,19.97,20.33,20.7,21.06,21.42
2015-07-13,15.75,16.02,16.28,16.55,16.82,17.09,17.36,17.62,17.89
2015-07-14,13.15,13.34,13.52,13.71,13.9,14.09,14.28,14.46,14.65
2015-07-15,12.63,12.82,13.0,13.19,13.37,13.55,13.74,13.92,14.11
2015-07-16,12.47,12.66,12.85,13.04,13.23,13.42,13.61,13.8,13.99
2015-07-17,11.45,11.61,11.78,11.94,12.11,12.28,12.44,12.61,12.77
2015-07-20,11.31,11.47,11.63,11.79,11.95,12.11,12.27,12.43,12.59
2015-07-21,11.6,11.76,11.92,12.09,12.25,12.41,12.58,12.74,12.9
2015-07-22,11.58,11.74,11.9,12.06,12.22,12.38,12.54,12.7,12.86
2015-07-23,11.52,11.67,11.82,11.97,12.12,12.27,12.42,12.57,12.72
2015-07-24,11.99,12.15,12.31,12.48,12.64,12.8,12.97,13.13,13.29
2015-07-27,12.98,13.17,13.36,13.55,13.74,13.93,14.12,14.31,14.5
2015-07-28,14.64,14.88,15.12,15.36,15.6,15.84,16.08,16.32,16.56
2015-07-29,12.72,12.9,13.08,13.26,13.44,13.62,13.8,13.98,14.16
2015-07-30,11.85,12.01,12.17,12.34,12.5,12.66,12.83,12.99,13.15
2015-07-31,11.51,11.67,11.82,11.98,12.13,12.28,12.44,12.59,12.75
2015-08-03,11.5,11.65,11.81,11.96,12.12,12.28,12.43,12.59,12.74
2015-08-04,11.93,12.09,12.25,12.4,12.56,12.72,12.87,13.03,13.19
2015-08-05,12.34,12.5,12.67,12.83,13.0,13.17,13.33,13.5,13.66
2015-08-06,11.88,12.04,12.19,12.35,12.51,12.67,12.83,12.98,13.14
2015-08-07,13.04,13.22,13.4,13.59,13.77,13.95,14.14,14.32,14.5
2015-08-10,12.69,12.87,13.04,13.22,13.39,13.56,13.74,13.91,14.09
2015-08-11,11.61,11.77,11.92,12.08,12.23,12.38,12.54,12.69,12.85
2015-08-12,12.97,13.16,13.34,13.53,13.71,13.89,14.08,14.26,14.45
2015-08-13,12.85,13.04,13.23,13.42,13.61,13.8,13.99,14.18,14.37
2015-08-14,12.74,12.93,13.11,13.3,13.49,13.68,13.87,14.05,14.24
2015-08-17,12.11,12.29,12.47,12.65,12.83,13.01,13.19,13.37,13.55
2015-08-18,12.3,12.48,12.66,12.84,13.02,13.2,13.38,13.56,13.74
2015-08-19,13.02,13.21,13.4,13.6,13.79,13.98,14.18,14.37,14.56
2015-08-20,14.37,14.59,14.81,15.03,15.25,15.47,15.69,15.91,16.13
2015-08-21,17.83,18.16,18.48,18.81,19.14,19.47,19.8,20.12,20.45
2015-08-24,25.58,26.19,26.81,27.42,28.03,28.64,29.25,29.87,30.48
2015-08-25,36.41,37.49,38.57,39.66,40.74,41.82,42.91,43.99,45.07
2015-08-26,32.56,33.43,34.29,35.16,36.02,36.88,37.75,38.61,39.48
2015-08-27,27.75,28.4,29.04,29.68,30.32,30.96,31.6,32.24,32.89
2015-08-28,23.99,24.51,25.04,25.57,26.1,26.63,27.16,27.69,28.21
2015-08-31,23.96,24.48,25.01,25.53,26.05,26.57,27.09,27.62,28.14
2015-09-01,26.15,26.72,27.29,27.86,28.43,29.0,29.57,30.14,30.71
2015-09-02,28.85,29.49,30.12,30.76,31.4,32.04,32.68,33.31,33.95
2015-09-03,24.21,24.68,25.15,25.62,26.09,26.56,27.03,27.5,27.97
2015-09-04,23.7,24.18,24.66,25.13,25.61,26.09,26.56,27.04,27.52
2015-09-08,25.64,26.18,26.72,27.26,27.8,28.34,28.88,29.42,29.96
2015-09-09,23.06,23.52,23.98,24.44,24.9,25.36,25.82,26.28,26.74
2015-09-10,24.06,24.6,25.15,25.69,26.23,26.77,27.31,27.86,28.4
2015-09-11,22.42,22.91,23.39,23.88,24.37,24.86,25.35,25.83,26.32
2015-09-14,21.46,21.89,22.33,22.76,23.2,23.64,24.07,24.51,24.94
2015-09-15,22.45,22.9,23.35,23.8,24.25,24.7,25.15,25.6,26.05
2015-09-16,20.99,21.38,21.76,22.15,22.54,22.93,23.32,23.7,24.09
2015-09-17,19.91,20.27,20.63,20.99,21.35,21.71,22.07,22.43,22.79
2015-09-18,19.57,19.96,20.35,20.75,21.14,21.53,21.93,22.32,22.71
2015-09-21,20.65,21.06,21.46,21.87,22.28,22.69,23.1,23.5,23.91
2015-09-22,18.83,19.16,19.48,19.81,20.14,20.47,20.8,21.12,21.45
2015-09-23,20.87,21.26,21.65,22.05,22.44,22.83,23.23,23.62,24.01
2015-09-24,20.65,21.02,21.39,21.76,22.13,22.5,22.87,23.24,23.61
2015-09-25,21.84,22.25,22.66,23.06,23.47,23.88,24.28,24.69,25.1
2015-09-28,21.98,22.39,22.8,23.21,23.62,24.03,24.44,24.85,25.26
2015-09-29,25.62,26.12,26.63,27.13,27.63,28.13,28.63,29.14,29.64
2015-09-30,24.95,25.42,25.89,26.36,26.83,27.3,27.77,28.24,28.71
2015-10-01,22.91,23.3,23.7,24.1,24.5,24.9,25.3,25.7,26.09
2015-10-02,21.15,21.5,21.85,22.2,22.55,22.9,23.25,23.6,23.95
2015-10-05,19.69,20.0,20.31,20.63,20.94,21.25,21.57,21.88,22.19
2015-10-06,18.4,18.69,18.97,19.26,19.54,19.82,20.11,20.39,20.68
2015-10-07,18.26,18.54,18.83,19.11,19.39,19.67,19.95,20.24,20.52
2015-10-08,17.35,17.61,17.87,18.13,18.39,18.65,18.91,19.17,19.43
2015-10-09,16.45,16.69,16.93,17.18,17.42,17.66,17.91,18.15,18.39
2015-10-12,16.11,16.35,16.59,16.83,17.07,17.31,17.55,17.79,18.03
2015-10-13,15.27,15.5,15.72,15.95,16.17,16.39,16.62,16.84,17.07
2015-10-14,16.58,16.85,17.12,17.4,17.67,17.94,18.22,18.49,18.76
2015-10-15,16.87,17.16,17.45,17.74,18.03,18.32,18.61,18.9,19.19
2015-10-16,15.07,15.32,15.56,15.81,16.05,16.29,16.54,16.78,17.03
2015-10-19,14.12,14.36,14.59,14.82,15.05,15.28,15.51,15.74,15.98
2015-10-20,14.09,14.31,14.53,14.76,14.98,15.2,15.43,15.65,15.87
2015-10-21,14.79,15.03,15.27,15.51,15.75,15.99,16.23,16.47,16.71
2015-10-22,15.58,15.86,16.14,16.42,16.7,16.98,17.26,17.54,17.82
2015-10-23,13.57,13.79,14.01,14.23,14.45,14.67,14.89,15.11,15.33
2015-10-26,13.57,13.8,14.02,14.24,14.46,14.68,14.9,15.12,15.35
2015-10-27,14.35,14.58,14.82,15.05,15.29,15.53,15.76,16.0,16.23
2015-10-28,14.5,14.74,14.97,15.2,15.43,15.66,15.89,16.12,16.36
2015-10-29,13.53,13.73,13.93,14.13,14.33,14.53,14.73,14.93,15.13
2015-10-30,13.79,14.0,14.2,14.41,14.61,14.81,15.02,15.22,15.43
2015-11-02,14.21,14.43,14.64,14.86,15.07,15.28,15.5,15.71,15.93
2015-11-03,13.38,13.57,13.76,13.96,14.15,14.34,14.54,14.73,14.92
2015-11-04,13.74,13.94,14.14,14.34,14.54,14.74,14.94,15.14,15.34
2015-11-05,14.64,14.85,15.07,15.29,15.51,15.73,15.95,16.17,16.38
2015-11-06,14.22,14.43,14.63,14.84,15.05,15.26,15.47,15.67,15.88
2015-11-09,13.56,13.75,13.95,14.14,14.33,14.52,14.71,14.91,15.1
2015-11-10,15.55,15.79,16.04,16.28,16.52,16.76,17.0,17.25,17.49
2015-11-11,14.45,14.66,14.87,15.08,15.29,15.5,15.71,15.92,16.13
2015-11-12,15.13,15.36,15.59,15.82,16.05,16.28,16.51,16.74,16.97
2015-11-13,17.23,17.52,17.8,18.09,18.37,18.65,18.94,19.22,19.51
2015-11-16,18.73,19.06,19.4,19.73,20.07,20.41,20.74,21.08,21.41
2015-11-17,17.05,17.33,17.61,17.88,18.16,18.44,18.71,18.99,19.27
2015-11-18,17.65,17.95,18.24,18.54,18.84,19.14,19.44,19.73,20.03
2015-11-19,15.86,16.11,16.35,16.6,16.85,17.1,17.35,17.59,17.84
2015-11-20,15.95,16.21,16.47,16.72,16.98,17.24,17.49,17.75,18.01
2015-11-23,14.59,14.81,15.03,15.25,15.47,15.69,15.91,16.13,16.35
2015-11-24,14.75,14.97,15.18,15.4,15.62,15.84,16.06,16.27,16.49
2015-11-25,15.03,15.26,15.48,15.71,15.93,16.15,16.38,16.6,16.83
2015-11-27,14.37,14.57,14.78,14.98,15.19,15.4,15.6,15.81,16.01
2015-11-30,14.28,14.49,14.7,14.91,15.12,15.33,15.54,15.75,15.96
2015-12-01,15.21,15.44,15.67,15.9,16.13,16.36,16.59,16.82,17.05
2015-12-02,13.86,14.06,14.27,14.47,14.67,14.87,15.07,15.28,15.48
2015-12-03,14.98,15.21,15.44,15.68,15.91,16.14,16.38,16.61,16.84
2015-12-04,16.95,17.24,17.53,17.82,18.11,18.4,18.69,18.98,19.27
2015-12-07,13.98,14.19,14.39,14.6,14.81,15.02,15.23,15.43,15.64
2015-12-08,14.9,15.13,15.37,15.6,15.84,16.08,16.31,16.55,16.78
2015-12-09,16.5,16.78,17.05,17.33,17.6,17.87,18.15,18.42,18.7
2015-12-10,18.2,18.56,18.91,19.26,19.61,19.96,20.31,20.66,21.02
2015-12-11,17.95,18.3,18.65,18.99,19.34,19.69,20.03,20.38,20.73
2015-12-14,22.38,22.88,23.38,23.89,24.39,24.89,25.4,25.9,26.4
2015-12-15,20.98,21.42,21.85,22.29,22.73,23.17,23.61,24.04,24.48
2015-12-16,19.44,19.82,20.2,20.57,20.95,21.33,21.7,22.08,22.46
2015-12-17,16.63,16.94,17.25,17.55,17.86,18.17,18.47,18.78,19.09
2015-12-18,17.59,17.92,18.26,18.6,18.94,19.28,19.62,19.96,20.29
2015-12-21,19.16,19.54,19.93,20.31,20.7,21.09,21.47,21.86,22.24
2015-12-22,17.41,17.73,18.06,18.38,18.7,19.02,19.34,19.67,19.99
2015-12-23,15.54,15.81,16.07,16.34,16.6,16.86,17.13,17.39,17.66
2015-12-24,14.59,14.84,15.08,15.33,15.57,15.81,16.06,16.3,16.55
2015-12-28,14.75,15.0,15.24,15.49,15.74,15.99,16.24,16.48,16.73
2015-12-29,15.85,16.12,16.38,16.65,16.91,17.17,17.44,17.7,17.97
2015-12-30,15.11,15.35,15.59,15.83,16.07,16.31,16.55,16.79,17.03
2015-12-31,16.19,16.47,16.74,17.02,17.29,17.56,17.84,18.11,18.39
2016-01-04,17.06,17.35,17.64,17.92,18.21,18.5,18.78,19.07,19.36
2016-01-05,19.3,19.65,20.0,20.35,20.7,21.05,21.4,21.75,22.1
2016-01-06,18.1,18.41,18.72,19.03,19.34,19.65,19.96,20.27,20.58
2016-01-07,19.25,19.59,19.92,20.26,20.59,20.92,21.26,21.59,21.93
2016-01-08,23.16,23.61,24.07,24.53,24.99,25.45,25.91,26.37,26.82
2016-01-11,25.03,25.52,26.02,26.51,27.01,27.51,28.0,28.5,28.99
2016-01-12,22.62,23.04,23.46,23.88,24.3,24.72,25.14,25.56,25.98
2016-01-13,20.99,21.36,21.73,22.1,22.47,22.84,23.21,23.58,23.95
2016-01-14,23.36,23.82,24.29,24.75,25.22,25.69,26.15,26.62,27.08
2016-01-15,22.29,22.7,23.12,23.53,23.95,24.37,24.78,25.2,25.61
2016-01-19,25.04,25.53,26.03,26.52,27.02,27.52,28.01,28.51,29.0
2016-01-20,24.18,24.65,25.12,25.58,26.05,26.52,26.98,27.45,27.92
2016-01-21,25.63,26.12,26.61,27.1,27.59,28.08,28.57,29.06,29.55
2016-01-22,24.87,25.32,25.78,26.23,26.69,27.15,27.6,28.06,28.51
2016-01-25,20.95,21.3,21.64,21.99,22.34,22.69,23.04,23.38,23.73
2016-01-26,22.58,22.98,23.37,23.76,24.15,24.54,24.93,25.32,25.72
2016-01-27,21.11,21.45,21.8,22.15,22.5,22.85,23.2,23.55,23.89
2016-01-28,21.65,22.02,22.38,22.75,23.11,23.47,23.84,24.2,24.57
2016-01-29,21.06,21.4,21.74,22.08,22.42,22.76,23.1,23.44,23.78
2016-02-01,19.06,19.34,19.63,19.91,20.2,20.49,20.77,21.06,21.34
2016-02-02,18.85,19.13,19.42,19.7,19.98,20.26,20.54,20.83,21.11
2016-02-03,20.63,20.97,21.3,21.64,21.98,22.32,22.66,22.99,23.33
2016-02-04,20.32,20.65,20.99,21.32,21.65,21.98,22.31,22.65,22.98
2016-02-05,20.53,20.86,21.18,21.51,21.84,22.17,22.5,22.82,23.15
2016-02-08,21.9,22.27,22.64,23.01,23.38,23.75,24.12,24.49,24.86
2016-02-09,24.29,24.72,25.14,25.57,26.0,26.43,26.86,27.28,27.71
2016-02-10,24.82,25.25,25.68,26.11,26.54,26.97,27.4,27.83,28.26
2016-02-11,24.53,24.97,25.41,25.85,26.29,26.73,27.17,27.61,28.05
2016-02-12,26.24,26.71,27.19,27.66,28.14,28.62,29.09,29.57,30.04
2016-02-16,23.75,24.16,24.57,24.99,25.4,25.81,26.23,26.64,27.05
2016-02-17,22.68,23.04,23.39,23.75,24.11,24.47,24.83,25.18,25.54
2016-02-18,21.06,21.37,21.68,22.0,22.31,22.62,22.94,23.25,23.56
2016-02-19,20.45,20.75,21.04,21.34,21.64,21.94,22.24,22.53,22.83
2016-02-22,19.41,19.69,19.97,20.25,20.53,20.81,21.09,21.37,21.65
2016-02-23,18.33,18.59,18.85,19.12,19.38,19.64,19.91,20.17,20.43
2016-02-24,19.79,20.09,20.39,20.68,20.98,21.28,21.57,21.87,22.17
2016-02-25,19.59,19.87,20.15,20.44,20.72,21.0,21.29,21.57,21.85
2016-02-26,18.1,18.36,18.61,18.86,19.11,19.36,19.61,19.86,20.12
2016-02-29,18.76,19.02,19.28,19.54,19.8,20.06,20.32,20.58,20.84
2016-03-01,19.45,19.72,20.0,20.27,20.55,20.83,21.1,21.38,21.65
2016-03-02,16.81,17.04,17.26,17.48,17.7,17.92,18.14,18.36,18.59
2016-03-03,16.24,16.45,16.67,16.88,17.09,17.3,17.51,17.73,17.94
2016-03-04,15.86,16.07,16.28,16.49,16.7,16.91,17.12,17.33,17.54
2016-03-07,15.99,16.21,16.42,16.64,16.86,17.08,17.3,17.51,17.73
2016-03-08,16.45,16.68,16.9,17.13,17.35,17.57,17.8,18.02,18.25
2016-03-09,17.64,17.9,18.16,18.41,18.67,18.93,19.18,19.44,19.7
2016-03-10,17.27,17.54,17.8,18.07,18.34,18.61,18.88,19.14,19.41
2016-03-11,16.97,17.24,17.51,17.78,18.05,18.32,18.59,18.86,19.13
2016-03-14,15.54,15.78,16.02,16.26,16.5,16.74,16.98,17.22,17.46
2016-03-15,15.96,16.2,16.44,16.68,16.92,17.16,17.4,17.64,17.88
2016-03-16,15.88,16.12,16.36,16.6,16.84,17.08,17.32,17.56,17.8
2016-03-17,14.19,14.39,14.59,14.79,14.99,15.19,15.39,15.59,15.79
2016-03-18,13.67,13.86,14.05,14.25,14.44,14.63,14.83,15.02,15.21
2016-03-21,13.26,13.45,13.64,13.83,14.02,14.21,14.4,14.59,14.78
2016-03-22,13.03,13.22,13.41,13.6,13.79,13.98,14.17,14.36,14.55
2016-03-23,13.41,13.6,13.79,13.98,14.17,14.36,14.55,14.74,14.93
2016-03-24,14.13,14.33,14.54,14.74,14.94,15.14,15.34,15.55,15.75
2016-03-28,13.96,14.15,14.35,14.54,14.74,14.94,15.13,15.33,15.52
2016-03-29,14.44,14.64,14.84,15.04,15.24,15.44,15.64,15.84,16.04
2016-03-30,13.11,13.29,13.47,13.64,13.82,14.0,14.17,14.35,14.53
2016-03-31,12.87,13.05,13.22,13.39,13.56,13.73,13.9,14.07,14.25
2016-04-01,13.22,13.4,13.59,13.77,13.95,14.13,14.31,14.5,14.68
2016-04-04,12.43,12.6,12.76,12.93,13.1,13.27,13.44,13.6,13.77
2016-04-05,13.37,13.56,13.74,13.93,14.12,14.31,14.5,14.68,14.87
2016-04-06,14.55,14.77,14.99,15.2,15.42,15.64,15.85,16.07,16.29
2016-04-07,13.33,13.52,13.71,13.9,14.09,14.28,14.47,14.66,14.85
2016-04-08,15.22,15.45,15.69,15.92,16.16,16.4,16.63,16.87,17.1
2016-04-11,14.49,14.71,14.93,15.14,15.36,15.58,15.79,16.01,16.23
2016-04-12,15.31,15.55,15.78,16.02,16.26,16.5,16.74,16.97,17.21
2016-04-13,14.01,14.22,14.43,14.64,14.85,15.06,15.27,15.48,15.69
2016-04-14,13.07,13.27,13.46,13.65,13.84,14.03,14.22,14.41,14.61
2016-04-15,12.96,13.15,13.34,13.53,13.72,13.91,14.1,14.29,14.48
2016-04-18,12.85,13.04,13.23,13.43,13.62,13.81,14.01,14.2,14.39
2016-04-19,12.62,12.8,12.99,13.17,13.35,13.53,13.71,13.9,14.08
2016-04-20,12.51,12.7,12.88,13.06,13.24,13.42,13.6,13.78,13.97
2016-04-21,12.54,12.73,12.91,13.1,13.28,13.46,13.65,13.83,14.02
2016-04-22,13.18,13.38,13.57,13.76,13.95,14.14,14.33,14.52,14.72
2016-04-25,12.52,12.69,12.87,13.04,13.22,13.4,13.57,13.75,13.92
2016-04-26,13.32,13.51,13.7,13.89,14.08,14.27,14.46,14.65,14.84
2016-04-27,13.22,13.4,13.59,13.77,13.96,14.15,14.33,14.52,14.7
2016-04-28,13.05,13.23,13.41,13.59,13.77,13.95,14.13,14.31,14.49
2016-04-29,14.38,14.59,14.8,15.01,15.22,15.43,15.64,15.85,16.06
2016-05-02,14.79,15.02,15.25,15.47,15.7,15.93,16.15,16.38,16.61
2016-05-03,13.85,14.06,14.27,14.47,14.68,14.89,15.09,15.3,15.51
2016-05-04,14.7,14.92,15.15,15.37,15.6,15.83,16.05,16.28,16.5
2016-05-05,15.12,15.35,15.59,15.82,16.05,16.28,16.51,16.75,16.98
2016-05-06,14.99,15.22,15.45,15.68,15.91,16.14,16.37,16.6,16.83
2016-05-09,13.9,14.1,14.31,14.51,14.72,14.93,15.13,15.34,15.54
2016-05-10,13.78,13.98,14.17,14.37,14.57,14.77,14.97,15.16,15.36
2016-05-11,12.89,13.08,13.26,13.45,13.63,13.81,14.0,14.18,14.37
2016-05-12,13.84,14.05,14.27,14.48,14.69,14.9,15.11,15.33,15.54
2016-05-13,13.58,13.79,14.0,14.2,14.41,14.62,14.82,15.03,15.24
2016-05-16,14.15,14.37,14.59,14.82,15.04,15.26,15.49,15.71,15.93
2016-05-17,13.84,14.05,14.26,14.47,14.68,14.89,15.1,15.31,15.52
2016-05-18,14.67,14.9,15.12,15.35,15.57,15.79,16.02,16.24,16.47
2016-05-19,15.05,15.27,15.5,15.72,15.95,16.18,16.4,16.63,16.85
2016-05-20,15.39,15.62,15.86,16.09,16.32,16.55,16.78,17.02,17.25
2016-05-23,14.38,14.59,14.79,15.0,15.2,15.4,15.61,15.81,16.02
2016-05-24,14.98,15.19,15.4,15.61,15.82,16.03,16.24,16.45,16.66
2016-05-25,13.7,13.88,14.06,14.24,14.42,14.6,14.78,14.96,15.14
2016-05-26,13.21,13.38,13.56,13.73,13.9,14.07,14.24,14.42,14.59
2016-05-27,12.77,12.94,13.1,13.27,13.43,13.59,13.76,13.92,14.09
2016-05-31,12.49,12.65,12.81,12.96,13.12,13.28,13.43,13.59,13.75
2016-06-01,13.48,13.66,13.83,14.01,14.19,14.37,14.55,14.72,14.9
2016-06-02,13.49,13.67,13.85,14.02,14.2,14.38,14.55,14.73,14.91
2016-06-03,12.95,13.12,13.29,13.46,13.63,13.8,13.97,14.14,14.31
2016-06-06,12.8,12.97,13.13,13.3,13.47,13.64,13.81,13.97,14.14
2016-06-07,12.96,13.13,13.3,13.48,13.65,13.82,14.0,14.17,14.34
2016-06-08,13.32,13.5,13.69,13.87,14.05,14.23,14.41,14.6,14.78
2016-06-09,13.31,13.5,13.7,13.89,14.08,14.27,14.46,14.66,14.85
2016-06-10,13.81,14.02,14.23,14.43,14.64,14.85,15.05,15.26,15.47
2016-06-13,15.92,16.19,16.47,16.75,17.03,17.31,17.59,17.87,18.14
2016-06-14,19.32,19.74,20.15,20.56,20.97,21.38,21.79,22.2,22.62
2016-06-15,19.0,19.37,19.75,20.12,20.5,20.88,21.25,21.63,22.0
2016-06-16,18.69,19.05,19.42,19.78,20.14,20.5,20.86,21.23,21.59
2016-06-17,17.96,18.31,18.67,19.02,19.37,19.72,20.07,20.43,20.78
2016-06-20,18.0,18.35,18.7,19.06,19.41,19.76,20.12,20.47,20.82
2016-06-21,17.07,17.39,17.72,18.04,18.37,18.7,19.02,19.35,19.67
2016-06-22,17.16,17.49,17.82,18.15,18.48,18.81,19.14,19.47,19.8
2016-06-23,19.53,19.94,20.35,20.76,21.17,21.58,21.99,22.4,22.81
2016-06-24,16.11,16.4,16.68,16.97,17.25,17.53,17.82,18.1,18.39
2016-06-27,23.73,24.24,24.74,25.25,25.76,26.27,26.78,27.28,27.79
2016-06-28,22.11,22.55,22.98,23.42,23.85,24.28,24.72,25.15,25.59
2016-06-29,17.47,17.79,18.11,18.43,18.75,19.07,19.39,19.71,20.03
2016-06-30,15.61,15.86,16.12,16.38,16.64,16.9,17.16,17.42,17.67
2016-07-01,14.7,14.93,15.17,15.4,15.63,15.86,16.09,16.33,16.56
2016-07-05,13.92,14.13,14.34,14.56,14.77,14.98,15.2,15.41,15.62
2016-07-06,14.68,14.9,15.13,15.35,15.58,15.81,16.03,16.26,16.48
2016-07-07,14.12,14.33,14.54,14.75,14.96,15.17,15.38,15.59,15.8
2016-07-08,13.93,14.14,14.34,14.55,14.76,14.97,15.18,15.38,15.59
2016-07-11,12.5,12.67,12.85,13.02,13.2,13.38,13.55,13.73,13.9
2016-07-12,12.82,13.0,13.18,13.36,13.54,13.72,13.9,14.08,14.26
2016-07-13,12.82,13.01,13.19,13.37,13.55,13.73,13.91,14.09,14.28
2016-07-14,12.35,12.52,12.69,12.87,13.04,13.21,13.39,13.56,13.73
2016-07-15,12.13,12.3,12.47,12.65,12.82,12.99,13.17,13.34,13.51
2016-07-18,11.96,12.14,12.31,12.49,12.67,12.85,13.03,13.2,13.38
2016-07-19,11.76,11.93,12.1,12.27,12.44,12.61,12.78,12.95,13.12
2016-07-20,11.3,11.47,11.63,11.8,11.97,12.14,12.31,12.47,12.64
2016-07-21,11.12,11.29,11.45,11.61,11.77,11.93,12.09,12.25,12.42
2016-07-22,11.99,12.18,12.37,12.55,12.74,12.93,13.11,13.3,13.49
2016-07-25,11.34,11.51,11.68,11.85,12.02,12.19,12.36,12.53,12.7
2016-07-26,12.12,12.31,12.5,12.68,12.87,13.06,13.24,13.43,13.62
2016-07-27,12.3,12.49,12.67,12.86,13.05,13.24,13.43,13.61,13.8
2016-07-28,12.09,12.28,12.46,12.65,12.83,13.01,13.2,13.38,13.57
2016-07-29,12.0,12.18,12.36,12.54,12.72,12.9,13.08,13.26,13.44
2016-08-01,11.19,11.36,11.53,11.7,11.87,12.04,12.21,12.38,12.55
2016-08-02,11.73,11.91,12.08,12.26,12.44,12.62,12.8,12.97,13.15
2016-08-03,12.58,12.78,12.97,13.17,13.37,13.57,13.77,13.96,14.16
2016-08-04,12.14,12.32,12.5,12.68,12.86,13.04,13.22,13.4,13.58
2016-08-05,11.73,11.9,12.08,12.25,12.42,12.59,12.76,12.94,13.11
2016-08-08,10.78,10.93,11.08,11.24,11.39,11.54,11.7,11.85,12.0
2016-08-09,10.89,11.04,11.19,11.35,11.5,11.65,11.81,11.96,12.11
2016-08-10,11.02,11.18,11.34,11.5,11.66,11.82,11.98,12.14,12.3
2016-08-11,11.37,11.54,11.71,11.88,12.05,12.22,12.39,12.56,12.73
2016-08-12,10.96,11.14,11.32,11.5,11.68,11.86,12.04,12.22,12.4
2016-08-15,10.86,11.03,11.21,11.38,11.55,11.72,11.89,12.07,12.24
2016-08-16,11.13,11.3,11.47,11.64,11.81,11.98,12.15,12.32,12.49
2016-08-17,11.91,12.09,12.27,12.46,12.64,12.82,13.01,13.19,13.37
2016-08-18,11.54,11.7,11.86,12.03,12.19,12.35,12.52,12.68,12.84
2016-08-19,10.83,10.98,11.13,11.28,11.43,11.58,11.73,11.88,12.03
2016-08-22,10.75,10.9,11.05,11.19,11.34,11.49,11.63,11.78,11.93
2016-08-23,11.63,11.79,11.95,12.11,12.27,12.43,12.59,12.75,12.91
2016-08-24,11.73,11.89,12.05,12.22,12.38,12.54,12.71,12.87,13.03
2016-08-25,12.73,12.91,13.09,13.27,13.45,13.63,13.81,13.99,14.17
2016-08-26,12.9,13.08,13.26,13.45,13.63,13.81,14.0,14.18,14.36
2016-08-29,12.89,13.08,13.27,13.46,13.65,13.84,14.03,14.22,14.41
2016-08-30,12.24,12.42,12.59,12.77,12.94,13.11,13.29,13.46,13.64
2016-08-31,12.42,12.6,12.77,12.95,13.12,13.29,13.47,13.64,13.82
2016-09-01,12.7,12.88,13.06,13.24,13.42,13.6,13.78,13.96,14.14
2016-09-02,12.76,12.94,13.12,13.3,13.48,13.66,13.84,14.02,14.2
2016-09-06,11.37,11.52,11.67,11.83,11.98,12.13,12.29,12.44,12.59
2016-09-07,11.4,11.55,11.71,11.86,12.02,12.18,12.33,12.49,12.64
2016-09-08,11.32,11.47,11.63,11.78,11.94,12.1,12.25,12.41,12.56
2016-09-09,11.84,12.0,12.17,12.34,12.51,12.68,12.85,13.02,13.18
2016-09-12,16.29,16.59,16.89,17.2,17.5,17.8,18.11,18.41,18.71
2016-09-13,14.21,14.45,14.68,14.92,15.16,15.4,15.64,15.87,16.11
2016-09-14,16.61,16.92,17.23,17.54,17.85,18.16,18.47,18.78,19.09
2016-09-15,16.85,17.17,17.49,17.82,18.14,18.46,18.79,19.11,19.43
2016-09-16,15.18,15.46,15.74,16.02,16.3,16.58,16.86,17.14,17.42
2016-09-19,14.38,14.63,14.87,15.12,15.37,15.62,15.87,16.11,16.36
2016-09-20,14.54,14.78,15.03,15.28,15.53,15.78,16.03,16.28,16.52
2016-09-21,14.9,15.15,15.41,15.66,15.92,16.18,16.43,16.69,16.94
2016-09-22,12.52,12.72,12.91,13.11,13.3,13.49,13.69,13.88,14.08
2016-09-23,11.34,11.51,11.68,11.85,12.02,12.19,12.36,12.53,12.7
2016-09-26,11.59,11.77,11.94,12.12,12.29,12.46,12.64,12.81,12.99
2016-09-27,13.62,13.84,14.06,14.28,14.5,14.72,14.94,15.16,15.38
2016-09-28,12.37,12.55,12.73,12.92,13.1,13.28,13.47,13.65,13.83
2016-09-29,11.71,11.88,12.05,12.22,12.39,12.56,12.73,12.9,13.07
2016-09-30,13.19,13.4,13.61,13.81,14.02,14.23,14.43,14.64,14.85
2016-10-03,12.52,12.72,12.91,13.1,13.29,13.48,13.67,13.86,14.06
2016-10-04,12.79,12.98,13.18,13.37,13.57,13.77,13.96,14.16,14.35
2016-10-05,12.86,13.05,13.24,13.44,13.63,13.82,14.02,14.21,14.4
2016-10-06,12.25,12.44,12.62,12.81,12.99,13.17,13.36,13.54,13.73
2016-10-07,12.11,12.29,12.48,12.66,12.84,13.02,13.2,13.39,13.57
2016-10-10,12.71,12.9,13.09,13.29,13.48,13.67,13.87,14.06,14.25
2016-10-11,12.62,12.81,13.0,13.19,13.38,13.57,13.76,13.95,14.14
2016-10-12,14.44,14.67,14.9,15.13,15.36,15.59,15.82,16.05,16.28
2016-10-13,14.89,15.14,15.4,15.65,15.91,16.17,16.42,16.68,16.93
2016-10-14,15.6,15.87,16.15,16.42,16.69,16.96,17.23,17.51,17.78
2016-10-17,15.09,15.35,15.61,15.86,16.12,16.38,16.63,16.89,17.15
2016-10-18,15.2,15.45,15.7,15.96,16.21,16.46,16.72,16.97,17.22
2016-10-19,14.35,14.58,14.81,15.05,15.28,15.51,15.75,15.98,16.21
2016-10-20,13.56,13.77,13.98,14.2,14.41,14.62,14.84,15.05,15.26
2016-10-21,12.97,13.17,13.36,13.56,13.75,13.94,14.14,14.33,14.53
2016-10-24,12.61,12.79,12.97,13.16,13.34,13.52,13.71,13.89,14.07
2016-10-25,12.32,12.49,12.67,12.84,13.02,13.2,13.37,13.55,13.72
2016-10-26,12.73,12.91,13.09,13.28,13.46,13.64,13.83,14.01,14.19
2016-10-27,13.46,13.66,13.85,14.05,14.24,14.43,14.63,14.82,15.02
2016-10-28,14.48,14.7,14.92,15.14,15.36,15.58,15.8,16.02,16.24
2016-10-31,15.18,15.43,15.68,15.94,16.19,16.44,16.7,16.95,17.2
2016-11-01,15.96,16.23,16.51,16.78,17.06,17.34,17.61,17.89,18.16
2016-11-02,17.29,17.61,17.93,18.24,18.56,18.88,19.19,19.51,19.83
2016-11-03,17.95,18.29,18.64,18.98,19.32,19.66,20.0,20.35,20.69
2016-11-04,20.41,20.83,21.24,21.66,22.08,22.5,22.92,23.33,23.75
2016-11-07,20.81,21.23,21.66,22.08,22.51,22.94,23.36,23.79,24.21
2016-11-08,17.44,17.76,18.07,18.39,18.71,19.03,19.35,19.66,19.98
2016-11-09,17.46,17.78,18.1,18.42,18.74,19.06,19.38,19.7,20.02
2016-11-10,13.51,13.73,13.94,14.16,14.38,14.6,14.82,15.03,15.25
2016-11-11,13.79,14.03,14.26,14.5,14.74,14.98,15.22,15.45,15.69
2016-11-14,13.3,13.52,13.74,13.95,14.17,14.39,14.6,14.82,15.04
2016-11-15,13.58,13.81,14.03,14.26,14.48,14.7,14.93,15.15,15.38
2016-11-16,12.6,12.79,12.98,13.18,13.37,13.56,13.76,13.95,14.14
2016-11-17,12.92,13.12,13.32,13.52,13.72,13.92,14.12,14.32,14.52
2016-11-18,12.61,12.8,12.98,13.17,13.35,13.53,13.72,13.9,14.09
2016-11-21,12.15,12.33,12.5,12.68,12.85,13.02,13.2,13.37,13.55
2016-11-22,11.79,11.95,12.1,12.26,12.42,12.58,12.74,12.89,13.05
2016-11-23,11.76,11.92,12.08,12.25,12.41,12.57,12.74,12.9,13.06
2016-11-25,11.78,11.95,12.11,12.27,12.43,12.59,12.75,12.91,13.08
2016-11-28,11.7,11.86,12.02,12.18,12.34,12.5,12.66,12.82,12.98
2016-11-29,12.44,12.61,12.79,12.97,13.15,13.33,13.51,13.69,13.86
2016-11-30,12.2,12.37,12.55,12.72,12.9,13.08,13.25,13.43,13.6
2016-12-01,12.58,12.77,12.96,13.14,13.33,13.52,13.7,13.89,14.08
2016-12-02,13.2,13.42,13.64,13.85,14.07,14.29,14.5,14.72,14.94
2016-12-05,13.25,13.47,13.68,13.9,14.12,14.34,14.56,14.77,14.99
2016-12-06,11.46,11.63,11.8,11.97,12.14,12.31,12.48,12.65,12.82
2016-12-07,11.14,11.3,11.46,11.63,11.79,11.95,12.12,12.28,12.44
2016-12-08,11.53,11.71,11.88,12.05,12.22,12.39,12.56,12.73,12.91
2016-12-09,11.91,12.09,12.28,12.46,12.64,12.82,13.0,13.19,13.37
2016-12-12,11.09,11.25,11.42,11.58,11.75,11.92,12.08,12.25,12.41
2016-12-13,11.91,12.09,12.27,12.46,12.64,12.82,13.01,13.19,13.37
2016-12-14,11.97,12.16,12.35,12.53,12.72,12.91,13.09,13.28,13.47
2016-12-15,12.39,12.59,12.79,12.99,13.19,13.39,13.59,13.79,13.99
2016-12-16,12.04,12.23,12.42,12.6,12.79,12.98,13.16,13.35,13.54
2016-12-19,11.48,11.66,11.84,12.02,12.2,12.38,12.56,12.74,12.92
2016-12-20,11.04,11.21,11.38,11.54,11.71,11.88,12.04,12.21,12.38
2016-12-21,10.81,10.97,11.13,11.29,11.45,11.61,11.77,11.93,12.09
2016-12-22,10.65,10.8,10.96,11.11,11.27,11.43,11.58,11.74,11.89
2016-12-23,10.78,10.95,11.11,11.27,11.43,11.59,11.75,11.91,12.08
2016-12-27,10.81,10.97,11.12,11.28,11.44,11.6,11.76,11.91,12.07
2016-12-28,11.34,11.5,11.66,11.83,11.99,12.15,12.32,12.48,12.64
2016-12-29,12.22,12.4,12.59,12.77,12.95,13.13,13.31,13.5,13.68
2016-12-30,12.62,12.81,13.0,13.18,13.37,13.56,13.74,13.93,14.12
2017-01-03,13.23,13.43,13.63,13.84,14.04,14.24,14.45,14.65,14.85
2017-01-04,12.16,12.33,12.5,12.68,12.85,13.02,13.2,13.37,13.54
2017-01-05,11.24,11.39,11.54,11.7,11.85,12.0,12.16,12.31,12.46
2017-01-06,11.07,11.22,11.37,11.52,11.67,11.82,11.97,12.12,12.27
2017-01-09,10.75,10.89,11.03,11.18,11.32,11.46,11.61,11.75,11.89
2017-01-10,10.95,11.1,11.26,11.41,11.56,11.71,11.86,12.02,12.17
2017-01-11,10.86,11.02,11.18,11.33,11.49,11.65,11.8,11.96,12.12
2017-01-12,10.64,10.8,10.95,11.11,11.26,11.41,11.57,11.72,11.88
2017-01-13,10.88,11.05,11.21,11.38,11.54,11.7,11.87,12.03,12.2
2017-01-17,10.57,10.74,10.9,11.07,11.23,11.39,11.56,11.72,11.89
2017-01-18,11.18,11.35,11.52,11.7,11.87,12.04,12.22,12.39,12.56
2017-01-19,11.8,11.97,12.14,12.31,12.48,12.65,12.82,12.99,13.16
2017-01-20,12.08,12.26,12.43,12.61,12.78,12.95,13.13,13.3,13.48
2017-01-23,10.93,11.08,11.24,11.39,11.54,11.69,11.84,12.0,12.15
2017-01-24,11.14,11.3,11.46,11.61,11.77,11.93,12.08,12.24,12.4
2017-01-25,10.52,10.66,10.79,10.93,11.07,11.21,11.35,11.48,11.62
2017-01-26,10.27,10.41,10.54,10.68,10.81,10.94,11.08,11.21,11.35
2017-01-27,10.1,10.23,10.36,10.5,10.63,10.76,10.9,11.03,11.16
2017-01-30,10.02,10.16,10.3,10.44,10.58,10.72,10.86,11.0,11.14
2017-01-31,11.19,11.36,11.54,11.71,11.88,12.05,12.22,12.4,12.57
2017-02-01,11.31,11.48,11.65,11.82,11.99,12.16,12.33,12.5,12.67
2017-02-02,11.16,11.32,11.48,11.65,11.81,11.97,12.14,12.3,12.46
2017-02-03,11.26,11.42,11.59,11.76,11.93,12.1,12.27,12.44,12.6
2017-02-06,10.36,10.51,10.66,10.82,10.97,11.12,11.28,11.43,11.58
2017-02-07,10.73,10.89,11.05,11.21,11.37,11.53,11.69,11.85,12.01
2017-02-08,10.65,10.81,10.97,11.13,11.29,11.45,11.61,11.77,11.93
2017-02-09,10.77,10.94,11.11,11.28,11.45,11.62,11.79,11.96,12.13
2017-02-10,10.27,10.42,10.57,10.73,10.88,11.03,11.19,11.34,11.49
2017-02-13,10.26,10.41,10.56,10.7,10.85,11.0,11.14,11.29,11.44
2017-02-14,10.51,10.65,10.79,10.93,11.07,11.21,11.35,11.49,11.63
2017-02-15,10.21,10.34,10.47,10.61,10.74,10.87,11.01,11.14,11.27
2017-02-16,11.36,11.51,11.66,11.82,11.97,12.12,12.28,12.43,12.58
2017-02-17,11.17,11.32,11.46,11.61,11.76,11.91,12.06,12.2,12.35
2017-02-21,10.9,11.05,11.2,11.34,11.49,11.64,11.78,11.93,12.08
2017-02-22,10.97,11.12,11.27,11.42,11.57,11.72,11.87,12.02,12.17
2017-02-23,11.14,11.29,11.44,11.59,11.74,11.89,12.04,12.19,12.34
2017-02-24,11.1,11.26,11.41,11.56,11.71,11.86,12.01,12.16,12.32
2017-02-27,10.87,11.02,11.17,11.32,11.47,11.62,11.77,11.92,12.07
2017-02-28,11.44,11.6,11.76,11.93,12.09,12.25,12.42,12.58,12.74
2017-03-01,12.2,12.38,12.56,12.74,12.92,13.1,13.28,13.46,13.64
2017-03-02,11.88,12.04,12.21,12.37,12.54,12.71,12.87,13.04,13.2
2017-03-03,11.19,11.34,11.5,11.65,11.81,11.97,12.12,12.28,12.43
2017-03-06,10.4,10.54,10.68,10.82,10.96,11.1,11.24,11.38,11.52
2017-03-07,10.66,10.81,10.95,11.1,11.24,11.38,11.53,11.67,11.82
2017-03-08,10.86,11.01,11.16,11.3,11.45,11.6,11.74,11.89,12.04
2017-03-09,11.24,11.4,11.55,11.71,11.86,12.01,12.17,12.32,12.48
2017-03-10,11.65,11.81,11.98,12.14,12.3,12.46,12.62,12.79,12.95
2017-03-13,11.07,11.22,11.37,11.51,11.66,11.81,11.95,12.1,12.25
2017-03-14,10.77,10.91,11.06,11.2,11.35,11.5,11.64,11.79,11.93
2017-03-15,11.63,11.8,11.97,12.13,12.3,12.47,12.63,12.8,12.97
2017-03-16,11.04,11.19,11.33,11.48,11.63,11.78,11.93,12.07,12.22
2017-03-17,10.67,10.81,10.94,11.08,11.21,11.34,11.48,11.61,11.75
2017-03-20,10.72,10.86,11.0,11.14,11.28,11.42,11.56,11.7,11.84
2017-03-21,10.79,10.93,11.06,11.2,11.34,11.48,11.62,11.75,11.89
2017-03-22,11.82,11.98,12.14,12.31,12.47,12.63,12.8,12.96,13.12
2017-03-23,12.13,12.3,12.47,12.64,12.81,12.98,13.15,13.32,13.49
2017-03-24,12.39,12.57,12.75,12.94,13.12,13.3,13.49,13.67,13.85
2017-03-27,12.23,12.41,12.59,12.78,12.96,13.14,13.33,13.51,13.69
2017-03-28,11.83,12.0,12.17,12.33,12.5,12.67,12.83,13.0,13.17
2017-03-29,10.95,11.1,11.24,11.39,11.53,11.67,11.82,11.96,12.11
2017-03-30,10.86,11.0,11.14,11.28,11.42,11.56,11.7,11.84,11.98
2017-03-31,10.97,11.12,11.26,11.4,11.54,11.68,11.82,11.96,12.11
2017-04-03,11.76,11.91,12.06,12.22,12.37,12.52,12.68,12.83,12.98
2017-04-04,11.73,11.89,12.06,12.22,12.38,12.54,12.7,12.87,13.03
2017-04-05,11.2,11.35,11.49,11.64,11.79,11.94,12.09,12.23,12.38
2017-04-06,12.19,12.36,12.54,12.71,12.89,13.07,13.24,13.42,13.59
2017-04-07,11.74,11.9,12.06,12.23,12.39,12.55,12.72,12.88,13.04
2017-04-10,12.15,12.33,12.51,12.69,12.87,13.05,13.23,13.41,13.59
2017-04-11,13.18,13.4,13.62,13.83,14.05,14.27,14.48,14.7,14.92
2017-04-12,14.09,14.33,14.58,14.82,15.07,15.32,15.56,15.81,16.05
2017-04-13,14.66,14.94,15.22,15.49,15.77,16.05,16.32,16.6,16.88
2017-04-17,14.8,15.09,15.38,15.67,15.96,16.25,16.54,16.83,17.12
2017-04-18,13.72,13.96,14.19,14.43,14.66,14.89,15.13,15.36,15.6
2017-04-19,13.52,13.74,13.97,14.19,14.42,14.65,14.87,15.1,15.32
2017-04-20,14.01,14.24,14.47,14.7,14.93,15.16,15.39,15.62,15.85
2017-04-21,13.31,13.52,13.73,13.94,14.15,14.36,14.57,14.78,14.99
2017-04-24,13.75,13.97,14.19,14.41,14.63,14.85,15.07,15.29,15.51
2017-04-25,10.31,10.44,10.57,10.71,10.84,10.97,11.11,11.24,11.37
2017-04-26,10.25,10.38,10.5,10.63,10.76,10.89,11.02,11.14,11.27
2017-04-27,10.33,10.46,10.59,10.72,10.85,10.98,11.11,11.24,11.37
2017-04-28,9.86,9.98,10.11,10.23,10.36,10.49,10.61,10.74,10.86
2017-05-01,10.29,10.43,10.56,10.69,10.82,10.95,11.08,11.21,11.35
2017-05-02,9.61,9.74,9.86,9.99,10.11,10.23,10.36,10.48,10.61
2017-05-03,10.06,10.19,10.33,10.46,10.59,10.72,10.85,10.99,11.12
2017-05-04,10.15,10.28,10.42,10.55,10.68,10.81,10.94,11.08,11.21
2017-05-05,9.95,10.07,10.2,10.33,10.46,10.59,10.72,10.85,10.97
2017-05-08,10.03,10.17,10.3,10.44,10.57,10.7,10.84,10.97,11.11
2017-05-09,9.27,9.39,9.52,9.64,9.77,9.9,10.02,10.15,10.27
2017-05-10,9.44,9.57,9.7,9.83,9.96,10.09,10.22,10.35,10.48
2017-05-11,9.65,9.79,9.93,10.07,10.21,10.35,10.49,10.63,10.77
2017-05-12,10.02,10.17,10.31,10.46,10.6,10.74,10.89,11.03,11.18
2017-05-15,9.86,9.99,10.13,10.26,10.4,10.54,10.67,10.81,10.94
2017-05-16,9.9,10.03,10.16,10.29,10.42,10.55,10.68,10.81,10.94
2017-05-17,10.14,10.26,10.39,10.52,10.65,10.78,10.91,11.04,11.16
2017-05-18,14.5,14.77,15.04,15.32,15.59,15.86,16.14,16.41,16.68
2017-05-19,13.7,13.94,14.18,14.42,14.66,14.9,15.14,15.38,15.62
2017-05-22,11.38,11.54,11.71,11.87,12.04,12.21,12.37,12.54,12.7
2017-05-23,10.36,10.5,10.64,10.79,10.93,11.07,11.22,11.36,11.5
2017-05-24,10.15,10.29,10.44,10.58,10.72,10.86,11.0,11.15,11.29
2017-05-25,9.5,9.63,9.76,9.89,10.02,10.15,10.28,10.41,10.54
2017-05-26,9.47,9.6,9.73,9.86,9.99,10.12,10.25,10.38,10.51
2017-05-30,9.3,9.43,9.56,9.68,9.81,9.94,10.06,10.19,10.32
2017-05-31,9.83,9.97,10.1,10.24,10.38,10.52,10.66,10.79,10.93
2017-06-01,9.86,9.99,10.13,10.27,10.41,10.55,10.69,10.83,10.96
2017-06-02,9.37,9.5,9.63,9.76,9.89,10.02,10.15,10.28,10.41
2017-06-05,9.24,9.36,9.49,9.62,9.75,9.88,10.01,10.14,10.26
2017-06-06,9.52,9.66,9.8,9.93,10.07,10.21,10.34,10.48,10.62
2017-06-07,9.86,10.01,10.16,10.3,10.45,10.6,10.74,10.89,11.04
2017-06-08,9.81,9.96,10.1,10.25,10.39,10.53,10.68,10.82,10.97
2017-06-09,9.63,9.76,9.89,10.03,10.16,10.29,10.43,10.56,10.69
2017-06-12,10.11,10.26,10.41,10.55,10.7,10.85,10.99,11.14,11.29
2017-06-13,10.8,10.97,11.13,11.3,11.46,11.62,11.79,11.95,12.12
2017-06-14,9.85,9.99,10.14,10.28,10.42,10.56,10.7,10.85,10.99
2017-06-15,10.04,10.19,10.34,10.49,10.64,10.79,10.94,11.09,11.24
2017-06-16,10.28,10.44,10.59,10.75,10.9,11.05,11.21,11.36,11.52
2017-06-19,9.81,9.95,10.1,10.24,10.38,10.52,10.66,10.81,10.95
2017-06-20,9.81,9.95,10.09,10.23,10.37,10.51,10.65,10.79,10.93
2017-06-21,10.25,10.4,10.55,10.71,10.86,11.01,11.17,11.32,11.47
2017-06-22,10.15,10.3,10.45,10.6,10.75,10.9,11.05,11.2,11.35
2017-06-23,9.91,10.05,10.19,10.34,10.48,10.62,10.77,10.91,11.05
2017-06-26,9.49,9.62,9.75,9.89,10.02,10.15,10.29,10.42,10.55
2017-06-27,9.39,9.52,9.64,9.77,9.9,10.03,10.16,10.28,10.41
2017-06-28,10.45,10.6,10.76,10.91,11.06,11.21,11.36,11.52,11.67
2017-06-29,9.5,9.63,9.76,9.9,10.03,10.16,10.3,10.43,10.56
2017-06-30,10.76,10.93,11.1,11.27,11.44,11.61,11.78,11.95,12.12
2017-07-03,10.54,10.7,10.86,11.02,11.18,11.34,11.5,11.66,11.82
2017-07-05,10.56,10.73,10.89,11.06,11.22,11.38,11.55,11.71,11.88
2017-07-06,10.43,10.59,10.75,10.91,11.07,11.23,11.39,11.55,11.71
2017-07-07,11.75,11.95,12.14,12.34,12.54,12.74,12.94,13.13,13.33
2017-07-10,10.54,10.7,10.86,11.03,11.19,11.35,11.52,11.68,11.84
2017-07-11,10.48,10.64,10.8,10.95,11.11,11.27,11.42,11.58,11.74
2017-07-12,10.28,10.44,10.59,10.74,10.89,11.04,11.19,11.34,11.5
2017-07-13,9.73,9.87,10.01,10.16,10.3,10.44,10.59,10.73,10.87
2017-07-14,9.37,9.5,9.63,9.77,9.9,10.03,10.17,10.3,10.43
2017-07-17,9.02,9.14,9.26,9.39,9.51,9.63,9.76,9.88,10.0
2017-07-18,9.32,9.45,9.57,9.7,9.82,9.94,10.07,10.19,10.32
2017-07-19,9.4,9.52,9.64,9.77,9.89,10.01,10.14,10.26,10.38
2017-07-20,9.31,9.43,9.55,9.67,9.79,9.91,10.03,10.15,10.27
2017-07-21,9.12,9.23,9.35,9.46,9.58,9.7,9.81,9.93,10.04
2017-07-24,8.9,9.02,9.13,9.25,9.36,9.47,9.59,9.7,9.82
2017-07-25,8.97,9.08,9.2,9.31,9.43,9.55,9.66,9.78,9.89
2017-07-26,8.96,9.08,9.19,9.31,9.43,9.55,9.67,9.78,9.9
2017-07-27,9.1,9.23,9.35,9.48,9.6,9.72,9.85,9.97,10.1
2017-07-28,9.56,9.7,9.83,9.97,10.11,10.25,10.39,10.52,10.66
2017-07-31,9.72,9.87,10.01,10.15,10.29,10.43,10.57,10.71,10.86
2017-08-01,9.7,9.84,9.98,10.12,10.26,10.4,10.54,10.68,10.82
2017-08-02,9.55,9.69,9.82,9.96,10.09,10.22,10.36,10.49,10.63
2017-08-03,9.72,9.86,10.0,10.14,10.28,10.42,10.56,10.7,10.84
2017-08-04,9.86,10.01,10.15,10.3,10.44,10.58,10.73,10.87,11.02
2017-08-07,9.48,9.62,9.75,9.89,10.03,10.17,10.31,10.44,10.58
2017-08-08,9.37,9.51,9.65,9.79,9.93,10.07,10.21,10.35,10.49
2017-08-09,10.28,10.45,10.62,10.79,10.96,11.13,11.3,11.47,11.64
2017-08-10,10.36,10.55,10.74,10.92,11.11,11.3,11.48,11.67,11.86
2017-08-11,14.67,15.01,15.36,15.7,16.04,16.38,16.72,17.07,17.41
2017-08-14,14.26,14.58,14.89,15.2,15.51,15.82,16.13,16.44,16.76
2017-08-15,11.55,11.74,11.94,12.13,12.33,12.53,12.72,12.92,13.11
2017-08-16,11.31,11.49,11.67,11.86,12.04,12.22,12.41,12.59,12.77
2017-08-17,11.04,11.21,11.39,11.56,11.74,11.92,12.09,12.27,12.44
2017-08-18,14.4,14.68,14.97,15.26,15.55,15.84,16.13,16.42,16.7
2017-08-21,13.23,13.49,13.75,14.0,14.26,14.52,14.77,15.03,15.29
2017-08-22,12.35,12.56,12.77,12.98,13.19,13.4,13.61,13.82,14.03
2017-08-23,10.69,10.85,11.02,11.18,11.35,11.52,11.68,11.85,12.01
2017-08-24,11.49,11.68,11.87,12.06,12.25,12.44,12.63,12.82,13.01
2017-08-25,11.46,11.65,11.84,12.04,12.23,12.42,12.62,12.81,13.0
2017-08-28,10.6,10.77,10.94,11.11,11.28,11.45,11.62,11.79,11.96
