2005-12-20 00:00:00,1.61,0,0,0,1,1
2006-02-21 00:00:00,1.23,0,0,1,1,1
2006-02-22 00:00:00,0.8,0,0,0,0,1
2006-02-23 00:00:00,0.74,0,0,1,1,1
2006-02-24 00:00:00,0.66,0,0,0,1,1
2006-02-27 00:00:00,0.75,0,0,0,0,1
2006-02-28 00:00:00,0.61,1,1,1,1,0
2006-03-01 00:00:00,0.7,0,0,0,0,0
2006-03-02 00:00:00,0.71,0,1,1,1,1
2006-03-03 00:00:00,0.65,1,1,1,1,1
2006-03-06 00:00:00,0.51,1,1,1,1,1
2006-03-07 00:00:00,0.5,0,1,1,1,0
2006-03-08 00:00:00,0.6,0,1,1,1,1
2006-03-09 00:00:00,0.52,0,0,0,0,0
2006-03-10 00:00:00,0.6,0,0,0,0,1
2006-03-13 00:00:00,0.89,0,0,0,0,1
2006-03-14 00:00:00,1.15,0,0,0,1,1
2006-03-15 00:00:00,1.18,0,0,0,1,1
2006-03-16 00:00:00,1.0,0,0,0,0,1
2006-03-17 00:00:00,0.81,0,0,0,0,1
2006-03-20 00:00:00,1.06,0,0,0,1,1
2006-03-21 00:00:00,1.09,0,1,1,1,1
2006-05-22 00:00:00,-0.72,1,1,1,1,0
2006-05-23 00:00:00,-0.8,0,0,0,0,0
2006-05-24 00:00:00,-0.95,0,0,0,1,1
2006-05-25 00:00:00,-0.35,0,0,0,0,0
2006-05-26 00:00:00,-0.08,0,0,0,0,1
2006-05-30 00:00:00,-0.3,1,1,1,1,0
2006-05-31 00:00:00,-0.02,0,0,0,0,0
2006-06-01 00:00:00,0.22,0,0,0,0,1
2006-06-02 00:00:00,0.25,0,0,0,1,1
2006-06-05 00:00:00,-0.28,1,1,1,1,0
2006-06-06 00:00:00,-0.44,1,1,1,1,1
2006-06-07 00:00:00,-0.32,0,0,0,1,1
2006-06-08 00:00:00,-0.22,0,0,1,1,1
2006-06-09 00:00:00,-0.41,0,0,0,1,1
2006-06-12 00:00:00,-0.64,0,0,1,1,1
2006-06-13 00:00:00,-2.09,0,0,1,1,1
2006-06-14 00:00:00,-2.68,0,0,0,0,1
2006-06-15 00:00:00,0.14,0,0,0,0,0
2006-06-16 00:00:00,0.08,0,1,1,1,0
2006-06-19 00:00:00,-0.11,0,1,1,1,1
2006-06-20 00:00:00,-0.32,0,0,0,0,1
2006-08-22 00:00:00,1.57,0,0,0,1,1
2006-08-23 00:00:00,1.25,1,1,1,1,1
2006-08-24 00:00:00,0.97,0,0,0,1,1
2006-08-25 00:00:00,1.07,0,0,0,0,1
2006-08-28 00:00:00,1.16,0,0,0,0,1
2006-08-29 00:00:00,0.93,0,0,1,1,1
2006-08-30 00:00:00,0.95,0,0,0,0,1
2006-08-31 00:00:00,0.99,0,0,0,0,1
2006-09-01 00:00:00,0.99,0,0,0,0,1
2006-09-05 00:00:00,1.07,0,0,0,1,1
2006-09-06 00:00:00,0.84,1,1,1,1,0
2006-09-07 00:00:00,0.87,0,0,0,0,0
2006-09-08 00:00:00,0.95,0,0,0,0,1
2006-09-11 00:00:00,1.14,0,0,1,1,1
2006-09-12 00:00:00,1.5,0,0,0,0,1
2006-09-13 00:00:00,1.64,0,0,0,1,1
2006-09-14 00:00:00,1.78,0,0,0,1,1
2006-09-15 00:00:00,1.96,0,0,0,0,1
2006-09-18 00:00:00,2.04,0,0,0,1,1
2006-09-19 00:00:00,2.04,1,1,1,1,1
2006-09-21 00:00:00,1.03,0,1,1,1,1
2006-09-22 00:00:00,1.16,0,1,1,1,0
2006-09-25 00:00:00,1.31,0,0,0,1,1
2006-09-26 00:00:00,1.27,0,0,0,0,1
2006-09-27 00:00:00,1.48,0,0,0,1,1
2006-09-28 00:00:00,1.45,0,0,0,1,1
2006-09-29 00:00:00,1.53,0,0,0,0,1
2006-10-02 00:00:00,1.46,0,0,1,1,1
2006-10-03 00:00:00,1.21,0,0,0,1,1
2006-10-05 00:00:00,1.37,0,0,0,0,1
2006-10-06 00:00:00,1.5,0,1,1,1,1
2006-10-09 00:00:00,1.5,0,0,0,1,1
2006-10-10 00:00:00,1.72,0,0,0,0,1
2006-10-11 00:00:00,1.62,0,1,1,1,1
2006-10-12 00:00:00,1.59,0,0,0,0,0
2006-10-13 00:00:00,1.6,0,0,0,1,1
2006-10-16 00:00:00,1.89,0,0,0,0,1
2006-10-17 00:00:00,1.42,1,1,1,1,0
2006-10-23 00:00:00,1.21,0,0,1,1,1
2006-10-24 00:00:00,1.05,0,0,0,1,1
2006-10-25 00:00:00,1.03,0,0,0,1,1
2006-10-26 00:00:00,0.96,0,0,0,1,1
2006-10-27 00:00:00,0.95,1,1,1,1,0
2006-10-30 00:00:00,0.95,0,0,1,1,1
2006-10-31 00:00:00,0.85,0,0,1,1,1
2006-11-01 00:00:00,0.88,0,1,1,1,1
2006-11-02 00:00:00,0.84,0,0,1,1,1
2006-11-03 00:00:00,0.95,0,0,1,1,1
2006-11-06 00:00:00,0.9,0,0,0,0,0
2006-11-07 00:00:00,0.87,0,0,0,0,1
2006-11-08 00:00:00,0.93,0,1,1,1,1
2006-11-09 00:00:00,0.88,0,1,1,1,1
2006-11-10 00:00:00,0.99,0,0,0,1,1
2006-11-13 00:00:00,1.38,0,0,0,0,1
2006-11-14 00:00:00,1.47,0,0,1,1,1
2006-11-15 00:00:00,0.73,0,0,0,0,1
2006-11-16 00:00:00,0.71,0,0,0,0,1
2006-11-17 00:00:00,0.65,0,1,1,1,1
2006-11-20 00:00:00,0.93,0,0,0,1,1
2006-11-21 00:00:00,0.98,0,0,0,1,1
2006-11-22 00:00:00,0.98,0,0,0,0,1
2006-11-24 00:00:00,1.13,0,1,1,1,0
2006-11-27 00:00:00,0.93,1,1,1,1,0
2006-11-28 00:00:00,0.96,0,0,0,1,1
2006-11-29 00:00:00,1.12,0,0,0,0,0
2006-11-30 00:00:00,1.15,0,0,1,1,1
2006-12-01 00:00:00,1.09,1,1,1,1,1
2006-12-04 00:00:00,1.01,0,0,0,0,1
2006-12-05 00:00:00,1.03,0,0,0,0,1
2006-12-06 00:00:00,1.14,0,0,0,1,1
2006-12-07 00:00:00,0.77,0,0,0,0,0
2006-12-08 00:00:00,0.83,0,0,0,1,1
2006-12-11 00:00:00,1.17,0,0,0,0,1
2006-12-12 00:00:00,1.33,1,1,1,1,1
2006-12-13 00:00:00,1.89,0,0,0,0,1
2006-12-14 00:00:00,2.16,0,0,0,0,1
2006-12-15 00:00:00,2.27,0,0,0,0,1
2006-12-18 00:00:00,2.18,0,0,0,1,1
2006-12-19 00:00:00,1.82,0,1,1,1,1
2006-12-20 00:00:00,1.04,0,0,0,0,1
2006-12-21 00:00:00,1.06,0,1,1,1,1
2006-12-22 00:00:00,1.06,0,1,1,1,1
2006-12-26 00:00:00,1.13,0,0,0,0,0
2006-12-27 00:00:00,1.13,0,0,0,0,0
2006-12-28 00:00:00,1.03,0,0,1,1,1
2006-12-29 00:00:00,0.81,0,0,0,0,1
2007-01-03 00:00:00,0.95,1,1,1,1,1
2007-01-04 00:00:00,1.05,0,0,1,1,1
2007-01-05 00:00:00,1.1,1,1,1,1,0
2007-01-08 00:00:00,1.08,0,0,0,1,1
2007-01-09 00:00:00,0.87,0,1,1,1,1
2007-01-10 00:00:00,1.26,0,1,1,1,1
2007-01-11 00:00:00,1.3,0,0,0,1,1
2007-01-12 00:00:00,1.42,0,0,0,1,1
2007-01-16 00:00:00,1.31,0,0,0,1,1
2007-01-17 00:00:00,0.99,0,0,0,1,1
2007-01-18 00:00:00,0.84,0,1,1,1,1
2007-01-19 00:00:00,1.09,0,0,0,0,1
2007-01-22 00:00:00,1.03,1,1,1,1,1
2007-01-23 00:00:00,1.11,0,0,0,1,1
2007-01-24 00:00:00,1.19,0,0,0,0,1
2007-01-25 00:00:00,0.95,1,1,1,1,1
2007-01-26 00:00:00,0.9,0,0,1,1,1
2007-01-29 00:00:00,1.0,0,0,0,1,1
2007-01-30 00:00:00,1.04,0,0,0,0,0
2007-01-31 00:00:00,0.84,0,0,1,1,1
2007-02-01 00:00:00,0.99,0,0,0,0,0
2007-02-02 00:00:00,1.04,0,0,0,0,1
2007-02-05 00:00:00,1.12,0,0,1,1,1
2007-02-06 00:00:00,0.87,0,0,1,1,1
2007-02-07 00:00:00,0.94,0,0,0,1,1
2007-02-08 00:00:00,0.96,0,1,1,1,0
2007-02-09 00:00:00,0.97,1,1,1,1,1
2007-02-12 00:00:00,1.06,0,1,1,1,1
2007-02-13 00:00:00,1.56,0,0,0,0,0
2007-02-14 00:00:00,1.17,0,0,0,0,0
2007-02-15 00:00:00,1.06,0,0,0,0,1
2007-02-16 00:00:00,1.02,0,0,1,1,1
2007-02-20 00:00:00,0.94,0,0,1,1,1
2007-02-21 00:00:00,1.02,0,1,1,1,1
2007-02-22 00:00:00,1.06,0,1,1,1,1
2007-02-23 00:00:00,1.0,0,1,1,1,1
2007-02-26 00:00:00,1.1,0,0,1,1,1
2007-02-27 00:00:00,-0.32,1,1,1,1,0
2007-02-28 00:00:00,0.05,0,0,0,0,0
2007-03-01 00:00:00,-0.12,1,1,1,1,1
2007-03-02 00:00:00,-0.6,1,1,1,1,1
2007-03-05 00:00:00,-1.14,0,0,1,1,1
2007-03-06 00:00:00,-0.91,0,0,0,0,0
2007-03-07 00:00:00,-0.2,0,0,0,1,1
2007-03-08 00:00:00,-0.04,0,0,0,0,0
2007-03-09 00:00:00,0.16,0,0,1,1,1
2007-03-12 00:00:00,0.48,0,0,1,1,1
2007-03-13 00:00:00,-0.75,1,1,1,1,0
2007-03-14 00:00:00,-0.66,1,1,1,1,1
2007-03-15 00:00:00,-0.07,0,0,0,1,1
2007-03-16 00:00:00,-0.2,0,0,1,1,1
2007-03-19 00:00:00,0.57,0,0,0,0,0
2007-03-20 00:00:00,1.32,0,0,0,0,1
2007-03-21 00:00:00,0.32,0,0,0,0,1
2007-03-22 00:00:00,0.36,0,0,0,1,1
2007-03-23 00:00:00,0.54,0,0,0,0,1
2007-03-26 00:00:00,0.41,1,1,1,1,1
2007-03-27 00:00:00,0.06,0,1,1,1,1
2007-03-28 00:00:00,-0.13,1,1,1,1,0
2007-03-29 00:00:00,-0.05,0,0,0,1,1
2007-03-30 00:00:00,-0.1,0,1,1,1,1
2007-04-02 00:00:00,0.07,0,0,0,1,1
2007-04-03 00:00:00,0.28,0,0,0,0,0
2007-04-04 00:00:00,0.55,0,0,0,0,1
2007-04-05 00:00:00,0.47,0,0,0,0,1
2007-04-09 00:00:00,0.73,0,0,0,0,1
2007-04-10 00:00:00,0.88,0,0,0,0,1
2007-04-11 00:00:00,0.71,0,1,1,1,1
2007-04-12 00:00:00,0.86,0,0,1,1,1
2007-04-13 00:00:00,1.18,0,0,0,1,1
2007-04-16 00:00:00,1.3,0,0,0,0,0
2007-04-17 00:00:00,1.27,0,0,0,1,1
2007-04-18 00:00:00,0.24,0,0,1,1,1
2007-04-19 00:00:00,0.51,0,1,1,1,1
2007-04-20 00:00:00,0.45,0,0,0,0,0
2007-04-23 00:00:00,0.51,0,0,1,1,1
2007-04-24 00:00:00,0.52,0,0,1,1,1
2007-04-25 00:00:00,0.41,0,0,0,0,1
2007-04-26 00:00:00,0.52,0,0,0,1,1
2007-04-27 00:00:00,0.52,0,0,1,1,1
2007-04-30 00:00:00,0.45,0,0,1,1,1
2007-05-01 00:00:00,0.42,0,0,0,1,1
2007-05-02 00:00:00,0.56,0,0,0,0,1
2007-05-03 00:00:00,0.53,0,0,0,0,1
2007-05-04 00:00:00,0.49,0,0,0,0,1
2007-05-07 00:00:00,0.5,0,0,0,0,1
2007-05-08 00:00:00,0.54,0,0,1,1,0
2007-05-09 00:00:00,0.84,0,0,0,1,1
2007-05-10 00:00:00,0.85,1,1,1,1,0
2007-05-11 00:00:00,1.17,0,0,0,0,0
2007-05-14 00:00:00,0.81,0,1,1,1,1
2007-05-15 00:00:00,0.24,0,0,0,1,1
2007-05-16 00:00:00,0.44,0,0,0,0,1
2007-05-17 00:00:00,0.47,0,0,0,1,1
2007-05-18 00:00:00,0.46,0,0,0,0,0
2007-05-21 00:00:00,0.49,0,0,0,0,1
2007-05-22 00:00:00,0.54,0,0,0,0,1
2007-05-23 00:00:00,0.59,0,0,0,0,1
2007-05-24 00:00:00,0.51,1,1,1,1,1
2007-05-25 00:00:00,0.68,0,0,0,0,0
2007-05-29 00:00:00,0.6,0,0,0,0,1
2007-05-30 00:00:00,0.78,0,1,1,1,1
2007-05-31 00:00:00,0.69,0,0,0,1,1
2007-06-01 00:00:00,0.88,0,0,0,0,0
2007-06-04 00:00:00,0.77,0,0,1,1,1
2007-06-05 00:00:00,0.68,1,1,1,1,0
2007-06-06 00:00:00,0.43,1,1,1,1,0
2007-06-07 00:00:00,-0.5,0,0,1,1,1
2007-06-08 00:00:00,0.06,0,0,0,0,1
2007-06-11 00:00:00,0.18,0,0,0,1,1
2007-06-12 00:00:00,-0.23,0,1,1,1,1
2007-06-13 00:00:00,0.19,0,0,0,0,1
2007-06-14 00:00:00,0.79,0,0,0,0,1
2007-06-15 00:00:00,0.79,0,0,0,0,0
2007-06-18 00:00:00,1.07,0,0,0,1,1
2007-06-19 00:00:00,1.3,0,0,0,1,1
2007-06-20 00:00:00,0.1,1,1,1,1,1
2007-06-21 00:00:00,0.31,0,0,1,1,1
2007-06-22 00:00:00,0.04,1,1,1,1,0
2007-06-25 00:00:00,0.06,0,1,1,1,1
2007-06-26 00:00:00,-0.11,0,0,1,1,1
2007-06-27 00:00:00,0.09,0,0,0,1,1
2007-06-28 00:00:00,0.29,0,0,0,0,1
2007-06-29 00:00:00,-0.03,0,0,0,1,1
2007-07-02 00:00:00,0.18,0,0,0,0,0
2007-07-03 00:00:00,0.29,0,0,0,0,0
2007-07-05 00:00:00,0.4,0,0,1,1,1
2007-07-06 00:00:00,0.43,0,0,0,0,1
2007-07-09 00:00:00,0.32,0,0,0,1,1
2007-07-10 00:00:00,0.05,1,1,1,1,0
2007-07-11 00:00:00,0.41,0,0,0,0,1
2007-07-12 00:00:00,0.95,0,0,0,0,0
2007-07-13 00:00:00,1.05,0,0,0,0,1
2007-07-16 00:00:00,1.03,0,0,0,0,1
2007-07-17 00:00:00,-0.03,0,0,0,0,1
2007-07-18 00:00:00,0.05,1,1,1,1,0
2007-07-19 00:00:00,0.18,0,0,0,0,0
2007-07-20 00:00:00,0.04,1,1,1,1,0
2007-07-23 00:00:00,0.08,0,0,0,0,0
2007-07-24 00:00:00,-0.04,1,1,1,1,0
2007-07-25 00:00:00,0.11,0,0,1,1,1
2007-07-26 00:00:00,0.03,1,1,1,1,0
2007-07-27 00:00:00,-0.36,1,1,1,1,1
2007-07-30 00:00:00,-0.09,0,0,0,0,0
2007-07-31 00:00:00,0.25,0,0,1,1,1
2007-08-01 00:00:00,-0.35,0,1,1,1,1
2007-08-02 00:00:00,-0.16,0,0,0,0,1
2007-08-03 00:00:00,-0.32,1,1,1,1,1
2007-08-06 00:00:00,-0.24,0,0,0,1,1
2007-08-07 00:00:00,-0.44,0,0,0,1,1
2007-08-08 00:00:00,0.09,0,0,0,0,0
2007-08-09 00:00:00,-0.31,1,1,1,1,0
2007-08-10 00:00:00,-3.55,0,1,1,1,1
2007-08-13 00:00:00,-2.9,0,0,0,0,0
2007-08-14 00:00:00,-2.64,0,1,1,1,1
2007-08-15 00:00:00,-3.63,0,0,0,1,1
2007-08-16 00:00:00,-3.36,1,1,1,1,0
2007-08-17 00:00:00,-3.6,0,0,0,0,0
2007-08-20 00:00:00,-1.89,0,0,1,1,1
2007-08-21 00:00:00,-1.39,0,0,0,0,1
2007-08-22 00:00:00,-0.97,0,0,0,0,0
2007-08-23 00:00:00,-1.03,0,0,1,1,1
2007-08-24 00:00:00,-0.94,0,0,0,0,1
2007-08-27 00:00:00,-0.99,0,0,1,1,0
2007-08-28 00:00:00,-1.05,1,1,1,1,0
2007-08-29 00:00:00,-0.84,0,0,0,0,0
2007-08-30 00:00:00,-1.04,0,0,1,1,1
2007-08-31 00:00:00,-1.0,0,0,0,0,0
2007-09-04 00:00:00,-0.91,0,0,0,0,1
2007-09-05 00:00:00,-1.1,0,1,1,1,0
2007-09-06 00:00:00,-1.09,0,0,0,1,1
2007-09-07 00:00:00,-1.73,1,1,1,1,0
2007-09-10 00:00:00,-2.05,0,1,1,1,1
2007-09-11 00:00:00,-1.39,0,0,0,0,0
2007-09-12 00:00:00,-1.06,0,0,0,1,1
2007-09-13 00:00:00,-1.09,0,0,0,0,0
2007-09-14 00:00:00,-1.02,0,0,1,1,1
2007-09-17 00:00:00,-1.03,0,0,1,1,0
2007-09-18 00:00:00,1.21,0,0,0,0,0
2007-09-19 00:00:00,-0.34,0,0,0,0,0
2007-09-20 00:00:00,-0.07,0,0,1,1,1
2007-09-21 00:00:00,0.11,0,0,0,0,0
2007-09-24 00:00:00,0.2,0,0,0,1,1
2007-09-25 00:00:00,0.23,0,0,1,1,0
2007-09-26 00:00:00,0.53,0,0,0,0,0
2007-09-27 00:00:00,0.67,0,0,0,0,0
2007-09-28 00:00:00,0.87,0,0,1,1,1
2007-10-01 00:00:00,0.91,0,0,0,0,0
2007-10-02 00:00:00,0.77,0,0,0,1,1
2007-10-03 00:00:00,0.89,0,0,0,1,1
2007-10-04 00:00:00,0.89,0,0,0,0,1
2007-10-05 00:00:00,1.34,0,0,0,0,0
2007-10-08 00:00:00,1.31,0,0,1,1,0
2007-10-09 00:00:00,1.58,0,0,0,0,1
2007-10-10 00:00:00,1.31,0,0,1,1,0
2007-10-11 00:00:00,1.27,0,0,0,1,1
2007-10-12 00:00:00,1.5,0,0,0,0,1
2007-10-15 00:00:00,1.24,1,1,1,1,1
2007-10-16 00:00:00,1.3,0,1,1,1,0
2007-10-17 00:00:00,-0.12,0,0,1,1,1
2007-10-18 00:00:00,-0.17,0,0,1,1,0
2007-10-19 00:00:00,-0.24,1,1,1,1,0
2007-10-22 00:00:00,-0.53,0,0,1,1,1
2007-10-23 00:00:00,-0.33,0,0,0,0,1
2007-10-24 00:00:00,-0.44,1,1,1,1,0
2007-10-25 00:00:00,-0.03,0,1,1,1,1
2007-10-26 00:00:00,0.31,0,0,0,0,0
2007-10-29 00:00:00,0.64,0,0,0,0,1
2007-10-30 00:00:00,0.68,0,0,1,1,0
2007-10-31 00:00:00,1.24,0,0,0,0,1
2007-11-01 00:00:00,0.13,1,1,1,1,0
2007-11-02 00:00:00,0.09,0,1,1,1,1
2007-11-05 00:00:00,-0.03,1,1,1,1,0
2007-11-06 00:00:00,0.47,0,0,0,0,1
2007-11-07 00:00:00,0.01,1,1,1,1,0
2007-11-08 00:00:00,-0.19,1,1,1,1,1
2007-11-09 00:00:00,-0.6,0,1,1,1,1
2007-11-12 00:00:00,-1.0,0,0,0,0,1
2007-11-13 00:00:00,0.17,0,0,0,0,0
2007-11-14 00:00:00,-0.15,0,0,0,0,0
2007-11-15 00:00:00,-0.72,1,1,1,1,0
2007-11-16 00:00:00,0.41,0,0,0,1,1
2007-11-19 00:00:00,1.31,1,1,1,1,0
2007-11-20 00:00:00,1.1,0,0,1,1,1
2007-11-21 00:00:00,-0.07,1,1,1,1,0
2007-11-23 00:00:00,0.12,0,0,0,0,0
2007-11-26 00:00:00,-0.35,0,0,1,1,1
2007-11-27 00:00:00,-0.12,0,0,0,0,0
2007-11-28 00:00:00,0.1,0,0,0,0,0
2007-11-29 00:00:00,-0.09,0,0,0,1,1
2007-11-30 00:00:00,0.18,0,0,0,0,0
2007-12-03 00:00:00,0.27,0,0,0,1,1
2007-12-04 00:00:00,0.35,0,0,1,1,0
2007-12-05 00:00:00,0.89,0,0,0,0,0
2007-12-06 00:00:00,1.27,0,0,0,0,1
2007-12-07 00:00:00,1.3,0,0,0,0,1
2007-12-10 00:00:00,1.64,0,0,0,0,1
2007-12-11 00:00:00,0.99,1,1,1,1,1
2007-12-12 00:00:00,1.57,0,0,0,0,0
2007-12-13 00:00:00,1.91,0,0,0,1,1
2007-12-14 00:00:00,2.02,0,0,1,1,0
2007-12-17 00:00:00,1.7,0,1,1,1,0
2007-12-18 00:00:00,2.02,0,0,0,1,1
2007-12-19 00:00:00,-0.04,0,0,1,1,1
2007-12-20 00:00:00,-0.07,0,0,0,1,1
2007-12-21 00:00:00,0.19,0,0,0,0,0
2007-12-24 00:00:00,0.77,0,0,0,0,0
2007-12-26 00:00:00,0.77,0,0,0,1,1
2007-12-27 00:00:00,0.8,1,1,1,1,0
2007-12-28 00:00:00,0.91,0,0,0,1,1
2007-12-31 00:00:00,1.07,0,0,1,1,1
2008-01-02 00:00:00,0.63,1,1,1,1,1
2008-01-03 00:00:00,1.1,0,0,0,0,1
2008-01-04 00:00:00,0.62,1,1,1,1,1
2008-01-07 00:00:00,0.69,0,0,1,1,1
2008-01-08 00:00:00,0.36,0,0,0,1,1
2008-01-09 00:00:00,0.89,0,0,1,1,1
2008-01-10 00:00:00,0.88,0,0,0,1,1
2008-01-11 00:00:00,1.19,0,1,1,1,1
2008-01-14 00:00:00,1.74,0,0,0,0,0
2008-01-15 00:00:00,1.2,1,1,1,1,0
2008-01-16 00:00:00,0.04,0,1,1,1,1
2008-01-17 00:00:00,-0.35,1,1,1,1,1
2008-01-18 00:00:00,-0.53,1,1,1,1,1
2008-01-22 00:00:00,-1.35,1,1,1,1,0
2008-01-23 00:00:00,-1.1,1,1,1,1,1
2008-01-24 00:00:00,-1.09,0,0,0,1,1
2008-01-25 00:00:00,-0.95,1,1,1,1,1
2008-01-28 00:00:00,-0.79,0,0,0,1,1
2008-01-29 00:00:00,-1.0,0,0,0,0,1
2008-01-30 00:00:00,-0.58,0,0,0,1,1
2008-01-31 00:00:00,-0.33,0,1,1,1,1
2008-02-01 00:00:00,-0.29,0,0,0,0,1
2008-02-04 00:00:00,-0.25,0,1,1,1,0
2008-02-05 00:00:00,-0.47,1,1,1,1,0
2008-02-06 00:00:00,-0.59,0,0,1,1,1
2008-02-07 00:00:00,-0.37,0,0,1,1,1
2008-02-08 00:00:00,-0.76,0,1,1,1,1
2008-02-11 00:00:00,-0.91,0,0,0,1,1
2008-02-12 00:00:00,-0.34,0,0,0,0,0
2008-02-13 00:00:00,-0.19,0,0,0,0,0
2008-02-14 00:00:00,-0.1,0,1,1,1,1
2008-02-15 00:00:00,-0.14,0,0,1,1,0
2008-02-20 00:00:00,-0.04,1,1,1,1,1
2008-02-21 00:00:00,0.03,0,0,1,1,1
2008-02-22 00:00:00,-0.04,0,1,1,1,1
2008-02-25 00:00:00,0.17,0,0,0,1,1
2008-02-26 00:00:00,0.47,0,0,0,1,1
2008-02-27 00:00:00,0.57,0,0,1,1,1
2008-02-28 00:00:00,0.52,0,1,1,1,0
2008-02-29 00:00:00,0.26,1,1,1,1,0
2008-03-03 00:00:00,0.09,0,0,1,1,1
2008-03-04 00:00:00,0.07,1,1,1,1,0
2008-03-05 00:00:00,0.55,0,0,0,1,1
2008-03-06 00:00:00,0.23,1,1,1,1,0
2008-03-07 00:00:00,-0.04,1,1,1,1,1
2008-03-10 00:00:00,-0.15,0,1,1,1,1
2008-03-11 00:00:00,-0.02,0,0,0,0,0
2008-03-12 00:00:00,0.24,0,0,0,1,1
2008-03-13 00:00:00,0.27,1,1,1,1,1
2008-03-14 00:00:00,-0.51,1,1,1,1,1
2008-03-17 00:00:00,-2.03,1,1,1,1,0
2008-03-18 00:00:00,0.25,0,0,0,0,0
2008-03-19 00:00:00,-0.88,1,1,1,1,1
2008-03-20 00:00:00,-0.92,0,0,0,0,1
2008-03-24 00:00:00,-0.64,0,0,0,0,0
2008-03-25 00:00:00,-0.45,0,0,0,1,1
2008-03-26 00:00:00,-0.63,0,0,1,1,0
2008-03-27 00:00:00,-0.18,0,0,0,0,1
2008-03-28 00:00:00,-0.01,0,0,0,1,1
2008-03-31 00:00:00,0.29,0,0,0,1,1
2008-04-01 00:00:00,0.85,0,0,0,0,0
2008-04-02 00:00:00,0.39,0,0,0,1,1
2008-04-03 00:00:00,0.67,0,0,1,1,1
2008-04-04 00:00:00,0.99,0,0,0,1,1
2008-04-07 00:00:00,1.25,0,0,0,0,0
2008-04-08 00:00:00,1.05,0,0,1,1,1
2008-04-09 00:00:00,1.03,0,1,1,1,0
2008-04-10 00:00:00,1.48,0,0,0,1,1
2008-04-11 00:00:00,1.07,1,1,1,1,0
2008-04-14 00:00:00,1.04,0,0,0,1,1
2008-04-15 00:00:00,1.54,0,0,0,1,1
2008-04-16 00:00:00,0.27,0,0,0,0,0
2008-04-17 00:00:00,0.52,0,0,1,1,0
2008-04-18 00:00:00,0.64,0,0,0,0,0
2008-04-21 00:00:00,0.51,0,0,0,1,1
2008-04-22 00:00:00,0.52,0,1,1,1,0
2008-04-23 00:00:00,0.55,0,0,0,1,1
2008-04-24 00:00:00,0.82,0,0,0,1,1
2008-04-25 00:00:00,0.83,0,0,0,1,1
2008-04-28 00:00:00,0.79,0,0,0,0,1
2008-04-29 00:00:00,0.78,0,0,1,1,1
2008-04-30 00:00:00,0.9,0,0,0,0,0
2008-05-01 00:00:00,1.09,0,0,0,0,1
2008-05-02 00:00:00,0.97,0,0,0,1,1
2008-05-05 00:00:00,1.3,0,0,1,1,1
2008-05-06 00:00:00,1.44,0,0,1,1,1
2008-05-07 00:00:00,1.51,1,1,1,1,1
2008-05-08 00:00:00,1.58,0,0,0,1,1
2008-05-09 00:00:00,1.61,0,0,1,1,1
2008-05-12 00:00:00,1.88,0,0,0,0,1
2008-05-13 00:00:00,2.08,0,0,1,1,1
2008-05-14 00:00:00,2.02,0,0,0,0,1
2008-05-15 00:00:00,2.45,0,0,0,0,1
2008-05-16 00:00:00,2.99,0,0,1,1,1
2008-05-19 00:00:00,3.12,0,0,0,0,1
2008-05-20 00:00:00,3.45,1,1,1,1,0
2008-05-21 00:00:00,1.44,1,1,1,1,1
2008-05-22 00:00:00,1.84,0,0,0,0,1
2008-05-23 00:00:00,1.81,1,1,1,1,0
2008-05-27 00:00:00,2.21,0,0,0,0,1
2008-05-28 00:00:00,1.92,0,0,0,1,1
2008-05-29 00:00:00,2.1,0,0,0,1,1
2008-05-30 00:00:00,2.39,0,0,0,0,0
2008-06-02 00:00:00,2.16,1,1,1,1,0
2008-06-03 00:00:00,2.11,0,1,1,1,1
2008-06-04 00:00:00,1.79,0,0,0,1,1
2008-06-05 00:00:00,2.22,0,0,0,0,0
2008-06-06 00:00:00,0.96,1,1,1,1,1
2008-06-09 00:00:00,0.73,0,0,0,1,1
2008-06-10 00:00:00,0.75,0,0,1,1,1
2008-06-11 00:00:00,0.3,0,1,1,1,1
2008-06-12 00:00:00,1.03,0,0,0,0,0
2008-06-13 00:00:00,1.38,0,0,0,0,1
2008-06-16 00:00:00,1.88,0,0,0,1,1
2008-06-17 00:00:00,1.63,0,0,0,1,1
2008-06-18 00:00:00,0.02,1,1,1,1,0
2008-06-19 00:00:00,0.24,0,0,0,1,1
2008-06-20 00:00:00,-0.08,1,1,1,1,0
2008-06-23 00:00:00,-0.02,0,0,0,0,1
2008-06-24 00:00:00,0.07,0,0,1,1,1
2008-06-25 00:00:00,0.14,0,0,0,0,0
2008-06-26 00:00:00,-0.47,1,1,1,1,0
2008-06-27 00:00:00,-0.37,0,0,1,1,1
2008-06-30 00:00:00,-0.26,0,0,0,1,1
2008-07-01 00:00:00,-0.39,1,1,1,1,1
2008-07-02 00:00:00,-0.58,0,0,1,1,1
2008-07-03 00:00:00,-0.7,0,0,1,1,1
2008-07-07 00:00:00,-1.07,1,1,1,1,1
2008-07-08 00:00:00,-0.42,0,0,0,1,1
2008-07-09 00:00:00,-0.78,0,1,1,1,1
2008-07-10 00:00:00,-0.75,0,0,1,1,1
2008-07-11 00:00:00,-1.9,1,1,1,1,0
2008-07-14 00:00:00,-2.14,0,0,1,1,1
2008-07-15 00:00:00,-2.31,1,1,1,1,1
2008-07-16 00:00:00,-0.24,0,0,0,0,1
2008-07-17 00:00:00,-0.26,0,0,0,0,1
2008-07-18 00:00:00,-0.25,0,0,0,0,1
2008-07-21 00:00:00,0.04,0,0,0,0,1
2008-07-22 00:00:00,0.27,0,0,1,1,1
2008-07-23 00:00:00,0.35,0,0,0,0,0
2008-07-24 00:00:00,0.17,1,1,1,1,1
2008-07-25 00:00:00,0.18,0,0,0,0,1
2008-07-28 00:00:00,-0.01,0,1,1,1,1
2008-07-29 00:00:00,0.31,0,0,0,0,0
2008-07-30 00:00:00,0.53,0,0,0,0,0
2008-07-31 00:00:00,0.17,0,1,1,1,1
2008-08-01 00:00:00,0.09,0,1,1,1,1
2008-08-04 00:00:00,0.23,0,0,1,1,0
2008-08-05 00:00:00,0.68,0,0,0,0,0
2008-08-06 00:00:00,0.88,0,0,0,1,1
2008-08-07 00:00:00,1.01,1,1,1,1,0
2008-08-08 00:00:00,0.96,0,0,0,1,1
2008-08-11 00:00:00,1.39,0,0,0,0,1
2008-08-12 00:00:00,1.18,0,0,1,1,0
2008-08-13 00:00:00,1.43,0,1,1,1,1
2008-08-14 00:00:00,1.35,0,0,1,1,1
2008-08-15 00:00:00,1.74,0,0,0,0,1
2008-08-18 00:00:00,1.55,1,1,1,1,1
2008-08-19 00:00:00,1.93,1,1,1,1,0
2008-08-20 00:00:00,0.71,0,0,0,1,1
2008-08-21 00:00:00,1.06,0,0,1,1,1
2008-08-22 00:00:00,1.33,0,0,0,0,0
2008-08-25 00:00:00,0.81,1,1,1,1,0
2008-08-26 00:00:00,0.84,0,0,0,0,1
2008-08-27 00:00:00,1.14,0,0,0,0,1
2008-08-28 00:00:00,1.56,0,0,0,0,0
2008-08-29 00:00:00,1.29,0,1,1,1,0
2008-09-02 00:00:00,1.11,0,0,1,1,1
2008-09-03 00:00:00,1.46,0,0,1,1,1
2008-09-04 00:00:00,0.53,1,1,1,1,0
2008-09-05 00:00:00,0.9,1,1,1,1,1
2008-09-08 00:00:00,1.4,0,0,0,0,0
2008-09-09 00:00:00,0.49,1,1,1,1,1
2008-09-10 00:00:00,0.72,0,0,0,1,1
2008-09-11 00:00:00,0.66,1,1,1,1,1
2008-09-12 00:00:00,-0.11,0,1,1,1,1
2008-09-15 00:00:00,-3.11,1,1,1,1,0
2008-09-16 00:00:00,-4.51,1,1,1,1,1
2008-09-17 00:00:00,-0.68,1,1,1,1,0
2008-09-18 00:00:00,-0.3,1,1,1,1,1
2008-09-19 00:00:00,-0.36,0,0,0,0,0
2008-09-22 00:00:00,-1.15,0,1,1,1,1
2008-09-23 00:00:00,-2.17,1,1,1,1,1
2008-09-24 00:00:00,-1.97,0,0,0,0,1
2008-09-25 00:00:00,-1.75,0,0,0,0,0
2008-09-26 00:00:00,-2.39,1,1,1,1,0
2008-09-29 00:00:00,-2.85,1,1,1,1,0
2008-09-30 00:00:00,-2.44,0,0,0,0,0
2008-10-01 00:00:00,-3.02,0,1,1,1,1
2008-10-02 00:00:00,-3.46,1,1,1,1,0
2008-10-03 00:00:00,-4.47,0,0,0,1,1
2008-10-06 00:00:00,-5.43,1,1,1,1,0
2008-10-07 00:00:00,-7.51,1,1,1,1,1
2008-10-08 00:00:00,-10.17,1,1,1,1,1
2008-10-09 00:00:00,-14.62,0,0,1,1,1
2008-10-10 00:00:00,-18.4,1,1,1,1,1
2008-10-13 00:00:00,-14.57,0,0,0,0,0
2008-10-14 00:00:00,-11.11,1,1,1,1,1
2008-10-15 00:00:00,-15.48,1,1,1,1,0
2008-10-16 00:00:00,-21.1,0,1,1,1,1
2008-10-17 00:00:00,-16.21,0,0,1,1,1
2008-10-20 00:00:00,-7.26,0,0,0,0,0
2008-10-21 00:00:00,-9.0,1,1,1,1,0
2008-10-22 00:00:00,-8.62,1,1,1,1,0
2008-10-23 00:00:00,-9.88,1,1,1,1,1
2008-10-24 00:00:00,-12.26,1,1,1,1,0
2008-10-27 00:00:00,-14.41,0,0,1,1,1
2008-10-28 00:00:00,-10.93,0,0,0,0,0
2008-10-29 00:00:00,-12.25,0,0,0,1,1
2008-10-30 00:00:00,-11.17,0,0,0,0,1
2008-10-31 00:00:00,-9.64,0,0,0,1,1
2008-11-03 00:00:00,-7.25,0,0,0,1,1
2008-11-04 00:00:00,-4.57,0,0,0,0,0
2008-11-05 00:00:00,-6.35,1,1,1,1,0
2008-11-06 00:00:00,-9.78,1,1,1,1,0
2008-11-07 00:00:00,-7.17,0,0,0,0,1
2008-11-10 00:00:00,-7.99,0,1,1,1,1
2008-11-11 00:00:00,-9.0,1,1,1,1,0
2008-11-12 00:00:00,-10.79,0,1,1,1,0
2008-11-13 00:00:00,-6.84,1,1,1,1,1
2008-11-14 00:00:00,-9.39,1,1,1,1,1
2008-11-17 00:00:00,-11.7,0,0,0,1,1
2008-11-18 00:00:00,-9.75,0,0,1,1,1
2008-11-19 00:00:00,-6.03,1,1,1,1,0
2008-11-20 00:00:00,-6.46,1,1,1,1,1
2008-11-21 00:00:00,-5.88,0,0,0,0,1
2008-11-24 00:00:00,-4.49,0,0,0,0,0
2008-11-25 00:00:00,-4.57,0,0,0,1,1
2008-11-26 00:00:00,-2.33,0,0,1,1,1
2008-11-28 00:00:00,-2.61,0,0,0,0,1
2008-12-01 00:00:00,-4.16,1,1,1,1,0
2008-12-02 00:00:00,-2.63,0,0,0,0,0
2008-12-03 00:00:00,-2.52,0,0,1,1,1
2008-12-04 00:00:00,-2.87,0,0,1,1,1
2008-12-05 00:00:00,-1.57,0,1,1,1,1
2008-12-08 00:00:00,-0.59,0,0,0,0,0
2008-12-09 00:00:00,-1.02,0,0,1,1,1
2008-12-10 00:00:00,-0.82,0,0,0,0,1
2008-12-11 00:00:00,0.26,0,0,1,1,1
2008-12-12 00:00:00,-0.12,1,1,1,1,1
2008-12-15 00:00:00,-0.86,0,1,1,1,1
2008-12-16 00:00:00,-0.19,0,0,0,0,0
2008-12-17 00:00:00,-2.13,0,0,1,1,1
2008-12-18 00:00:00,-1.38,0,0,1,1,1
2008-12-19 00:00:00,-0.82,0,0,0,1,1
2008-12-22 00:00:00,0.12,0,1,1,1,1
2008-12-23 00:00:00,0.39,0,0,1,1,1
2008-12-24 00:00:00,0.23,0,0,0,0,1
2008-12-26 00:00:00,0.5,0,0,0,0,1
2008-12-29 00:00:00,0.42,0,0,1,1,1
2008-12-30 00:00:00,0.9,0,0,0,0,1
2008-12-31 00:00:00,0.99,0,0,0,0,1
2009-01-02 00:00:00,1.21,0,0,0,0,1
2009-01-05 00:00:00,0.2,0,0,0,1,1
2009-01-06 00:00:00,0.02,0,0,0,0,1
2009-01-07 00:00:00,-1.02,1,1,1,1,0
2009-01-08 00:00:00,-0.25,0,0,0,1,1
2009-01-09 00:00:00,-0.4,0,1,1,1,1
2009-01-12 00:00:00,-0.3,0,1,1,1,1
2009-01-13 00:00:00,0.14,0,0,0,1,1
2009-01-14 00:00:00,-1.23,1,1,1,1,0
2009-01-15 00:00:00,-3.33,1,1,1,1,1
2009-01-16 00:00:00,-1.12,0,0,0,1,1
2009-01-20 00:00:00,-3.24,1,1,1,1,0
2009-01-21 00:00:00,-3.77,0,0,0,0,1
2009-01-22 00:00:00,-3.17,1,1,1,1,0
2009-01-23 00:00:00,-2.96,1,1,1,1,1
2009-01-26 00:00:00,-1.92,0,0,0,0,0
2009-01-27 00:00:00,-1.65,0,0,0,0,0
2009-01-28 00:00:00,-1.56,0,0,0,0,0
2009-01-29 00:00:00,-2.5,1,1,1,1,0
2009-01-30 00:00:00,-2.81,0,1,1,1,1
2009-02-02 00:00:00,-3.05,0,0,1,1,1
2009-02-03 00:00:00,-2.2,0,0,0,0,1
2009-02-04 00:00:00,-2.65,0,0,0,0,1
2009-02-05 00:00:00,-2.75,0,0,1,1,1
2009-02-06 00:00:00,-2.5,0,0,0,0,1
2009-02-09 00:00:00,-2.0,0,0,0,1,1
2009-02-10 00:00:00,-2.7,1,1,1,1,1
2009-02-11 00:00:00,-2.4,0,0,0,1,1
2009-02-12 00:00:00,-0.95,1,1,1,1,0
2009-02-13 00:00:00,-1.25,0,0,1,1,1
2009-02-17 00:00:00,-3.95,1,1,1,1,0
2009-02-18 00:00:00,-2.2,0,0,0,1,1
2009-02-19 00:00:00,-1.35,0,0,0,0,0
2009-02-20 00:00:00,-1.95,1,1,1,1,0
2009-02-23 00:00:00,-2.15,1,1,1,1,1
2009-02-24 00:00:00,-0.6,0,0,0,0,1
2009-02-25 00:00:00,-0.2,0,1,1,1,1
2009-02-26 00:00:00,-0.25,0,0,0,1,1
2009-02-27 00:00:00,-0.55,1,1,1,1,0
2009-03-02 00:00:00,-1.8,1,1,1,1,0
2009-03-03 00:00:00,-2.1,0,0,1,1,1
2009-03-04 00:00:00,-1.85,0,0,0,0,0
2009-03-05 00:00:00,-2.9,1,1,1,1,0
2009-03-06 00:00:00,-2.5,0,1,1,1,1
2009-03-09 00:00:00,-2.15,0,0,1,1,1
2009-03-10 00:00:00,-1.55,0,0,0,0,0
2009-03-11 00:00:00,-1.05,0,0,0,0,1
2009-03-12 00:00:00,0.0,0,0,0,1,1
2009-03-13 00:00:00,-0.5,0,0,0,1,1
2009-03-16 00:00:00,0.1,0,0,0,0,0
2009-03-17 00:00:00,1.25,0,0,0,1,1
2009-03-18 00:00:00,-1.8,0,0,1,1,1
2009-03-19 00:00:00,-2.15,0,0,1,1,1
2009-03-20 00:00:00,-2.6,0,1,1,1,1
2009-03-23 00:00:00,-1.6,0,0,0,0,0
2009-03-24 00:00:00,-1.75,0,0,1,1,1
2009-03-25 00:00:00,-1.3,0,0,1,1,1
2009-03-26 00:00:00,-1.0,0,0,0,0,0
2009-03-27 00:00:00,-1.35,0,1,1,1,0
2009-03-30 00:00:00,-2.3,1,1,1,1,0
2009-03-31 00:00:00,-1.1,0,0,0,0,0
2009-04-01 00:00:00,-0.4,0,0,1,1,1
2009-04-02 00:00:00,-0.45,0,0,0,0,0
2009-04-03 00:00:00,0.1,0,0,1,1,1
2009-04-06 00:00:00,0.2,1,1,1,1,0
2009-04-07 00:00:00,0.8,0,1,1,1,0
2009-04-08 00:00:00,0.95,0,0,0,0,1
2009-04-09 00:00:00,1.6,0,0,0,0,0
2009-04-13 00:00:00,2.65,0,0,1,1,1
2009-04-14 00:00:00,1.75,0,1,1,1,1
2009-04-15 00:00:00,0.0,0,0,0,1,1
2009-04-16 00:00:00,0.15,0,0,0,1,1
2009-04-17 00:00:00,0.05,0,0,0,0,1
2009-04-20 00:00:00,-0.55,1,1,1,1,0
2009-04-21 00:00:00,-0.25,0,0,0,1,1
2009-04-22 00:00:00,-0.4,0,0,1,1,1
2009-04-23 00:00:00,-0.4,0,0,0,1,1
2009-04-24 00:00:00,-0.15,0,0,0,0,0
2009-04-27 00:00:00,-0.3,0,1,1,1,0
2009-04-28 00:00:00,-0.05,0,0,1,1,1
2009-04-29 00:00:00,0.25,0,0,0,0,0
2009-04-30 00:00:00,0.05,0,0,0,0,1
2009-05-01 00:00:00,0.2,0,0,0,1,1
2009-05-04 00:00:00,-0.05,0,0,0,0,0
2009-05-05 00:00:00,0.2,0,0,0,1,1
2009-05-06 00:00:00,0.75,0,0,0,0,1
2009-05-07 00:00:00,0.45,0,1,1,1,1
2009-05-08 00:00:00,0.6,0,0,0,0,0
2009-05-11 00:00:00,0.55,1,1,1,1,0
2009-05-12 00:00:00,0.9,0,1,1,1,1
2009-05-13 00:00:00,0.45,1,1,1,1,0
2009-05-14 00:00:00,0.9,0,0,0,1,1
2009-05-15 00:00:00,0.05,0,0,1,1,1
2009-05-18 00:00:00,1.0,0,0,0,0,0
2009-05-19 00:00:00,1.9,0,0,0,0,1
2009-05-20 00:00:00,0.9,0,0,0,0,0
2009-05-21 00:00:00,0.65,1,1,1,1,0
2009-05-22 00:00:00,0.3,0,0,0,1,1
2009-05-26 00:00:00,0.85,0,0,0,1,1
2009-05-27 00:00:00,0.8,0,0,1,1,1
2009-05-28 00:00:00,0.85,0,0,0,1,1
2009-05-29 00:00:00,1.15,0,0,0,0,1
2009-06-01 00:00:00,1.15,0,0,0,0,0
2009-06-02 00:00:00,1.4,0,0,0,0,1
2009-06-03 00:00:00,1.5,1,1,1,1,0
2009-06-04 00:00:00,1.45,0,0,0,0,1
2009-06-05 00:00:00,1.65,0,0,0,1,1
2009-06-08 00:00:00,1.75,0,1,1,1,0
2009-06-09 00:00:00,1.85,0,0,0,0,1
2009-06-10 00:00:00,2.1,0,0,1,1,1
2009-06-11 00:00:00,2.5,0,0,0,1,1
2009-06-12 00:00:00,1.6,0,0,0,1,1
2009-06-15 00:00:00,1.15,1,1,1,1,0
2009-06-16 00:00:00,0.55,0,0,1,1,1
2009-06-17 00:00:00,-0.55,0,0,0,1,1
2009-06-18 00:00:00,-0.55,0,0,0,0,1
2009-06-19 00:00:00,0.2,0,0,0,0,1
2009-06-22 00:00:00,-0.2,1,1,1,1,0
2009-06-23 00:00:00,0.1,0,0,0,0,1
2009-06-24 00:00:00,0.75,0,0,0,0,0
2009-06-25 00:00:00,1.15,0,0,0,1,1
2009-06-26 00:00:00,1.3,0,0,1,1,1
2009-06-29 00:00:00,1.5,0,0,0,0,1
2009-06-30 00:00:00,1.2,0,1,1,1,1
2009-07-01 00:00:00,1.55,0,0,0,0,0
2009-07-02 00:00:00,1.35,1,1,1,1,0
2009-07-06 00:00:00,1.4,0,0,1,1,0
2009-07-07 00:00:00,1.2,0,1,1,1,0
2009-07-08 00:00:00,1.0,0,1,1,1,1
2009-07-09 00:00:00,2.0,0,0,0,0,0
2009-07-10 00:00:00,2.15,0,0,1,1,1
2009-07-13 00:00:00,3.25,0,0,0,0,1
2009-07-14 00:00:00,3.25,0,0,0,0,1
2009-07-15 00:00:00,2.8,0,0,0,0,0
2009-07-16 00:00:00,3.05,0,0,0,0,1
2009-07-17 00:00:00,3.4,0,0,0,1,1
2009-07-20 00:00:00,3.85,0,0,0,0,0
2009-07-21 00:00:00,3.8,0,0,1,1,1
2009-07-22 00:00:00,2.0,0,0,1,1,1
2009-07-23 00:00:00,2.2,0,0,0,0,0
2009-07-24 00:00:00,2.55,0,0,0,1,1
2009-07-27 00:00:00,2.6,0,0,1,1,1
2009-07-28 00:00:00,2.55,0,1,1,1,0
2009-07-29 00:00:00,2.4,0,0,1,1,0
2009-07-30 00:00:00,2.25,0,0,0,0,0
2009-07-31 00:00:00,2.45,0,0,0,1,1
2009-08-03 00:00:00,2.65,0,0,0,0,0
2009-08-04 00:00:00,2.55,0,0,1,1,1
2009-08-05 00:00:00,2.8,0,1,1,1,0
2009-08-06 00:00:00,2.35,0,0,1,1,1
2009-08-07 00:00:00,2.4,0,0,0,0,1
2009-08-10 00:00:00,2.5,0,0,1,1,1
2009-08-11 00:00:00,2.4,1,1,1,1,1
2009-08-12 00:00:00,2.8,0,0,0,0,1
2009-08-13 00:00:00,2.75,0,0,0,1,1
2009-08-14 00:00:00,3.1,1,1,1,1,1
2009-08-17 00:00:00,2.3,1,1,1,1,0
2009-08-18 00:00:00,2.9,0,0,0,0,0
2009-08-19 00:00:00,2.2,0,0,1,1,1
2009-08-20 00:00:00,2.3,0,0,0,0,1
2009-08-21 00:00:00,2.65,0,0,0,0,0
2009-08-24 00:00:00,2.5,0,0,0,0,1
2009-08-25 00:00:00,2.3,0,0,0,0,0
2009-08-26 00:00:00,2.1,0,0,0,1,1
2009-08-27 00:00:00,2.45,0,0,1,1,1
2009-08-28 00:00:00,2.4,0,0,0,1,1
2009-08-31 00:00:00,2.45,0,1,1,1,0
2009-09-01 00:00:00,2.2,1,1,1,1,1
2009-09-02 00:00:00,2.15,0,0,0,1,1
2009-09-03 00:00:00,2.3,0,0,0,0,1
2009-09-04 00:00:00,2.85,0,0,0,0,1
2009-09-08 00:00:00,2.75,0,0,0,0,0
2009-09-09 00:00:00,2.65,0,0,0,0,1
2009-09-10 00:00:00,2.9,0,0,1,1,1
2009-09-11 00:00:00,2.95,0,0,0,1,1
2009-09-14 00:00:00,3.2,0,0,1,1,1
2009-09-15 00:00:00,3.65,0,0,0,1,1
2009-09-16 00:00:00,1.7,0,0,0,0,0
2009-09-17 00:00:00,1.65,0,0,0,1,1
2009-09-18 00:00:00,1.6,0,0,0,0,1
2009-09-21 00:00:00,1.7,0,0,1,1,1
2009-09-22 00:00:00,1.95,0,0,0,0,0
2009-09-23 00:00:00,1.8,0,0,0,1,1
2009-09-24 00:00:00,1.6,1,1,1,1,1
2009-09-25 00:00:00,1.55,0,0,0,1,1
2009-09-28 00:00:00,2.1,0,0,0,0,0
2009-09-29 00:00:00,1.95,0,0,0,1,1
2009-09-30 00:00:00,1.65,0,1,1,1,1
2009-10-01 00:00:00,0.95,1,1,1,1,0
2009-10-02 00:00:00,0.95,0,1,1,1,0
2009-10-05 00:00:00,1.15,0,0,0,0,1
2009-10-06 00:00:00,1.45,0,0,0,0,0
2009-10-07 00:00:00,1.95,0,0,0,0,1
2009-10-08 00:00:00,2.0,0,0,0,0,0
2009-10-09 00:00:00,1.95,0,0,0,1,1
2009-10-12 00:00:00,1.7,0,0,0,0,1
2009-10-13 00:00:00,2.05,0,0,1,1,1
2009-10-14 00:00:00,2.15,0,0,0,0,0
2009-10-15 00:00:00,2.55,0,0,0,1,1
2009-10-16 00:00:00,2.95,0,1,1,1,0
2009-10-19 00:00:00,3.25,0,0,0,0,0
2009-10-20 00:00:00,3.45,0,0,1,1,1
2009-10-21 00:00:00,1.1,0,0,0,1,1
2009-10-22 00:00:00,1.45,0,0,1,1,1
2009-10-23 00:00:00,1.4,1,1,1,1,1
2009-10-26 00:00:00,1.4,1,1,1,1,1
2009-10-27 00:00:00,1.2,0,0,1,1,1
2009-10-28 00:00:00,0.25,1,1,1,1,0
2009-10-29 00:00:00,0.75,0,0,0,0,0
2009-10-30 00:00:00,-0.15,1,1,1,1,1
2009-11-02 00:00:00,0.1,0,0,0,1,1
2009-11-03 00:00:00,0.2,0,0,0,1,1
2009-11-04 00:00:00,0.45,0,0,0,0,0
2009-11-05 00:00:00,1.35,0,0,0,0,0
2009-11-06 00:00:00,1.3,0,0,1,1,1
2009-11-09 00:00:00,1.4,0,0,0,0,0
2009-11-10 00:00:00,1.6,0,0,0,1,1
2009-11-11 00:00:00,1.5,0,0,0,0,1
2009-11-12 00:00:00,1.45,0,0,1,1,1
2009-11-13 00:00:00,1.6,0,0,0,1,1
2009-11-16 00:00:00,2.05,0,0,0,0,0
2009-11-17 00:00:00,2.8,0,0,0,1,1
2009-11-18 00:00:00,2.45,0,0,0,1,1
2009-11-19 00:00:00,2.55,1,1,1,1,0
2009-11-20 00:00:00,2.8,0,0,1,1,0
2009-11-23 00:00:00,3.55,0,0,0,0,0
2009-11-24 00:00:00,3.35,0,0,1,1,1
2009-11-25 00:00:00,3.45,0,0,0,0,0
2009-11-27 00:00:00,3.1,1,1,1,1,0
2009-11-30 00:00:00,3.05,0,0,0,1,1
2009-12-01 00:00:00,3.25,0,0,0,0,0
2009-12-02 00:00:00,3.55,0,0,0,1,1
2009-12-03 00:00:00,3.4,0,0,0,0,1
2009-12-04 00:00:00,3.55,0,0,0,0,1
2009-12-07 00:00:00,3.55,0,0,1,1,1
2009-12-08 00:00:00,3.05,1,1,1,1,0
2009-12-09 00:00:00,3.4,0,0,0,1,1
2009-12-10 00:00:00,3.6,0,0,0,0,1
2009-12-11 00:00:00,3.9,0,0,0,0,1
2009-12-14 00:00:00,4.45,0,0,0,0,0
2009-12-15 00:00:00,3.9,0,0,0,1,1
2009-12-16 00:00:00,2.4,0,0,0,0,0
2009-12-17 00:00:00,2.3,1,1,1,1,0
2009-12-18 00:00:00,2.3,0,0,0,1,1
2009-12-21 00:00:00,2.4,0,0,0,0,0
2009-12-22 00:00:00,2.45,0,0,0,0,0
2009-12-23 00:00:00,2.45,0,0,0,0,1
2009-12-24 00:00:00,2.65,0,0,0,0,0
2009-12-28 00:00:00,2.8,0,0,0,0,1
2009-12-29 00:00:00,2.75,0,0,0,0,1
2009-12-30 00:00:00,2.65,0,0,0,1,1
2009-12-31 00:00:00,2.85,0,0,0,1,1
2010-01-04 00:00:00,2.75,0,0,0,0,0
2010-01-05 00:00:00,2.9,0,0,0,1,1
2010-01-06 00:00:00,2.75,0,0,0,0,1
2010-01-07 00:00:00,2.7,0,0,0,1,1
2010-01-08 00:00:00,2.65,0,0,0,1,1
2010-01-11 00:00:00,2.75,0,0,0,1,1
2010-01-12 00:00:00,2.55,1,1,1,1,0
2010-01-13 00:00:00,3.1,0,0,0,1,1
2010-01-14 00:00:00,3.05,0,0,0,1,1
2010-01-15 00:00:00,2.9,1,1,1,1,0
2010-01-19 00:00:00,3.7,0,0,0,0,1
2010-01-20 00:00:00,1.45,1,1,1,1,0
2010-01-21 00:00:00,1.45,1,1,1,1,1
2010-01-22 00:00:00,0.4,0,1,1,1,1
2010-01-25 00:00:00,0.6,0,0,0,0,1
2010-01-26 00:00:00,0.75,0,0,0,1,1
2010-01-27 00:00:00,0.95,0,0,1,1,1
2010-01-28 00:00:00,0.9,1,1,1,1,1
2010-01-29 00:00:00,0.7,0,0,0,1,1
2010-02-01 00:00:00,1.2,0,0,0,0,0
2010-02-02 00:00:00,1.35,0,0,0,0,1
2010-02-03 00:00:00,1.4,0,0,0,1,1
2010-02-04 00:00:00,0.05,1,1,1,1,0
2010-02-05 00:00:00,-0.25,1,1,1,1,1
2010-02-08 00:00:00,-0.2,0,0,0,0,1
2010-02-09 00:00:00,0.1,0,0,0,0,0
2010-02-10 00:00:00,0.05,0,0,1,1,1
2010-02-11 00:00:00,0.5,0,0,0,1,1
2010-02-12 00:00:00,0.45,1,1,1,1,0
2010-02-16 00:00:00,1.0,0,0,0,0,0
2010-02-17 00:00:00,1.95,0,0,0,0,1
2010-02-18 00:00:00,2.3,0,0,0,1,1
2010-02-19 00:00:00,2.35,0,0,0,1,1
2010-02-22 00:00:00,2.3,0,0,0,0,1
2010-02-23 00:00:00,2.25,1,1,1,1,1
2010-02-24 00:00:00,2.55,0,0,0,0,1
2010-02-25 00:00:00,2.8,1,1,1,1,0
2010-02-26 00:00:00,3.1,0,0,0,1,1
2010-03-01 00:00:00,3.05,0,0,0,0,0
2010-03-02 00:00:00,3.0,0,0,0,0,0
2010-03-03 00:00:00,3.0,0,0,0,0,1
2010-03-04 00:00:00,2.9,0,0,0,0,1
2010-03-05 00:00:00,3.05,0,0,0,0,0
2010-03-08 00:00:00,2.9,0,0,0,0,1
2010-03-09 00:00:00,2.75,0,0,0,1,1
2010-03-10 00:00:00,2.8,0,0,0,0,1
2010-03-11 00:00:00,3.0,0,1,1,1,0
2010-03-12 00:00:00,3.1,0,0,0,1,1
2010-03-15 00:00:00,3.4,0,1,1,1,0
2010-03-16 00:00:00,3.45,0,0,0,0,1
2010-03-17 00:00:00,1.65,0,0,0,0,0
2010-03-18 00:00:00,1.65,0,0,0,1,1
2010-03-19 00:00:00,1.5,0,1,1,1,1
2010-03-22 00:00:00,1.75,0,0,1,1,1
2010-03-23 00:00:00,1.9,0,0,0,0,1
2010-03-24 00:00:00,1.75,0,0,1,1,0
2010-03-25 00:00:00,1.85,0,0,0,0,0
2010-03-26 00:00:00,1.8,0,0,0,1,1
2010-03-29 00:00:00,1.75,0,0,0,0,0
2010-03-30 00:00:00,1.9,0,0,0,1,1
2010-03-31 00:00:00,2.05,0,0,1,1,1
2010-04-01 00:00:00,2.25,0,0,0,0,0
2010-04-05 00:00:00,2.35,0,0,0,0,0
2010-04-06 00:00:00,2.4,0,0,0,1,1
2010-04-07 00:00:00,2.2,0,0,1,1,1
2010-04-08 00:00:00,2.4,0,0,1,1,1
2010-04-09 00:00:00,2.45,0,0,0,0,1
2010-04-12 00:00:00,2.55,0,0,0,0,1
2010-04-13 00:00:00,2.6,0,0,1,1,1
2010-04-14 00:00:00,2.6,0,0,0,0,0
2010-04-15 00:00:00,2.6,0,0,0,1,1
2010-04-16 00:00:00,1.75,1,1,1,1,0
2010-04-19 00:00:00,2.1,0,1,1,1,1
2010-04-20 00:00:00,2.6,0,0,0,0,0
2010-04-21 00:00:00,2.05,0,1,1,1,1
2010-04-22 00:00:00,2.1,1,1,1,1,1
2010-04-23 00:00:00,2.25,0,0,0,0,1
2010-04-26 00:00:00,2.2,0,0,0,0,1
2010-04-27 00:00:00,1.35,1,1,1,1,0
2010-04-28 00:00:00,1.4,0,0,0,0,1
2010-04-29 00:00:00,2.0,0,0,0,0,0
2010-04-30 00:00:00,1.4,1,1,1,1,1
2010-05-03 00:00:00,2.05,0,0,0,0,0
2010-05-04 00:00:00,1.45,1,1,1,1,0
2010-05-05 00:00:00,1.3,1,1,1,1,1
2010-05-06 00:00:00,-0.1,1,1,1,1,1
2010-05-07 00:00:00,-2.0,1,1,1,1,1
2010-05-10 00:00:00,-0.4,0,0,0,0,0
2010-05-11 00:00:00,-0.05,0,0,1,1,1
2010-05-12 00:00:00,0.75,0,0,0,0,0
2010-05-13 00:00:00,0.55,0,0,0,1,1
2010-05-14 00:00:00,-1.35,1,1,1,1,0
2010-05-17 00:00:00,-1.3,1,1,1,1,1
2010-05-18 00:00:00,-1.75,0,1,1,1,1
2010-05-19 00:00:00,0.4,0,1,1,1,1
2010-05-20 00:00:00,-0.25,1,1,1,1,0
2010-05-21 00:00:00,-0.05,0,0,1,1,1
2010-05-24 00:00:00,0.0,0,0,0,1,1
2010-05-25 00:00:00,0.35,1,1,1,1,0
2010-05-26 00:00:00,0.5,0,0,0,0,0
2010-05-27 00:00:00,1.3,0,0,0,0,0
2010-05-28 00:00:00,0.9,0,1,1,1,1
2010-06-01 00:00:00,0.1,0,0,1,1,1
2010-06-02 00:00:00,1.15,0,0,0,0,0
2010-06-03 00:00:00,1.1,0,0,0,1,1
2010-06-04 00:00:00,-0.75,1,1,1,1,0
2010-06-07 00:00:00,-1.35,0,0,0,1,1
2010-06-08 00:00:00,-0.5,0,0,0,1,1
2010-06-09 00:00:00,-0.05,0,0,0,0,0
2010-06-10 00:00:00,0.9,0,0,0,0,0
2010-06-11 00:00:00,1.6,0,0,0,1,1
2010-06-14 00:00:00,1.75,0,0,0,0,0
2010-06-15 00:00:00,2.7,0,0,0,0,0
2010-06-16 00:00:00,1.15,0,0,1,1,1
2010-06-17 00:00:00,1.3,0,0,0,1,1
2010-06-18 00:00:00,1.15,0,0,0,0,1
2010-06-21 00:00:00,1.05,0,0,0,0,0
2010-06-22 00:00:00,0.6,1,1,1,1,1
2010-06-23 00:00:00,0.8,0,0,1,1,1
2010-06-24 00:00:00,0.15,0,1,1,1,0
2010-06-25 00:00:00,0.6,0,0,0,1,1
2010-06-28 00:00:00,0.9,0,0,0,1,1
2010-06-29 00:00:00,-0.05,1,1,1,1,0
2010-06-30 00:00:00,0.25,0,0,0,0,1
2010-07-01 00:00:00,0.8,0,1,1,1,1
2010-07-02 00:00:00,1.35,0,0,1,1,1
2010-07-06 00:00:00,2.1,0,0,0,0,0
2010-07-07 00:00:00,2.45,0,0,0,0,1
2010-07-08 00:00:00,2.45,0,0,0,1,1
2010-07-09 00:00:00,2.5,0,0,0,0,1
2010-07-12 00:00:00,2.5,0,0,0,1,1
2010-07-13 00:00:00,2.35,0,0,0,0,0
2010-07-14 00:00:00,2.2,0,0,0,1,1
2010-07-15 00:00:00,2.8,0,1,1,1,1
2010-07-16 00:00:00,2.5,1,1,1,1,1
2010-07-19 00:00:00,3.5,0,0,0,1,1
2010-07-20 00:00:00,4.1,0,0,1,1,1
2010-07-21 00:00:00,2.6,1,1,1,1,1
2010-07-22 00:00:00,2.9,0,0,0,0,0
2010-07-23 00:00:00,3.0,0,0,0,0,1
2010-07-26 00:00:00,3.2,0,0,0,0,1
2010-07-27 00:00:00,3.0,0,0,0,0,1
2010-07-28 00:00:00,3.05,0,0,1,1,1
2010-07-29 00:00:00,3.0,0,1,1,1,1
2010-07-30 00:00:00,3.15,0,1,1,1,1
2010-08-02 00:00:00,3.3,0,0,0,0,0
2010-08-03 00:00:00,3.4,0,0,1,1,1
2010-08-04 00:00:00,3.6,0,0,0,0,1
2010-08-05 00:00:00,3.85,0,0,1,1,0
2010-08-06 00:00:00,4.05,1,1,1,1,1
2010-08-09 00:00:00,4.3,0,0,0,0,1
2010-08-10 00:00:00,4.3,1,1,1,1,0
2010-08-11 00:00:00,3.9,1,1,1,1,0
2010-08-12 00:00:00,3.9,0,1,1,1,0
2010-08-13 00:00:00,3.95,0,0,0,1,1
2010-08-16 00:00:00,4.35,0,0,1,1,1
2010-08-17 00:00:00,5.1,0,0,0,0,0
2010-08-18 00:00:00,2.1,0,0,0,1,1
2010-08-19 00:00:00,2.25,1,1,1,1,1
2010-08-20 00:00:00,2.65,0,0,1,1,1
2010-08-23 00:00:00,3.15,0,0,0,0,1
2010-08-24 00:00:00,3.05,1,1,1,1,0
2010-08-25 00:00:00,3.15,0,0,1,1,1
2010-08-26 00:00:00,2.95,0,0,1,1,1
2010-08-27 00:00:00,3.35,0,0,0,1,1
2010-08-30 00:00:00,3.3,0,0,1,1,1
2010-08-31 00:00:00,3.35,0,0,0,1,1
2010-09-01 00:00:00,3.95,0,0,0,0,0
2010-09-02 00:00:00,4.15,0,0,0,0,1
2010-09-03 00:00:00,4.25,0,0,0,0,0
2010-09-07 00:00:00,4.15,0,1,1,1,0
2010-09-08 00:00:00,4.0,0,0,0,0,0
2010-09-09 00:00:00,3.8,0,0,0,1,1
2010-09-10 00:00:00,3.95,0,0,0,0,0
2010-09-13 00:00:00,4.0,0,0,0,0,0
2010-09-14 00:00:00,4.0,0,0,0,1,1
2010-09-15 00:00:00,2.25,0,0,0,1,1
2010-09-16 00:00:00,2.5,0,0,1,1,0
2010-09-17 00:00:00,2.75,0,0,0,1,1
2010-09-20 00:00:00,3.0,0,0,0,0,0
2010-09-21 00:00:00,2.95,0,0,0,1,1
2010-09-22 00:00:00,2.7,0,0,1,1,1
2010-09-23 00:00:00,2.45,0,1,1,1,1
2010-09-24 00:00:00,3.0,0,0,0,0,0
2010-09-27 00:00:00,2.9,0,0,0,1,1
2010-09-28 00:00:00,2.95,0,0,1,1,1
2010-09-29 00:00:00,2.95,0,0,0,1,1
2010-09-30 00:00:00,2.75,0,0,1,1,1
2010-10-01 00:00:00,3.1,0,0,0,0,1
2010-10-04 00:00:00,3.05,0,1,1,1,1
2010-10-05 00:00:00,3.4,0,0,0,0,0
2010-10-06 00:00:00,3.55,0,0,0,0,1
2010-10-07 00:00:00,3.75,0,0,1,1,1
2010-10-08 00:00:00,3.75,0,0,1,1,1
2010-10-11 00:00:00,3.8,0,0,0,0,1
2010-10-12 00:00:00,3.6,0,1,1,1,1
2010-10-13 00:00:00,2.9,0,0,0,0,0
2010-10-14 00:00:00,2.65,0,1,1,1,1
2010-10-15 00:00:00,3.1,0,0,1,1,1
2010-10-18 00:00:00,3.45,0,0,0,1,1
2010-10-19 00:00:00,2.9,1,1,1,1,0
2010-10-20 00:00:00,2.45,0,0,0,0,0
2010-10-21 00:00:00,2.65,0,0,1,1,1
2010-10-22 00:00:00,2.85,0,0,0,0,1
2010-10-25 00:00:00,2.75,0,0,0,0,0
2010-10-26 00:00:00,2.5,0,0,1,1,1
2010-10-27 00:00:00,2.35,0,1,1,1,0
2010-10-28 00:00:00,2.55,0,0,0,1,1
2010-10-29 00:00:00,2.5,0,0,0,1,1
2010-11-01 00:00:00,2.65,0,0,0,0,1
2010-11-02 00:00:00,2.75,0,0,0,0,0
2010-11-03 00:00:00,2.55,0,1,1,1,1
2010-11-04 00:00:00,2.5,0,0,0,0,0
2010-11-05 00:00:00,2.4,0,0,0,0,1
2010-11-08 00:00:00,2.35,0,0,1,1,0
2010-11-09 00:00:00,2.2,0,0,1,1,1
2010-11-10 00:00:00,2.25,0,0,1,1,1
2010-11-11 00:00:00,2.1,0,1,1,1,0
2010-11-12 00:00:00,1.9,1,1,1,1,0
2010-11-15 00:00:00,2.2,0,0,0,0,0
2010-11-16 00:00:00,0.55,1,1,1,1,0
2010-11-17 00:00:00,3.1,0,0,0,0,1
2010-11-18 00:00:00,3.45,0,0,0,0,0
2010-11-19 00:00:00,3.4,0,0,1,1,0
2010-11-22 00:00:00,3.45,1,1,1,1,0
2010-11-23 00:00:00,3.35,1,1,1,1,0
2010-11-24 00:00:00,3.5,0,0,0,0,0
2010-11-26 00:00:00,3.0,0,1,1,1,0
2010-11-29 00:00:00,3.05,0,0,1,1,1
2010-11-30 00:00:00,2.6,0,1,1,1,1
2010-12-01 00:00:00,2.85,0,0,0,0,0
2010-12-02 00:00:00,3.15,0,0,0,0,1
2010-12-03 00:00:00,3.1,0,0,1,1,1
2010-12-06 00:00:00,3.0,0,0,0,1,1
2010-12-07 00:00:00,2.85,0,0,0,0,0
2010-12-08 00:00:00,2.5,0,0,0,1,1
2010-12-09 00:00:00,2.2,0,0,1,1,1
2010-12-10 00:00:00,2.0,0,0,0,0,1
2010-12-13 00:00:00,2.0,0,0,0,0,0
2010-12-14 00:00:00,1.75,0,0,0,0,1
2010-12-15 00:00:00,1.75,0,0,1,1,1
2010-12-16 00:00:00,2.1,0,0,0,1,1
2010-12-17 00:00:00,2.65,0,0,0,1,1
2010-12-20 00:00:00,2.9,0,0,0,0,1
2010-12-21 00:00:00,2.5,0,0,0,0,0
2010-12-22 00:00:00,2.05,0,0,0,0,1
2010-12-23 00:00:00,1.7,0,0,0,1,0
2010-12-27 00:00:00,1.3,0,0,0,1,1
2010-12-28 00:00:00,1.35,0,0,0,0,1
2010-12-29 00:00:00,1.6,0,0,0,0,0
2010-12-30 00:00:00,1.6,0,0,0,1,1
2010-12-31 00:00:00,1.9,0,0,0,1,1
2011-01-03 00:00:00,2.05,0,0,0,0,0
2011-01-04 00:00:00,2.2,0,0,0,1,1
2011-01-05 00:00:00,2.25,0,0,0,1,1
2011-01-06 00:00:00,2.25,0,0,0,1,1
2011-01-07 00:00:00,2.3,0,1,1,1,1
2011-01-10 00:00:00,2.35,0,0,1,1,0
2011-01-11 00:00:00,2.45,0,0,0,0,1
2011-01-12 00:00:00,2.45,0,0,0,0,0
2011-01-13 00:00:00,2.35,0,0,0,1,0
2011-01-14 00:00:00,2.15,0,0,1,1,1
2011-01-18 00:00:00,1.95,0,0,0,0,1
2011-01-19 00:00:00,2.15,1,1,1,1,0
2011-01-20 00:00:00,2.2,0,1,1,1,1
2011-01-21 00:00:00,2.15,0,0,0,0,0
2011-01-24 00:00:00,2.15,0,0,0,0,1
2011-01-25 00:00:00,2.15,0,1,1,1,1
2011-01-26 00:00:00,2.2,0,0,0,0,0
2011-01-27 00:00:00,2.15,0,0,0,0,1
2011-01-28 00:00:00,1.25,1,1,1,1,1
2011-01-31 00:00:00,1.35,0,0,0,0,0
2011-02-01 00:00:00,1.65,0,0,0,0,0
2011-02-02 00:00:00,1.5,0,0,0,1,1
2011-02-03 00:00:00,1.65,0,0,1,1,1
2011-02-04 00:00:00,1.6,0,0,0,1,1
2011-02-07 00:00:00,1.5,0,0,0,0,0
2011-02-08 00:00:00,1.35,0,0,0,0,1
2011-02-09 00:00:00,1.4,0,1,1,1,1
2011-02-10 00:00:00,1.4,0,1,1,1,1
2011-02-11 00:00:00,1.45,0,0,0,1,1
2011-02-14 00:00:00,1.4,0,0,0,0,1
2011-02-15 00:00:00,1.35,0,0,0,1,1
2011-02-16 00:00:00,1.05,0,0,0,0,0
2011-02-17 00:00:00,1.2,0,0,0,1,1
2011-02-18 00:00:00,1.2,0,0,0,0,1
2011-02-22 00:00:00,0.45,1,1,1,1,0
2011-02-23 00:00:00,0.3,0,1,1,1,1
2011-02-24 00:00:00,0.5,0,0,1,1,1
2011-02-25 00:00:00,1.0,0,0,0,0,0
2011-02-28 00:00:00,1.1,0,0,0,0,0
2011-03-01 00:00:00,0.5,1,1,1,1,1
2011-03-02 00:00:00,0.5,0,0,0,0,1
2011-03-03 00:00:00,1.0,0,0,0,0,0
2011-03-04 00:00:00,1.1,1,1,1,1,1
2011-03-07 00:00:00,0.75,1,1,1,1,1
2011-03-08 00:00:00,0.95,0,0,0,0,1
2011-03-09 00:00:00,0.75,0,0,1,1,1
2011-03-10 00:00:00,0.45,1,1,1,1,0
2011-03-11 00:00:00,0.75,0,0,0,1,1
2011-03-14 00:00:00,0.6,1,1,1,1,0
2011-03-15 00:00:00,-1.15,1,1,1,1,0
2011-03-16 00:00:00,0.25,1,1,1,1,1
2011-03-17 00:00:00,0.25,0,0,0,0,0
2011-03-18 00:00:00,0.3,0,0,0,0,0
2011-03-21 00:00:00,0.7,0,0,0,0,0
2011-03-22 00:00:00,0.75,0,0,0,1,1
2011-03-23 00:00:00,1.1,0,0,1,1,1
2011-03-24 00:00:00,1.1,0,0,0,0,0
2011-03-25 00:00:00,1.3,0,0,0,0,1
2011-03-28 00:00:00,1.25,0,0,0,0,1
2011-03-29 00:00:00,1.35,0,0,0,0,1
2011-03-30 00:00:00,1.45,0,0,0,0,0
2011-03-31 00:00:00,1.5,0,0,0,0,1
2011-04-01 00:00:00,1.5,0,0,0,0,0
2011-04-04 00:00:00,1.55,0,0,0,0,1
2011-04-05 00:00:00,1.6,0,0,0,1,1
2011-04-06 00:00:00,1.8,0,0,0,0,1
2011-04-07 00:00:00,1.95,0,0,0,1,1
2011-04-08 00:00:00,2.0,0,0,1,1,1
2011-04-11 00:00:00,2.05,0,0,0,1,1
2011-04-12 00:00:00,2.0,1,1,1,1,0
2011-04-13 00:00:00,2.05,0,0,0,0,1
2011-04-14 00:00:00,2.25,0,1,1,1,1
2011-04-15 00:00:00,2.9,0,0,0,1,1
2011-04-18 00:00:00,2.9,1,1,1,1,0
2011-04-19 00:00:00,3.1,0,0,0,0,1
2011-04-20 00:00:00,2.2,0,0,0,0,0
2011-04-21 00:00:00,2.1,0,0,0,0,0
2011-04-25 00:00:00,2.15,0,0,0,1,1
2011-04-26 00:00:00,1.9,0,0,0,0,0
2011-04-27 00:00:00,1.75,0,0,0,0,1
2011-04-28 00:00:00,1.65,0,0,0,1,1
2011-04-29 00:00:00,1.65,0,0,0,0,0
2011-05-02 00:00:00,1.55,0,0,0,0,1
2011-05-03 00:00:00,1.65,0,1,1,1,0
2011-05-04 00:00:00,1.6,1,1,1,1,1
2011-05-05 00:00:00,1.5,0,1,1,1,1
2011-05-06 00:00:00,1.4,0,0,0,0,1
2011-05-09 00:00:00,1.4,0,0,0,0,1
2011-05-10 00:00:00,1.55,0,0,0,0,0
2011-05-11 00:00:00,1.45,1,1,1,1,1
2011-05-12 00:00:00,1.7,0,0,1,1,1
2011-05-13 00:00:00,1.3,1,1,1,1,1
2011-05-16 00:00:00,1.05,0,0,0,1,1
2011-05-17 00:00:00,0.95,0,0,1,1,1
2011-05-18 00:00:00,1.7,0,0,0,0,1
2011-05-19 00:00:00,1.95,0,0,0,1,1
2011-05-20 00:00:00,1.95,1,1,1,1,0
2011-05-23 00:00:00,1.75,1,1,1,1,0
2011-05-24 00:00:00,1.85,0,0,0,0,1
2011-05-25 00:00:00,1.95,0,0,0,1,1
2011-05-26 00:00:00,1.9,0,0,0,1,1
2011-05-27 00:00:00,1.95,0,0,0,0,0
2011-05-31 00:00:00,2.0,0,0,0,0,0
2011-06-01 00:00:00,1.6,1,1,1,1,0
2011-06-02 00:00:00,1.55,0,0,1,1,1
2011-06-03 00:00:00,1.5,1,1,1,1,0
2011-06-06 00:00:00,1.45,0,0,1,1,1
2011-06-07 00:00:00,1.25,0,0,0,0,0
2011-06-08 00:00:00,1.05,0,0,1,1,1
2011-06-09 00:00:00,1.25,0,0,0,0,1
2011-06-10 00:00:00,0.7,1,1,1,1,0
2011-06-13 00:00:00,0.45,0,0,0,1,1
2011-06-14 00:00:00,1.0,0,0,0,0,0
2011-06-15 00:00:00,0.3,1,1,1,1,0
2011-06-16 00:00:00,0.35,0,0,0,1,1
2011-06-17 00:00:00,0.55,0,0,0,0,1
2011-06-20 00:00:00,0.7,0,0,0,1,1
2011-06-21 00:00:00,0.85,0,0,0,0,0
2011-06-22 00:00:00,0.8,0,0,0,1,1
2011-06-23 00:00:00,0.95,1,1,1,1,0
2011-06-24 00:00:00,0.5,0,1,1,1,1
2011-06-27 00:00:00,0.4,0,0,0,0,1
2011-06-28 00:00:00,0.7,0,0,0,0,0
2011-06-29 00:00:00,0.85,0,0,0,0,1
2011-06-30 00:00:00,1.05,0,0,0,0,0
2011-07-01 00:00:00,1.0,0,0,0,0,1
2011-07-05 00:00:00,1.15,0,0,0,1,1
2011-07-06 00:00:00,1.1,0,1,1,1,1
2011-07-07 00:00:00,1.1,0,0,0,0,0
2011-07-08 00:00:00,1.15,1,1,1,1,1
2011-07-11 00:00:00,0.75,1,1,1,1,0
2011-07-12 00:00:00,0.4,0,0,1,1,1
2011-07-13 00:00:00,0.15,0,0,0,0,0
2011-07-14 00:00:00,0.0,0,0,1,1,1
2011-07-15 00:00:00,0.05,0,0,0,0,1
2011-07-18 00:00:00,-0.15,1,1,1,1,0
2011-07-19 00:00:00,0.5,0,0,0,0,0
2011-07-20 00:00:00,1.65,0,0,0,0,1
2011-07-21 00:00:00,1.7,0,0,0,0,0
2011-07-22 00:00:00,1.65,0,0,1,1,1
2011-07-25 00:00:00,0.95,0,1,1,1,0
2011-07-26 00:00:00,1.05,0,0,0,1,1
2011-07-27 00:00:00,0.45,1,1,1,1,0
2011-07-28 00:00:00,0.35,0,0,0,0,1
2011-07-29 00:00:00,0.0,0,1,1,1,1
2011-08-01 00:00:00,-0.1,0,1,1,1,1
2011-08-02 00:00:00,-0.3,1,1,1,1,1
2011-08-03 00:00:00,-0.15,0,1,1,1,1
2011-08-04 00:00:00,-1.55,1,1,1,1,0
2011-08-05 00:00:00,-2.95,1,1,1,1,1
2011-08-08 00:00:00,-6.35,1,1,1,1,0
2011-08-09 00:00:00,-5.1,0,0,0,1,1
2011-08-10 00:00:00,-7.25,1,1,1,1,0
2011-08-11 00:00:00,-7.5,0,0,1,1,1
2011-08-12 00:00:00,-7.15,0,0,0,0,1
2011-08-15 00:00:00,-5.4,0,0,0,0,0
2011-08-16 00:00:00,-6.75,0,1,1,1,1
2011-08-17 00:00:00,-1.15,0,0,0,1,1
2011-08-18 00:00:00,-3.2,1,1,1,1,0
2011-08-19 00:00:00,-3.75,0,0,1,1,1
2011-08-22 00:00:00,-3.8,0,0,0,0,1
2011-08-23 00:00:00,-2.55,0,0,0,0,1
2011-08-24 00:00:00,-2.1,0,0,0,1,1
2011-08-25 00:00:00,-3.0,0,0,1,1,1
2011-08-26 00:00:00,-3.0,0,1,1,1,1
2011-08-29 00:00:00,-1.95,0,0,0,0,0
2011-08-30 00:00:00,-1.95,0,0,1,1,1
2011-08-31 00:00:00,-1.45,0,0,0,0,0
2011-09-01 00:00:00,-1.45,0,0,1,1,1
2011-09-02 00:00:00,-2.45,1,1,1,1,0
2011-09-06 00:00:00,-2.9,1,1,1,1,0
2011-09-07 00:00:00,-2.15,0,0,0,0,0
2011-09-08 00:00:00,-2.45,0,1,1,1,0
2011-09-09 00:00:00,-4.0,1,1,1,1,0
2011-09-12 00:00:00,-3.25,0,1,1,1,0
2011-09-13 00:00:00,-2.7,0,0,0,0,1
2011-09-14 00:00:00,-1.65,0,0,0,1,1
2011-09-15 00:00:00,-0.65,0,0,0,0,1
2011-09-16 00:00:00,-0.2,0,0,0,1,1
2011-09-19 00:00:00,-0.6,1,1,1,1,0
2011-09-20 00:00:00,-0.55,0,0,0,0,1
2011-09-21 00:00:00,-2.0,0,1,1,1,1
2011-09-22 00:00:00,-2.8,1,1,1,1,0
2011-09-23 00:00:00,-3.2,0,0,1,1,1
2011-09-26 00:00:00,-2.8,0,0,0,0,1
2011-09-27 00:00:00,-2.45,0,0,0,0,0
2011-09-28 00:00:00,-3.4,0,0,1,1,1
2011-09-29 00:00:00,-3.3,0,0,0,1,1
2011-09-30 00:00:00,-4.4,0,1,1,1,0
2011-10-03 00:00:00,-4.5,1,1,1,1,1
2011-10-04 00:00:00,-2.7,0,0,1,1,1
2011-10-05 00:00:00,-2.15,0,0,0,0,1
2011-10-06 00:00:00,-1.95,0,0,0,0,1
2011-10-07 00:00:00,-2.0,0,0,0,1,1
2011-10-10 00:00:00,-1.05,0,0,0,0,0
2011-10-11 00:00:00,-1.0,0,0,0,1,1
2011-10-12 00:00:00,-0.8,0,0,0,0,0
2011-10-13 00:00:00,-0.9,0,0,1,1,1
2011-10-14 00:00:00,-0.4,0,0,0,0,0
2011-10-17 00:00:00,-1.25,1,1,1,1,0
2011-10-18 00:00:00,-1.15,0,0,0,1,1
2011-10-19 00:00:00,-2.3,0,0,1,1,1
2011-10-20 00:00:00,-2.55,0,0,1,1,1
2011-10-21 00:00:00,-1.6,0,0,0,0,0
2011-10-24 00:00:00,-0.9,0,0,0,0,1
2011-10-25 00:00:00,-2.15,0,1,1,1,1
2011-10-26 00:00:00,-1.3,0,0,0,1,1
2011-10-27 00:00:00,-0.4,0,0,0,0,0
2011-10-28 00:00:00,-0.7,0,0,0,1,0
2011-10-31 00:00:00,-1.75,1,1,1,1,0
2011-11-01 00:00:00,-2.7,1,1,1,1,0
2011-11-02 00:00:00,-2.3,0,0,0,0,1
2011-11-03 00:00:00,-1.7,0,0,0,0,1
2011-11-04 00:00:00,-1.55,0,1,1,1,1
2011-11-07 00:00:00,-1.35,0,0,1,1,1
2011-11-08 00:00:00,-0.55,0,0,0,1,1
2011-11-09 00:00:00,-3.0,1,1,1,1,0
2011-11-10 00:00:00,-1.95,0,0,0,0,1
2011-11-11 00:00:00,-1.2,0,0,0,0,0
2011-11-14 00:00:00,-1.35,0,1,1,1,0
2011-11-15 00:00:00,-1.35,0,0,0,1,1
2011-11-16 00:00:00,0.95,0,0,1,1,1
2011-11-17 00:00:00,0.9,0,1,1,1,1
2011-11-18 00:00:00,1.4,0,0,0,0,1
2011-11-21 00:00:00,1.4,1,1,1,1,0
2011-11-22 00:00:00,1.55,0,0,0,1,1
2011-11-23 00:00:00,1.45,0,1,1,1,0
2011-11-25 00:00:00,1.1,0,0,0,1,1
2011-11-28 00:00:00,1.7,0,0,0,0,0
2011-11-29 00:00:00,1.85,0,0,0,0,1
2011-11-30 00:00:00,2.55,0,0,0,0,0
2011-12-01 00:00:00,2.25,0,0,0,1,1
2011-12-02 00:00:00,2.1,0,0,0,0,0
2011-12-05 00:00:00,1.9,0,0,0,0,0
2011-12-06 00:00:00,1.85,0,0,0,0,1
2011-12-07 00:00:00,2.0,0,0,0,1,1
2011-12-08 00:00:00,1.95,1,1,1,1,1
2011-12-09 00:00:00,2.35,0,0,0,0,0
2011-12-12 00:00:00,2.5,1,1,1,1,0
2011-12-13 00:00:00,2.8,0,0,0,1,1
2011-12-14 00:00:00,3.0,0,1,1,1,1
2011-12-15 00:00:00,2.55,0,0,0,0,0
2011-12-16 00:00:00,2.75,0,0,0,0,1
2011-12-19 00:00:00,2.75,0,0,0,1,1
2011-12-20 00:00:00,2.7,0,0,0,0,0
2011-12-21 00:00:00,1.35,0,0,1,1,1
2011-12-22 00:00:00,0.9,0,0,0,0,0
2011-12-23 00:00:00,0.7,0,0,0,0,0
2011-12-27 00:00:00,0.75,0,0,0,1,1
2011-12-28 00:00:00,0.4,0,1,1,1,1
2011-12-29 00:00:00,0.6,0,0,0,0,0
2011-12-30 00:00:00,0.45,0,0,0,1,1
2012-01-03 00:00:00,1.0,0,0,0,0,0
2012-01-04 00:00:00,1.1,0,0,1,1,1
2012-01-05 00:00:00,1.15,0,0,1,1,1
2012-01-06 00:00:00,1.35,0,0,0,1,1
2012-01-09 00:00:00,1.3,0,0,0,1,1
2012-01-10 00:00:00,1.3,0,0,0,0,0
2012-01-11 00:00:00,1.2,0,0,0,1,1
2012-01-12 00:00:00,1.55,0,0,0,1,1
2012-01-13 00:00:00,1.55,1,1,1,1,0
2012-01-17 00:00:00,1.5,0,0,0,0,1
2012-01-18 00:00:00,1.75,0,0,0,0,1
2012-01-19 00:00:00,1.85,0,0,0,0,0
2012-01-20 00:00:00,2.05,0,0,0,1,0
2012-01-23 00:00:00,2.2,0,0,0,1,1
2012-01-24 00:00:00,2.05,0,0,1,1,0
2012-01-25 00:00:00,1.9,0,0,1,1,1
2012-01-26 00:00:00,2.0,0,0,1,1,1
2012-01-27 00:00:00,2.05,0,0,1,1,1
2012-01-30 00:00:00,1.85,1,1,1,1,0
2012-01-31 00:00:00,1.85,0,0,0,1,1
2012-02-01 00:00:00,2.2,0,0,0,0,0
2012-02-02 00:00:00,2.2,0,0,0,0,1
2012-02-03 00:00:00,2.6,0,0,0,0,0
2012-02-06 00:00:00,2.1,0,0,0,1,1
2012-02-07 00:00:00,2.0,0,0,0,1,1
2012-02-08 00:00:00,1.8,0,0,0,1,1
2012-02-09 00:00:00,1.95,0,0,0,1,1
2012-02-10 00:00:00,1.8,0,1,1,1,0
2012-02-13 00:00:00,2.65,0,0,0,0,0
2012-02-14 00:00:00,2.65,0,0,1,1,1
2012-02-15 00:00:00,1.35,0,0,0,1,1
2012-02-16 00:00:00,1.85,0,0,0,0,1
2012-02-17 00:00:00,2.2,0,0,0,0,0
2012-02-21 00:00:00,2.6,0,0,0,1,1
2012-02-22 00:00:00,2.75,0,0,0,1,1
2012-02-23 00:00:00,3.1,0,0,0,1,1
2012-02-24 00:00:00,3.1,0,0,0,0,1
2012-02-27 00:00:00,3.0,0,0,1,1,1
2012-02-28 00:00:00,3.2,0,0,0,0,1
2012-02-29 00:00:00,3.0,0,0,1,1,1
2012-03-01 00:00:00,3.25,0,0,0,0,0
2012-03-02 00:00:00,3.3,0,0,1,1,0
2012-03-05 00:00:00,3.5,0,0,1,1,0
2012-03-06 00:00:00,2.8,1,1,1,1,0
2012-03-07 00:00:00,3.3,0,0,0,0,0
2012-03-08 00:00:00,3.55,0,0,0,0,1
2012-03-09 00:00:00,3.7,0,0,0,0,1
2012-03-12 00:00:00,4.0,0,0,0,1,1
2012-03-13 00:00:00,4.0,0,0,0,0,0
2012-03-14 00:00:00,4.3,0,0,0,1,1
2012-03-15 00:00:00,4.7,0,0,0,0,1
2012-03-16 00:00:00,5.45,0,0,0,0,1
2012-03-19 00:00:00,4.45,0,0,0,1,1
2012-03-20 00:00:00,3.45,0,1,1,1,0
2012-03-21 00:00:00,3.1,0,0,0,1,1
2012-03-22 00:00:00,3.25,1,1,1,1,0
2012-03-23 00:00:00,3.2,0,0,1,1,1
2012-03-26 00:00:00,2.7,0,0,0,0,0
2012-03-27 00:00:00,1.95,0,0,0,1,1
2012-03-28 00:00:00,2.05,1,1,1,1,1
2012-03-29 00:00:00,2.45,1,1,1,1,0
2012-03-30 00:00:00,2.2,0,0,0,0,1
2012-04-02 00:00:00,1.85,0,0,0,1,1
2012-04-03 00:00:00,2.05,0,1,1,1,1
2012-04-04 00:00:00,1.95,1,1,1,1,0
2012-04-05 00:00:00,2.0,0,0,1,1,1
2012-04-09 00:00:00,1.85,1,1,1,1,0
2012-04-10 00:00:00,1.55,1,1,1,1,1
2012-04-11 00:00:00,1.65,0,0,0,0,0
2012-04-12 00:00:00,1.8,0,0,0,0,1
2012-04-13 00:00:00,1.75,1,1,1,1,0
2012-04-16 00:00:00,1.5,0,0,0,1,1
2012-04-17 00:00:00,1.75,0,0,0,0,0
2012-04-18 00:00:00,1.9,0,0,0,1,1
2012-04-19 00:00:00,2.05,0,1,1,1,1
2012-04-20 00:00:00,2.2,0,0,0,0,0
2012-04-23 00:00:00,1.95,1,1,1,1,0
2012-04-24 00:00:00,2.05,0,0,0,0,1
2012-04-25 00:00:00,2.25,0,0,0,0,0
2012-04-26 00:00:00,2.3,0,0,0,1,1
2012-04-27 00:00:00,2.1,0,0,0,1,1
2012-04-30 00:00:00,2.05,0,0,1,1,0
2012-05-01 00:00:00,2.05,0,0,0,0,1
2012-05-02 00:00:00,1.9,0,1,1,1,0
2012-05-03 00:00:00,1.75,0,1,1,1,1
2012-05-04 00:00:00,1.45,1,1,1,1,1
2012-05-07 00:00:00,1.5,0,0,0,1,1
2012-05-08 00:00:00,1.45,1,1,1,1,0
2012-05-09 00:00:00,1.35,1,1,1,1,1
2012-05-10 00:00:00,1.5,0,0,0,0,0
2012-05-11 00:00:00,1.5,0,0,1,1,1
2012-05-14 00:00:00,1.05,0,1,1,1,0
2012-05-15 00:00:00,2.05,0,0,0,0,1
2012-05-16 00:00:00,1.05,0,0,0,1,1
2012-05-17 00:00:00,0.5,0,0,1,1,1
2012-05-18 00:00:00,-0.05,0,0,0,1,1
2012-05-21 00:00:00,1.6,0,0,0,0,0
2012-05-22 00:00:00,1.55,0,0,0,0,1
2012-05-23 00:00:00,1.55,1,1,1,1,0
2012-05-24 00:00:00,1.75,0,0,0,1,1
2012-05-25 00:00:00,1.55,0,0,0,1,1
2012-05-29 00:00:00,1.8,0,0,0,0,0
2012-05-30 00:00:00,1.2,1,1,1,1,0
2012-05-31 00:00:00,1.35,0,0,1,1,1
2012-06-01 00:00:00,1.4,1,1,1,1,0
2012-06-04 00:00:00,1.5,0,0,0,1,1
2012-06-05 00:00:00,1.75,0,0,0,0,1
2012-06-06 00:00:00,2.1,0,0,0,0,0
2012-06-07 00:00:00,2.25,0,0,0,1,1
2012-06-08 00:00:00,2.15,0,0,1,1,1
2012-06-11 00:00:00,1.85,0,0,1,1,1
2012-06-12 00:00:00,2.1,0,0,0,0,1
2012-06-13 00:00:00,1.8,0,0,1,1,1
2012-06-14 00:00:00,2.15,0,0,0,0,1
2012-06-15 00:00:00,2.15,0,0,0,0,1
2012-06-18 00:00:00,2.8,0,0,1,1,1
2012-06-19 00:00:00,3.45,0,0,0,0,0
2012-06-20 00:00:00,2.25,0,1,1,1,1
2012-06-21 00:00:00,1.4,1,1,1,1,1
2012-06-22 00:00:00,2.05,0,0,0,0,0
2012-06-25 00:00:00,1.8,1,1,1,1,0
2012-06-26 00:00:00,1.95,0,0,0,0,1
2012-06-27 00:00:00,1.95,0,0,0,0,1
2012-06-28 00:00:00,1.95,1,1,1,1,0
2012-06-29 00:00:00,2.4,0,0,0,0,0
2012-07-02 00:00:00,2.5,0,0,0,1,1
2012-07-03 00:00:00,2.5,0,0,0,0,0
2012-07-05 00:00:00,2.1,0,1,1,1,1
2012-07-06 00:00:00,2.35,1,1,1,1,0
2012-07-09 00:00:00,2.1,0,0,1,1,0
2012-07-10 00:00:00,1.95,1,1,1,1,1
2012-07-11 00:00:00,2.15,0,0,0,1,1
2012-07-12 00:00:00,2.1,1,1,1,1,0
2012-07-13 00:00:00,1.9,0,0,0,0,0
2012-07-16 00:00:00,2.0,0,0,1,1,1
2012-07-17 00:00:00,1.9,0,0,1,1,1
2012-07-18 00:00:00,1.95,0,0,0,1,1
2012-07-19 00:00:00,1.95,0,0,0,0,1
2012-07-20 00:00:00,1.8,1,1,1,1,0
2012-07-23 00:00:00,1.5,1,1,1,1,0
2012-07-24 00:00:00,1.35,1,1,1,1,1
2012-07-25 00:00:00,1.35,0,0,0,0,1
2012-07-26 00:00:00,1.75,0,0,0,0,0
2012-07-27 00:00:00,2.05,0,0,0,0,0
2012-07-30 00:00:00,1.75,0,0,0,1,1
2012-07-31 00:00:00,1.75,0,0,0,1,1
2012-08-01 00:00:00,1.65,0,0,0,1,1
2012-08-02 00:00:00,2.0,1,1,1,1,1
2012-08-03 00:00:00,2.2,0,0,0,0,0
2012-08-06 00:00:00,2.15,0,0,0,0,0
2012-08-07 00:00:00,2.05,0,0,0,0,0
2012-08-08 00:00:00,2.1,0,0,0,1,1
2012-08-09 00:00:00,2.1,0,0,0,0,1
2012-08-10 00:00:00,2.2,0,0,1,1,0
2012-08-13 00:00:00,2.45,0,0,1,1,0
2012-08-14 00:00:00,2.6,0,0,0,0,1
2012-08-15 00:00:00,2.8,0,0,0,1,1
2012-08-16 00:00:00,2.85,0,0,0,0,1
2012-08-17 00:00:00,3.1,0,0,0,0,1
2012-08-20 00:00:00,3.6,0,0,0,1,1
2012-08-21 00:00:00,3.85,0,0,0,1,1
2012-08-22 00:00:00,2.25,0,0,1,1,1
2012-08-23 00:00:00,2.3,1,1,1,1,0
2012-08-24 00:00:00,2.65,0,0,0,1,1
2012-08-27 00:00:00,2.5,0,0,0,0,1
2012-08-28 00:00:00,2.45,0,0,0,1,1
2012-08-29 00:00:00,2.45,0,0,0,0,1
2012-08-30 00:00:00,2.3,0,1,1,1,0
2012-08-31 00:00:00,2.25,0,0,0,0,1
2012-09-04 00:00:00,2.1,0,0,1,1,1
2012-09-05 00:00:00,2.2,0,0,0,1,1
2012-09-06 00:00:00,2.45,0,0,0,0,0
2012-09-07 00:00:00,2.45,0,0,0,0,0
2012-09-10 00:00:00,2.05,0,0,0,1,0
2012-09-11 00:00:00,1.75,0,0,0,0,0
2012-09-12 00:00:00,1.8,0,0,0,0,0
2012-09-13 00:00:00,1.55,0,1,1,1,1
2012-09-14 00:00:00,1.6,0,0,0,0,0
2012-09-17 00:00:00,1.85,0,0,1,1,1
2012-09-18 00:00:00,1.95,0,0,0,1,1
2012-09-19 00:00:00,1.65,0,0,0,0,1
2012-09-20 00:00:00,1.65,0,1,1,1,1
2012-09-21 00:00:00,1.85,0,0,0,0,0
2012-09-24 00:00:00,1.7,0,0,1,1,1
2012-09-25 00:00:00,1.2,0,0,1,1,1
2012-09-26 00:00:00,1.15,0,1,1,1,0
2012-09-27 00:00:00,1.65,0,0,0,0,0
2012-09-28 00:00:00,1.65,0,1,1,1,0
2012-10-01 00:00:00,1.35,0,0,0,0,0
2012-10-02 00:00:00,1.35,0,0,0,1,1
2012-10-03 00:00:00,1.2,0,0,0,1,1
2012-10-04 00:00:00,1.6,0,0,0,0,0
2012-10-05 00:00:00,1.5,0,0,0,0,1
2012-10-08 00:00:00,1.5,0,0,1,1,0
2012-10-09 00:00:00,1.35,0,1,1,1,1
2012-10-10 00:00:00,1.4,0,0,1,1,1
2012-10-11 00:00:00,1.35,0,0,0,0,0
2012-10-12 00:00:00,1.35,0,0,1,1,1
2012-10-15 00:00:00,1.45,0,0,0,0,0
2012-10-16 00:00:00,1.25,0,0,0,0,0
2012-10-17 00:00:00,1.05,0,0,0,0,1
2012-10-18 00:00:00,0.9,0,0,1,1,1
2012-10-19 00:00:00,0.85,1,1,1,1,0
2012-10-22 00:00:00,0.7,0,0,0,1,1
2012-10-23 00:00:00,0.2,1,1,1,1,0
2012-10-24 00:00:00,0.35,0,0,0,0,1
2012-10-25 00:00:00,0.6,0,0,0,1,1
2012-10-26 00:00:00,0.65,0,0,1,1,1
2012-10-31 00:00:00,0.55,0,0,0,1,1
2012-11-01 00:00:00,1.0,0,0,0,0,1
2012-11-02 00:00:00,0.8,0,1,1,1,1
2012-11-05 00:00:00,0.8,0,0,0,0,1
2012-11-06 00:00:00,1.05,0,0,0,0,0
2012-11-07 00:00:00,0.65,1,1,1,1,0
2012-11-08 00:00:00,0.8,0,0,1,1,1
2012-11-09 00:00:00,1.0,0,0,1,1,1
2012-11-12 00:00:00,1.25,0,0,0,0,1
2012-11-13 00:00:00,1.25,0,1,1,1,1
2012-11-14 00:00:00,1.15,0,1,1,1,1
2012-11-15 00:00:00,1.1,0,0,1,1,1
2012-11-16 00:00:00,1.45,0,0,1,1,1
2012-11-19 00:00:00,1.35,0,0,0,0,0
2012-11-20 00:00:00,1.25,0,0,1,1,1
2012-11-21 00:00:00,1.9,0,0,0,0,1
2012-11-23 00:00:00,1.8,0,0,0,0,0
2012-11-26 00:00:00,1.85,0,1,1,1,0
2012-11-27 00:00:00,1.65,0,0,1,1,1
2012-11-28 00:00:00,1.8,1,1,1,1,1
2012-11-29 00:00:00,1.75,0,0,0,0,1
2012-11-30 00:00:00,1.6,0,0,0,1,1
2012-12-03 00:00:00,1.3,0,0,0,1,1
2012-12-04 00:00:00,1.4,0,0,0,1,1
2012-12-05 00:00:00,1.25,0,0,1,1,1
2012-12-06 00:00:00,1.25,0,0,0,1,1
2012-12-07 00:00:00,1.25,0,0,0,1,1
2012-12-10 00:00:00,1.05,0,0,0,0,1
2012-12-11 00:00:00,0.95,0,0,0,0,0
2012-12-12 00:00:00,1.05,0,0,0,0,1
2012-12-13 00:00:00,0.75,1,1,1,1,0
2012-12-14 00:00:00,0.35,0,0,0,1,1
2012-12-17 00:00:00,0.3,0,0,0,0,0
2012-12-18 00:00:00,0.6,0,0,0,0,1
2012-12-19 00:00:00,0.8,0,0,1,1,1
2012-12-20 00:00:00,0.65,0,0,0,1,1
2012-12-21 00:00:00,0.3,1,1,1,1,0
2012-12-24 00:00:00,0.3,0,0,0,1,0
2012-12-26 00:00:00,0.05,0,0,1,1,1
2012-12-27 00:00:00,0.3,1,1,1,1,1
2012-12-28 00:00:00,-0.4,0,0,1,1,1
2012-12-31 00:00:00,0.8,0,0,0,0,0
2013-01-02 00:00:00,1.15,0,0,0,0,0
2013-01-03 00:00:00,1.05,0,0,0,1,1
2013-01-04 00:00:00,1.4,0,0,0,0,1
2013-01-07 00:00:00,1.7,0,0,1,1,0
2013-01-08 00:00:00,1.8,0,1,1,1,1
2013-01-09 00:00:00,1.7,0,0,0,0,0
2013-01-10 00:00:00,1.9,0,0,0,0,1
2013-01-11 00:00:00,1.85,0,0,0,1,1
2013-01-14 00:00:00,1.85,0,0,1,1,0
2013-01-15 00:00:00,1.6,0,0,1,1,1
2013-01-16 00:00:00,1.6,0,0,0,1,1
2013-01-17 00:00:00,1.3,0,0,0,0,0
2013-01-18 00:00:00,1.65,0,0,0,1,1
2013-01-22 00:00:00,1.35,0,0,0,1,1
2013-01-23 00:00:00,1.35,0,0,0,1,1
2013-01-24 00:00:00,1.15,0,0,0,1,1
2013-01-25 00:00:00,1.05,0,0,0,0,1
2013-01-28 00:00:00,0.75,0,0,0,1,1
2013-01-29 00:00:00,0.9,0,0,0,1,1
2013-01-30 00:00:00,0.65,0,0,1,1,1
2013-01-31 00:00:00,0.85,0,0,0,1,1
2013-02-01 00:00:00,1.1,0,0,0,0,0
2013-02-04 00:00:00,0.6,1,1,1,1,0
2013-02-05 00:00:00,1.2,0,0,0,0,0
2013-02-06 00:00:00,1.2,0,0,1,1,1
2013-02-07 00:00:00,1.25,0,1,1,1,1
2013-02-08 00:00:00,1.25,0,0,0,0,1
2013-02-11 00:00:00,1.45,0,0,0,0,1
2013-02-12 00:00:00,1.8,0,0,0,0,1
2013-02-13 00:00:00,1.1,0,0,0,1,1
2013-02-14 00:00:00,1.2,0,0,1,1,1
2013-02-15 00:00:00,1.15,0,0,1,1,1
2013-02-19 00:00:00,1.05,0,0,0,0,0
2013-02-20 00:00:00,0.6,1,1,1,1,1
2013-02-21 00:00:00,0.65,0,1,1,1,0
2013-02-22 00:00:00,0.85,0,0,0,0,0
2013-02-25 00:00:00,-0.15,1,1,1,1,1
2013-02-26 00:00:00,0.3,0,0,0,1,1
2013-02-27 00:00:00,0.7,0,0,0,0,1
2013-02-28 00:00:00,0.55,0,0,0,0,1
2013-03-01 00:00:00,0.55,0,1,1,1,1
2013-03-04 00:00:00,0.85,0,0,0,1,1
2013-03-05 00:00:00,1.0,0,0,0,0,0
2013-03-06 00:00:00,0.85,0,0,0,0,0
2013-03-07 00:00:00,1.05,0,0,0,0,1
2013-03-08 00:00:00,1.3,0,0,0,0,1
2013-03-11 00:00:00,1.45,0,0,0,0,1
2013-03-12 00:00:00,1.55,0,1,1,1,1
2013-03-13 00:00:00,1.75,0,0,0,1,1
2013-03-14 00:00:00,2.05,0,0,0,0,0
2013-03-15 00:00:00,2.15,0,0,1,1,1
2013-03-18 00:00:00,1.7,1,1,1,1,0
2013-03-19 00:00:00,1.61,1,1,1,1,1
2013-03-20 00:00:00,1.45,0,0,0,0,0
2013-03-21 00:00:00,1.2,1,1,1,1,1
2013-03-22 00:00:00,1.2,0,0,0,0,0
2013-03-25 00:00:00,1.25,0,1,1,1,1
2013-03-26 00:00:00,1.4,0,0,0,0,0
2013-03-27 00:00:00,1.3,0,1,1,1,1
2013-03-28 00:00:00,1.4,0,0,0,0,1
2013-04-01 00:00:00,1.35,0,1,1,1,1
2013-04-02 00:00:00,1.45,0,0,0,0,0
2013-04-03 00:00:00,1.1,1,1,1,1,1
2013-04-04 00:00:00,1.3,0,0,0,0,1
2013-04-05 00:00:00,1.15,1,1,1,1,0
2013-04-08 00:00:00,1.45,0,0,0,0,1
2013-04-09 00:00:00,1.45,0,0,0,1,1
2013-04-10 00:00:00,1.4,0,0,0,0,0
2013-04-11 00:00:00,1.35,0,0,0,0,1
2013-04-12 00:00:00,1.4,1,1,1,1,0
2013-04-15 00:00:00,-0.05,1,1,1,1,0
2013-04-16 00:00:00,0.85,0,0,0,0,0
2013-04-17 00:00:00,0.3,1,1,1,1,0
2013-04-18 00:00:00,0.3,0,1,1,1,1
2013-04-19 00:00:00,0.85,0,0,0,0,0
2013-04-22 00:00:00,0.8,0,0,0,1,1
2013-04-23 00:00:00,0.85,0,0,0,0,0
2013-04-24 00:00:00,0.75,0,0,0,0,1
2013-04-25 00:00:00,0.7,0,0,0,0,0
2013-04-26 00:00:00,0.8,0,0,1,1,0
2013-04-29 00:00:00,0.8,0,0,0,0,0
2013-04-30 00:00:00,0.95,0,0,1,1,1
2013-05-01 00:00:00,0.8,0,1,1,1,1
2013-05-02 00:00:00,0.95,0,0,0,0,0
2013-05-03 00:00:00,1.0,0,0,0,0,1
2013-05-06 00:00:00,1.05,0,0,0,0,1
2013-05-07 00:00:00,1.05,0,0,0,0,1
2013-05-08 00:00:00,1.1,0,0,0,1,1
2013-05-09 00:00:00,1.15,0,0,1,1,1
2013-05-10 00:00:00,1.25,0,0,0,1,1
2013-05-13 00:00:00,1.45,0,0,0,1,1
2013-05-14 00:00:00,1.5,0,0,0,0,1
2013-05-15 00:00:00,1.45,0,0,0,1,1
2013-05-16 00:00:00,1.4,0,0,0,1,1
2013-05-17 00:00:00,1.9,0,0,0,0,0
2013-05-20 00:00:00,1.8,0,0,0,0,1
2013-05-21 00:00:00,1.9,0,0,0,1,1
2013-05-22 00:00:00,1.1,0,1,1,1,1
2013-05-23 00:00:00,1.05,1,1,1,1,0
2013-05-24 00:00:00,1.0,1,1,1,1,0
2013-05-28 00:00:00,1.15,0,0,0,0,0
2013-05-29 00:00:00,1.0,1,1,1,1,0
2013-05-30 00:00:00,1.15,0,0,0,0,1
2013-05-31 00:00:00,1.1,0,1,1,1,1
2013-06-03 00:00:00,1.0,0,0,0,1,1
2013-06-04 00:00:00,1.0,0,1,1,1,1
2013-06-05 00:00:00,0.65,1,1,1,1,0
2013-06-06 00:00:00,0.7,0,0,1,1,1
2013-06-07 00:00:00,1.1,0,0,0,0,1
2013-06-10 00:00:00,1.1,0,0,0,0,1
2013-06-11 00:00:00,0.7,1,1,1,1,0
2013-06-12 00:00:00,0.3,0,1,1,1,1
2013-06-13 00:00:00,0.9,0,0,1,1,1
2013-06-14 00:00:00,0.75,0,1,1,1,1
2013-06-17 00:00:00,0.85,0,0,0,0,0
2013-06-18 00:00:00,0.85,0,0,0,0,1
2013-06-19 00:00:00,0.8,1,1,1,1,1
2013-06-20 00:00:00,-0.2,1,1,1,1,0
2013-06-21 00:00:00,0.4,0,0,1,1,1
2013-06-24 00:00:00,0.15,1,1,1,1,0
2013-06-25 00:00:00,0.5,0,0,0,0,0
2013-06-26 00:00:00,0.75,0,0,0,0,0
2013-06-27 00:00:00,0.85,0,0,0,0,0
2013-06-28 00:00:00,0.85,0,0,1,1,1
2013-07-01 00:00:00,0.8,0,0,0,0,0
2013-07-02 00:00:00,0.85,0,0,0,1,1
2013-07-03 00:00:00,1.1,0,0,1,1,1
2013-07-05 00:00:00,1.5,0,0,0,0,1
2013-07-08 00:00:00,1.4,0,0,0,0,0
2013-07-09 00:00:00,1.55,0,0,0,0,0
2013-07-10 00:00:00,1.5,0,0,0,1,1
2013-07-11 00:00:00,1.55,0,0,0,0,0
2013-07-12 00:00:00,1.55,0,0,0,0,1
2013-07-15 00:00:00,1.7,0,0,0,0,0
2013-07-16 00:00:00,1.95,0,1,1,1,1
2013-07-17 00:00:00,1.35,0,0,0,0,1
2013-07-18 00:00:00,1.45,0,0,0,0,0
2013-07-19 00:00:00,1.6,0,0,0,0,1
2013-07-22 00:00:00,1.5,0,0,0,1,1
2013-07-23 00:00:00,1.5,0,0,0,1,1
2013-07-24 00:00:00,1.4,0,1,1,1,1
2013-07-25 00:00:00,1.4,0,0,1,1,1
2013-07-26 00:00:00,1.4,0,1,1,1,0
2013-07-29 00:00:00,1.3,0,0,1,1,0
2013-07-30 00:00:00,1.4,0,0,0,1,1
2013-07-31 00:00:00,1.5,0,0,0,1,1
2013-08-01 00:00:00,1.45,0,0,0,0,0
2013-08-02 00:00:00,1.5,0,0,0,1,1
2013-08-05 00:00:00,1.4,0,0,0,1,1
2013-08-06 00:00:00,1.45,1,1,1,1,0
2013-08-07 00:00:00,1.5,0,1,1,1,0
2013-08-08 00:00:00,1.6,0,0,0,1,1
2013-08-09 00:00:00,1.65,0,1,1,1,1
2013-08-12 00:00:00,1.65,0,0,1,1,1
2013-08-13 00:00:00,1.8,0,0,1,1,1
2013-08-14 00:00:00,1.8,0,0,1,1,1
2013-08-15 00:00:00,1.5,1,1,1,1,0
2013-08-16 00:00:00,1.15,0,0,0,1,1
2013-08-19 00:00:00,0.9,0,0,0,1,1
2013-08-20 00:00:00,0.7,0,0,0,0,1
2013-08-21 00:00:00,0.85,0,1,1,1,1
2013-08-22 00:00:00,0.95,0,0,0,0,0
2013-08-23 00:00:00,1.05,0,0,0,0,1
2013-08-26 00:00:00,0.85,0,0,0,0,1
2013-08-27 00:00:00,0.7,1,1,1,1,0
2013-08-28 00:00:00,0.6,0,0,0,0,1
2013-08-29 00:00:00,0.6,0,0,0,1,1
2013-08-30 00:00:00,0.65,0,0,1,1,1
2013-09-03 00:00:00,0.8,0,0,0,0,1
2013-09-04 00:00:00,0.85,0,0,0,0,1
2013-09-05 00:00:00,1.0,0,0,0,0,1
2013-09-06 00:00:00,1.0,0,1,1,1,1
2013-09-09 00:00:00,1.0,0,0,0,0,0
2013-09-10 00:00:00,1.2,0,0,0,0,0
2013-09-11 00:00:00,1.2,0,0,0,1,1
2013-09-12 00:00:00,1.0,0,1,1,1,0
2013-09-13 00:00:00,1.0,0,0,0,0,1
2013-09-16 00:00:00,0.85,0,0,0,0,0
2013-09-17 00:00:00,0.85,0,0,0,0,1
2013-09-18 00:00:00,1.2,0,0,0,1,1
2013-09-19 00:00:00,1.15,0,0,0,1,1
2013-09-20 00:00:00,1.15,0,1,1,1,1
2013-09-23 00:00:00,1.05,0,1,1,1,0
2013-09-24 00:00:00,1.2,0,0,0,1,1
2013-09-25 00:00:00,1.15,0,0,1,1,1
2013-09-26 00:00:00,1.15,0,0,0,0,1
2013-09-27 00:00:00,0.85,0,1,1,1,0
2013-09-30 00:00:00,0.7,1,1,1,1,0
2013-10-01 00:00:00,0.8,0,0,0,0,0
2013-10-02 00:00:00,0.55,0,1,1,1,0
2013-10-03 00:00:00,0.2,1,1,1,1,1
2013-10-04 00:00:00,0.2,0,0,0,0,0
2013-10-07 00:00:00,-0.15,0,1,1,1,0
2013-10-08 00:00:00,-0.3,0,1,1,1,1
2013-10-09 00:00:00,-0.15,0,0,0,1,1
2013-10-10 00:00:00,0.45,0,0,0,0,0
2013-10-11 00:00:00,0.7,0,0,0,0,1
2013-10-14 00:00:00,0.75,0,1,1,1,1
2013-10-15 00:00:00,-0.85,0,1,1,1,1
2013-10-16 00:00:00,1.0,0,0,0,0,0
2013-10-17 00:00:00,1.05,0,0,0,1,1
2013-10-18 00:00:00,0.9,0,0,0,0,0
2013-10-21 00:00:00,0.9,0,0,0,0,1
2013-10-22 00:00:00,0.95,0,0,0,0,0
2013-10-23 00:00:00,0.85,1,1,1,1,0
2013-10-24 00:00:00,1.0,0,0,0,0,1
2013-10-25 00:00:00,1.0,0,0,0,0,1
2013-10-28 00:00:00,0.85,0,0,0,0,1
2013-10-29 00:00:00,1.05,0,0,0,0,1
2013-10-30 00:00:00,1.0,1,1,1,1,1
2013-10-31 00:00:00,1.0,0,0,1,1,1
2013-11-01 00:00:00,1.15,0,0,0,1,1
2013-11-04 00:00:00,1.15,0,0,0,0,0
2013-11-05 00:00:00,1.2,0,1,1,1,0
2013-11-06 00:00:00,1.25,0,0,0,0,0
2013-11-07 00:00:00,1.15,1,1,1,1,1
2013-11-08 00:00:00,1.25,0,0,1,1,1
2013-11-11 00:00:00,1.45,0,0,0,0,1
2013-11-12 00:00:00,1.45,0,0,1,1,1
2013-11-13 00:00:00,1.4,0,1,1,1,1
2013-11-14 00:00:00,1.55,0,0,0,0,1
2013-11-15 00:00:00,1.4,0,0,0,0,0
2013-11-18 00:00:00,1.0,0,0,0,0,1
2013-11-19 00:00:00,0.95,0,0,0,1,1
2013-11-20 00:00:00,1.85,0,0,0,1,1
2013-11-21 00:00:00,1.8,0,0,0,0,0
2013-11-22 00:00:00,1.6,0,0,0,0,1
2013-11-25 00:00:00,1.4,0,0,0,0,0
2013-11-26 00:00:00,1.25,0,0,0,1,1
2013-11-27 00:00:00,1.25,0,0,0,0,1
2013-11-29 00:00:00,1.2,0,0,0,0,1
2013-12-02 00:00:00,0.9,0,0,0,0,1
2013-12-03 00:00:00,0.85,0,1,1,1,0
2013-12-04 00:00:00,1.15,0,1,1,1,1
2013-12-05 00:00:00,0.95,0,0,1,1,1
2013-12-06 00:00:00,1.05,0,0,0,0,0
2013-12-09 00:00:00,1.05,0,0,0,0,0
2013-12-10 00:00:00,0.95,0,0,1,1,0
2013-12-11 00:00:00,0.55,1,1,1,1,1
2013-12-12 00:00:00,0.1,0,1,1,1,0
2013-12-13 00:00:00,0.0,0,0,0,0,1
2013-12-16 00:00:00,-0.15,0,0,0,0,0
2013-12-17 00:00:00,-0.7,0,0,1,1,1
2013-12-18 00:00:00,1.05,0,0,1,1,1
2013-12-19 00:00:00,1.15,0,0,1,1,0
2013-12-20 00:00:00,1.0,0,0,0,0,0
2013-12-23 00:00:00,1.1,0,0,0,0,0
2013-12-24 00:00:00,1.2,0,0,0,0,1
2013-12-26 00:00:00,1.1,0,0,0,0,0
2013-12-27 00:00:00,0.95,0,0,0,0,1
2013-12-30 00:00:00,0.95,0,0,0,0,1
2013-12-31 00:00:00,0.8,0,0,0,0,0
2014-01-02 00:00:00,0.85,1,1,1,1,0
2014-01-03 00:00:00,0.85,0,0,0,0,1
2014-01-06 00:00:00,0.85,0,0,1,1,1
2014-01-07 00:00:00,0.8,0,0,0,0,0
2014-01-08 00:00:00,0.75,0,0,0,1,1
2014-01-09 00:00:00,0.9,0,0,1,1,1
2014-01-10 00:00:00,1.05,0,0,0,1,1
2014-01-13 00:00:00,0.75,1,1,1,1,1
2014-01-14 00:00:00,1.0,0,0,0,0,0
2014-01-15 00:00:00,1.0,0,0,0,0,0
2014-01-16 00:00:00,0.85,0,0,0,1,0
2014-01-17 00:00:00,0.8,0,0,0,0,1
2014-01-21 00:00:00,0.85,0,0,1,1,1
2014-01-22 00:00:00,0.95,0,0,0,0,1
2014-01-23 00:00:00,0.75,1,1,1,1,0
2014-01-24 00:00:00,0.0,1,1,1,1,0
2014-01-27 00:00:00,0.15,0,0,1,1,1
2014-01-28 00:00:00,0.35,0,0,0,0,1
2014-01-29 00:00:00,0.05,1,1,1,1,0
2014-01-30 00:00:00,-0.05,0,0,0,0,0
2014-01-31 00:00:00,-0.25,1,1,1,1,1
2014-02-03 00:00:00,-0.6,1,1,1,1,1
2014-02-04 00:00:00,-0.3,0,0,0,0,0
2014-02-05 00:00:00,-0.4,0,0,1,1,1
2014-02-06 00:00:00,0.0,0,0,0,0,0
2014-02-07 00:00:00,0.4,0,0,0,1,1
2014-02-10 00:00:00,0.2,0,0,0,1,1
2014-02-11 00:00:00,0.25,0,0,0,0,0
2014-02-12 00:00:00,0.45,0,0,0,0,1
2014-02-13 00:00:00,0.35,0,1,1,1,1
2014-02-14 00:00:00,0.5,0,0,0,0,1
2014-02-18 00:00:00,0.2,0,0,0,0,1
2014-02-19 00:00:00,0.4,0,0,0,1,1
2014-02-20 00:00:00,0.45,0,0,0,1,1
2014-02-21 00:00:00,0.3,0,0,0,0,1
2014-02-24 00:00:00,0.4,0,0,0,0,0
2014-02-25 00:00:00,0.4,0,0,1,1,1
2014-02-26 00:00:00,0.35,0,0,1,1,1
2014-02-27 00:00:00,0.45,0,0,0,0,1
2014-02-28 00:00:00,0.45,0,0,0,0,1
2014-03-03 00:00:00,0.05,1,1,1,1,0
2014-03-04 00:00:00,0.5,0,0,0,0,0
2014-03-05 00:00:00,0.45,0,0,0,0,1
2014-03-06 00:00:00,0.5,0,0,0,0,0
2014-03-07 00:00:00,0.35,0,0,0,1,1
2014-03-10 00:00:00,0.6,0,0,1,1,0
2014-03-11 00:00:00,0.55,0,0,1,1,1
2014-03-12 00:00:00,0.65,0,0,1,1,1
2014-03-13 00:00:00,0.0,1,1,1,1,1
2014-03-14 00:00:00,-0.6,0,0,0,1,1
2014-03-17 00:00:00,0.0,0,0,0,0,0
2014-03-19 00:00:00,0.5,0,0,1,1,1
2014-03-20 00:00:00,0.45,0,0,0,1,1
2014-03-21 00:00:00,0.45,0,0,1,1,1
2014-03-24 00:00:00,0.5,0,1,1,1,1
2014-03-25 00:00:00,0.55,0,0,0,0,1
2014-03-26 00:00:00,0.6,0,0,1,1,1
2014-03-27 00:00:00,0.65,0,0,0,1,1
2014-03-28 00:00:00,0.65,0,0,0,0,0
2014-03-31 00:00:00,0.7,0,0,0,0,0
2014-04-01 00:00:00,0.95,0,0,0,0,0
2014-04-02 00:00:00,0.95,0,0,0,0,1
2014-04-03 00:00:00,0.95,0,0,0,1,1
2014-04-04 00:00:00,0.9,1,1,1,1,1
2014-04-07 00:00:00,0.5,1,1,1,1,0
2014-04-08 00:00:00,0.6,0,0,0,1,1
2014-04-09 00:00:00,0.95,0,0,0,0,0
2014-04-10 00:00:00,0.4,1,1,1,1,1
2014-04-11 00:00:00,-0.2,1,1,1,1,1
2014-04-14 00:00:00,0.45,0,0,0,0,0
2014-04-15 00:00:00,0.8,0,1,1,1,1
2014-04-16 00:00:00,0.45,0,0,0,0,0
2014-04-17 00:00:00,0.5,0,0,0,0,1
2014-04-21 00:00:00,0.65,0,0,0,0,1
2014-04-22 00:00:00,0.6,0,0,0,0,1
2014-04-23 00:00:00,0.4,0,0,0,1,0
2014-04-24 00:00:00,0.55,0,0,1,1,1
2014-04-25 00:00:00,0.6,1,1,1,1,0
2014-04-28 00:00:00,0.7,0,1,1,1,1
2014-04-29 00:00:00,0.7,0,0,0,0,1
2014-04-30 00:00:00,0.75,0,0,0,1,1
2014-05-01 00:00:00,0.85,0,0,0,1,1
2014-05-02 00:00:00,0.95,0,0,0,1,1
2014-05-05 00:00:00,1.0,0,1,1,1,1
2014-05-06 00:00:00,1.05,0,1,1,1,0
2014-05-07 00:00:00,1.05,0,0,1,1,1
2014-05-08 00:00:00,1.0,0,0,0,1,1
2014-05-09 00:00:00,1.15,0,0,1,1,1
2014-05-12 00:00:00,1.3,0,0,0,0,0
2014-05-13 00:00:00,1.35,0,0,0,0,1
2014-05-14 00:00:00,1.5,0,0,1,1,0
2014-05-15 00:00:00,1.2,1,1,1,1,0
2014-05-16 00:00:00,1.4,0,0,0,1,1
2014-05-19 00:00:00,1.35,0,0,0,1,1
2014-05-20 00:00:00,1.35,1,1,1,1,1
2014-05-21 00:00:00,0.95,0,0,0,0,0
2014-05-22 00:00:00,1.05,0,0,0,0,1
2014-05-23 00:00:00,1.15,0,0,0,0,1
2014-05-27 00:00:00,1.2,0,0,0,0,0
2014-05-28 00:00:00,1.3,0,0,0,1,1
2014-05-29 00:00:00,1.4,0,0,0,0,1
2014-05-30 00:00:00,1.5,0,0,0,1,1
2014-06-02 00:00:00,1.55,0,0,1,1,1
2014-06-03 00:00:00,1.45,0,0,0,1,1
2014-06-04 00:00:00,1.35,0,0,0,1,1
2014-06-05 00:00:00,1.4,0,0,0,1,1
2014-06-06 00:00:00,1.3,0,0,0,0,0
2014-06-09 00:00:00,1.25,0,0,0,1,1
2014-06-10 00:00:00,1.2,0,0,1,1,0
2014-06-11 00:00:00,1.0,0,1,1,1,0
2014-06-12 00:00:00,0.95,1,1,1,1,0
2014-06-13 00:00:00,0.85,0,0,0,0,1
2014-06-16 00:00:00,0.75,0,0,0,1,1
2014-06-17 00:00:00,1.1,0,0,0,1,1
2014-06-18 00:00:00,1.0,0,0,0,1,1
2014-06-19 00:00:00,1.0,0,0,0,1,1
2014-06-20 00:00:00,1.0,0,0,0,0,0
2014-06-23 00:00:00,1.1,0,0,0,0,1
2014-06-24 00:00:00,0.85,0,0,0,1,1
2014-06-25 00:00:00,0.95,0,0,0,1,1
2014-06-26 00:00:00,0.85,0,1,1,1,1
2014-06-27 00:00:00,0.85,0,0,0,1,1
2014-06-30 00:00:00,0.9,0,0,0,0,1
2014-07-01 00:00:00,0.95,0,0,0,0,0
2014-07-02 00:00:00,0.95,0,0,0,0,1
2014-07-03 00:00:00,1.0,0,0,0,0,1
2014-07-07 00:00:00,0.9,0,1,1,1,0
2014-07-08 00:00:00,0.7,1,1,1,1,0
2014-07-09 00:00:00,0.6,0,0,0,0,1
2014-07-10 00:00:00,0.35,1,1,1,1,0
2014-07-11 00:00:00,0.55,0,0,0,1,1
2014-07-14 00:00:00,0.7,0,0,0,0,0
2014-07-15 00:00:00,0.8,0,1,1,1,1
2014-07-16 00:00:00,0.9,0,0,0,0,0
2014-07-17 00:00:00,0.55,1,1,1,1,1
2014-07-18 00:00:00,0.7,0,0,0,0,0
2014-07-21 00:00:00,0.55,0,1,1,1,0
2014-07-22 00:00:00,0.7,0,0,0,0,0
2014-07-23 00:00:00,0.8,0,0,0,0,0
2014-07-24 00:00:00,0.85,0,0,0,0,1
2014-07-25 00:00:00,0.8,0,1,1,1,0
2014-07-28 00:00:00,0.8,0,0,1,1,1
2014-07-29 00:00:00,0.75,0,0,0,1,1
2014-07-30 00:00:00,0.75,0,0,0,1,1
2014-07-31 00:00:00,0.3,1,1,1,1,0
2014-08-01 00:00:00,0.05,0,0,1,1,1
2014-08-04 00:00:00,0.4,0,0,0,0,1
2014-08-05 00:00:00,0.05,1,1,1,1,0
2014-08-06 00:00:00,0.1,0,0,0,1,1
2014-08-07 00:00:00,0.0,0,0,1,1,1
2014-08-08 00:00:00,0.15,0,0,0,0,1
2014-08-11 00:00:00,0.5,0,0,0,0,0
2014-08-12 00:00:00,0.5,0,0,1,1,1
2014-08-13 00:00:00,0.85,0,0,0,0,0
2014-08-14 00:00:00,0.95,0,0,0,0,1
2014-08-15 00:00:00,0.65,1,1,1,1,1
2014-08-18 00:00:00,0.85,0,0,0,0,0
2014-08-19 00:00:00,1.3,0,0,0,0,0
2014-08-20 00:00:00,0.7,0,0,0,0,1
2014-08-21 00:00:00,0.75,0,0,0,0,0
2014-08-22 00:00:00,0.75,0,0,1,1,1
2014-08-25 00:00:00,0.8,0,0,0,0,0
2014-08-26 00:00:00,0.9,0,0,0,0,0
2014-08-27 00:00:00,0.9,0,0,0,1,1
2014-08-28 00:00:00,0.85,0,0,1,1,1
2014-08-29 00:00:00,0.75,0,0,0,1,1
2014-09-02 00:00:00,0.9,0,0,1,1,1
2014-09-03 00:00:00,1.0,0,0,0,0,1
2014-09-04 00:00:00,0.9,0,0,0,0,1
2014-09-05 00:00:00,1.0,0,0,1,1,1
2014-09-08 00:00:00,0.9,0,1,1,1,1
2014-09-09 00:00:00,0.7,0,0,1,1,0
2014-09-10 00:00:00,0.8,0,0,0,1,1
2014-09-11 00:00:00,0.95,1,1,1,1,0
2014-09-12 00:00:00,0.75,1,1,1,1,1
2014-09-15 00:00:00,0.8,0,0,0,1,1
2014-09-16 00:00:00,1.4,0,0,0,1,1
2014-09-17 00:00:00,0.7,0,0,1,1,1
2014-09-18 00:00:00,0.75,0,0,0,0,0
2014-09-19 00:00:00,0.8,0,0,0,1,1
2014-09-22 00:00:00,0.55,1,1,1,1,0
2014-09-23 00:00:00,0.5,0,0,1,1,1
2014-09-24 00:00:00,0.7,0,0,0,0,1
2014-09-25 00:00:00,0.3,1,1,1,1,0
2014-09-26 00:00:00,0.5,0,0,0,1,1
2014-09-29 00:00:00,0.3,1,1,1,1,0
2014-09-30 00:00:00,0.35,0,0,0,1,1
2014-10-01 00:00:00,0.15,1,1,1,1,0
2014-10-02 00:00:00,0.25,1,1,1,1,1
2014-10-03 00:00:00,0.6,0,0,0,0,0
2014-10-06 00:00:00,0.45,0,0,1,1,1
2014-10-07 00:00:00,0.1,1,1,1,1,0
2014-10-08 00:00:00,0.45,0,0,0,1,1
2014-10-09 00:00:00,-0.2,1,1,1,1,0
2014-10-10 00:00:00,-1.15,0,1,1,1,1
2014-10-13 00:00:00,-1.9,0,0,0,1,1
2014-10-14 00:00:00,-1.15,0,0,0,0,0
2014-10-15 00:00:00,-1.85,1,1,1,1,0
2014-10-16 00:00:00,-1.25,0,1,1,1,1
2014-10-17 00:00:00,-1.05,0,0,0,0,0
2014-10-20 00:00:00,-0.2,0,0,0,1,1
2014-10-21 00:00:00,0.6,0,0,0,0,0
2014-10-22 00:00:00,-0.05,0,0,1,1,1
2014-10-23 00:00:00,0.0,0,0,0,0,0
2014-10-24 00:00:00,0.1,0,0,0,1,1
2014-10-27 00:00:00,-0.1,0,1,1,1,0
2014-10-28 00:00:00,0.2,0,0,0,0,0
2014-10-29 00:00:00,0.0,1,1,1,1,1
2014-10-30 00:00:00,0.15,0,0,0,1,1
2014-10-31 00:00:00,0.25,0,0,0,0,0
2014-11-03 00:00:00,0.3,0,0,0,0,1
2014-11-04 00:00:00,0.4,0,1,1,1,0
2014-11-05 00:00:00,0.6,0,0,0,0,0
2014-11-06 00:00:00,0.55,0,0,0,1,1
2014-11-07 00:00:00,0.7,0,0,0,1,1
2014-11-10 00:00:00,0.95,0,0,0,0,1
2014-11-11 00:00:00,0.75,0,0,0,0,1
2014-11-12 00:00:00,0.8,0,0,1,1,1
2014-11-13 00:00:00,0.85,0,0,1,1,1
2014-11-14 00:00:00,0.95,0,0,0,0,1
2014-11-17 00:00:00,1.0,0,0,0,1,1
2014-11-18 00:00:00,1.3,0,0,0,0,1
2014-11-19 00:00:00,0.75,0,0,1,1,1
2014-11-20 00:00:00,0.9,0,0,1,1,1
2014-11-21 00:00:00,1.1,0,0,0,0,0
2014-11-24 00:00:00,1.3,0,0,0,0,0
2014-11-25 00:00:00,1.35,0,0,0,1,1
2014-11-26 00:00:00,1.45,0,0,0,0,1
2014-11-28 00:00:00,1.1,0,0,1,1,1
2014-12-01 00:00:00,1.05,1,1,1,1,0
2014-12-02 00:00:00,1.3,0,0,0,0,0
2014-12-03 00:00:00,1.4,0,0,0,0,1
2014-12-04 00:00:00,1.5,0,0,1,1,1
2014-12-05 00:00:00,1.75,0,0,0,0,1
2014-12-08 00:00:00,1.45,1,1,1,1,0
2014-12-09 00:00:00,1.25,1,1,1,1,0
2014-12-10 00:00:00,0.35,1,1,1,1,0
2014-12-11 00:00:00,0.05,0,0,0,0,1
2014-12-12 00:00:00,-0.45,0,1,1,1,1
2014-12-15 00:00:00,-0.85,0,0,1,1,1
2014-12-16 00:00:00,-3.0,0,0,1,1,1
2014-12-17 00:00:00,0.5,0,0,0,0,0
2014-12-18 00:00:00,0.4,0,0,0,0,0
2014-12-19 00:00:00,0.6,0,0,0,0,1
2014-12-22 00:00:00,0.6,0,0,0,0,0
2014-12-23 00:00:00,0.8,0,0,0,0,0
2014-12-24 00:00:00,0.7,0,0,0,0,1
2014-12-26 00:00:00,0.7,0,0,0,0,0
2014-12-29 00:00:00,0.65,0,0,0,1,1
2014-12-30 00:00:00,0.6,0,0,1,1,0
2014-12-31 00:00:00,0.2,0,1,1,1,1
2015-01-02 00:00:00,0.4,0,0,1,1,1
2015-01-05 00:00:00,0.07,1,1,1,1,0
2015-01-06 00:00:00,-0.2,1,1,1,1,1
2015-01-07 00:00:00,-0.12,0,0,0,0,0
2015-01-08 00:00:00,0.1,0,0,0,0,0
2015-01-09 00:00:00,0.05,1,1,1,1,1
2015-01-12 00:00:00,-0.2,0,1,1,1,1
2015-01-13 00:00:00,-0.45,0,1,1,1,1
2015-01-14 00:00:00,-0.7,1,1,1,1,0
2015-01-15 00:00:00,-0.7,0,1,1,1,1
2015-01-16 00:00:00,-0.5,0,0,0,1,1
2015-01-20 00:00:00,-0.05,0,0,1,1,1
2015-01-21 00:00:00,0.15,0,0,0,1,1
2015-01-22 00:00:00,0.25,0,0,0,1,1
2015-01-23 00:00:00,0.15,0,0,0,1,1
2015-01-26 00:00:00,0.4,0,0,0,1,1
2015-01-27 00:00:00,0.2,1,1,1,1,0
2015-01-28 00:00:00,-0.35,0,1,1,1,1
2015-01-29 00:00:00,-0.2,0,0,0,1,1
2015-01-30 00:00:00,-0.77,1,1,1,1,0
2015-02-02 00:00:00,-0.35,0,0,1,1,1
2015-02-03 00:00:00,0.2,0,0,0,0,0
2015-02-04 00:00:00,0.05,0,0,0,1,1
2015-02-05 00:00:00,0.4,0,0,0,0,0
2015-02-06 00:00:00,0.38,0,0,0,0,1
2015-02-09 00:00:00,0.3,0,0,1,1,0
2015-02-10 00:00:00,0.57,0,0,0,0,0
2015-02-11 00:00:00,0.65,0,0,0,1,1
2015-02-12 00:00:00,1.35,0,0,0,0,0
2015-02-13 00:00:00,1.65,0,0,0,0,1
2015-02-17 00:00:00,2.05,0,0,0,1,1
2015-02-18 00:00:00,0.73,0,0,0,1,1
2015-02-19 00:00:00,0.9,0,0,0,1,1
2015-02-20 00:00:00,0.93,0,0,1,1,1
2015-02-23 00:00:00,0.95,0,0,0,1,0
2015-02-24 00:00:00,1.2,0,0,0,0,1
2015-02-25 00:00:00,1.25,0,0,0,1,1
2015-02-26 00:00:00,1.45,0,0,0,1,1
2015-02-27 00:00:00,1.55,0,0,0,1,1
2015-03-02 00:00:00,1.65,0,0,0,0,1
2015-03-03 00:00:00,1.55,1,1,1,1,0
2015-03-04 00:00:00,1.6,1,1,1,1,0
2015-03-05 00:00:00,1.75,0,0,0,0,1
2015-03-06 00:00:00,1.55,1,1,1,1,1
2015-03-09 00:00:00,1.75,0,0,0,0,1
2015-03-10 00:00:00,1.45,1,1,1,1,0
2015-03-11 00:00:00,1.3,0,0,0,0,1
2015-03-12 00:00:00,1.55,0,0,0,0,1
2015-03-13 00:00:00,1.45,1,1,1,1,1
2015-03-16 00:00:00,1.35,0,0,0,0,0
2015-03-17 00:00:00,1.75,0,0,1,1,1
2015-03-18 00:00:00,0.95,0,0,1,1,1
2015-03-19 00:00:00,1.15,0,1,1,1,0
2015-03-20 00:00:00,1.45,0,0,0,0,0
2015-03-23 00:00:00,1.55,0,0,0,0,1
2015-03-24 00:00:00,1.7,0,0,1,1,1
2015-03-25 00:00:00,1.5,1,1,1,1,1
2015-03-26 00:00:00,1.35,0,1,1,1,1
2015-03-27 00:00:00,1.5,0,0,0,0,1
2015-03-30 00:00:00,1.6,0,0,0,0,0
2015-03-31 00:00:00,1.55,0,0,1,1,1
2015-04-01 00:00:00,1.65,1,1,1,1,0
2015-04-02 00:00:00,1.85,0,0,0,1,1
2015-04-06 00:00:00,1.85,0,1,1,1,1
2015-04-07 00:00:00,1.8,0,0,0,0,1
2015-04-08 00:00:00,1.9,0,0,0,0,1
2015-04-09 00:00:00,2.1,0,0,1,1,1
2015-04-10 00:00:00,2.0,0,0,0,0,1
2015-04-13 00:00:00,1.75,0,0,0,1,1
2015-04-14 00:00:00,2.05,0,0,1,1,1
2015-04-15 00:00:00,1.25,0,0,0,0,0
2015-04-16 00:00:00,1.35,0,0,1,1,1
2015-04-17 00:00:00,1.2,1,1,1,1,0
2015-04-20 00:00:00,1.4,0,0,0,0,0
2015-04-21 00:00:00,1.4,0,0,0,0,1
2015-04-22 00:00:00,1.4,0,0,0,1,1
2015-04-23 00:00:00,1.45,0,0,0,1,1
2015-04-24 00:00:00,1.55,0,0,0,0,1
2015-04-27 00:00:00,1.35,0,0,0,1,1
2015-04-28 00:00:00,1.5,0,1,1,1,1
2015-04-29 00:00:00,1.4,1,1,1,1,0
2015-04-30 00:00:00,1.1,1,1,1,1,1
2015-05-01 00:00:00,1.5,0,0,0,0,0
2015-05-04 00:00:00,1.5,0,0,0,0,0
2015-05-05 00:00:00,1.3,1,1,1,1,1
2015-05-06 00:00:00,1.0,1,1,1,1,1
2015-05-07 00:00:00,1.05,0,0,0,1,1
2015-05-08 00:00:00,1.57,0,0,0,0,0
2015-05-11 00:00:00,1.45,0,0,0,1,1
2015-05-12 00:00:00,1.5,0,1,1,1,1
2015-05-13 00:00:00,1.6,0,0,0,0,1
2015-05-14 00:00:00,1.9,0,0,0,0,0
2015-05-15 00:00:00,1.85,0,0,0,1,1
2015-05-18 00:00:00,1.7,0,0,0,1,1
2015-05-19 00:00:00,1.75,0,0,0,0,1
2015-05-20 00:00:00,1.1,0,0,0,1,1
2015-05-21 00:00:00,1.2,0,0,0,0,1
2015-05-22 00:00:00,1.3,0,0,0,1,1
2015-05-26 00:00:00,1.05,1,1,1,1,0
2015-05-27 00:00:00,1.15,0,0,0,0,1
2015-05-28 00:00:00,1.25,0,0,1,1,0
2015-05-29 00:00:00,1.2,1,1,1,1,0
2015-06-01 00:00:00,1.2,0,0,0,1,1
2015-06-02 00:00:00,1.15,0,0,1,1,1
2015-06-03 00:00:00,1.3,0,0,0,0,0
2015-06-04 00:00:00,1.1,1,1,1,1,0
2015-06-05 00:00:00,1.25,0,1,1,1,1
2015-06-08 00:00:00,1.05,0,1,1,1,1
2015-06-09 00:00:00,1.23,0,0,0,1,1
2015-06-10 00:00:00,1.55,0,0,0,0,0
2015-06-11 00:00:00,1.6,0,0,1,1,0
2015-06-12 00:00:00,1.18,1,1,1,1,0
2015-06-15 00:00:00,0.55,1,1,1,1,0
2015-06-16 00:00:00,0.72,0,0,0,1,1
2015-06-17 00:00:00,0.75,0,0,1,1,1
2015-06-18 00:00:00,0.95,0,0,0,0,0
2015-06-19 00:00:00,0.9,0,0,1,1,1
2015-06-22 00:00:00,1.05,0,0,0,0,0
2015-06-23 00:00:00,1.2,0,0,0,0,1
2015-06-24 00:00:00,1.05,0,1,1,1,1
2015-06-25 00:00:00,1.0,0,0,0,1,1
2015-06-26 00:00:00,0.95,0,0,0,1,1
2015-06-29 00:00:00,0.05,1,1,1,1,0
2015-06-30 00:00:00,0.05,0,0,0,0,1
2015-07-01 00:00:00,0.25,0,0,0,0,0
2015-07-02 00:00:00,0.1,0,0,0,1,1
2015-07-06 00:00:00,0.15,0,1,1,1,1
2015-07-07 00:00:00,0.35,1,1,1,1,1
2015-07-08 00:00:00,-0.25,1,1,1,1,0
2015-07-09 00:00:00,-0.15,0,0,0,0,0
2015-07-10 00:00:00,0.4,0,0,0,0,0
2015-07-13 00:00:00,1.1,0,0,0,0,0
2015-07-14 00:00:00,1.5,0,0,0,0,1
2015-07-15 00:00:00,1.38,0,0,0,1,1
2015-07-16 00:00:00,1.55,0,0,0,0,0
2015-07-17 00:00:00,1.5,0,0,0,1,1
2015-07-20 00:00:00,1.7,0,0,0,0,1
2015-07-21 00:00:00,1.85,0,1,1,1,0
2015-07-22 00:00:00,1.15,0,1,1,1,0
2015-07-23 00:00:00,1.15,0,1,1,1,1
2015-07-24 00:00:00,0.9,1,1,1,1,1
2015-07-27 00:00:00,0.55,1,1,1,1,0
2015-07-28 00:00:00,1.1,0,0,0,0,1
2015-07-29 00:00:00,1.3,0,0,0,0,1
2015-07-30 00:00:00,1.4,0,1,1,1,1
2015-07-31 00:00:00,1.35,0,0,0,1,1
2015-08-03 00:00:00,1.25,1,1,1,1,1
2015-08-04 00:00:00,1.1,0,0,1,1,1
2015-08-05 00:00:00,1.25,0,0,0,0,0
2015-08-06 00:00:00,0.95,1,1,1,1,1
2015-08-07 00:00:00,0.95,0,1,1,1,1
2015-08-10 00:00:00,1.3,0,0,0,0,0
2015-08-11 00:00:00,1.0,1,1,1,1,0
2015-08-12 00:00:00,0.95,1,1,1,1,0
2015-08-13 00:00:00,0.9,0,0,1,1,1
2015-08-14 00:00:00,0.85,0,0,0,1,1
2015-08-17 00:00:00,1.2,0,1,1,1,1
2015-08-18 00:00:00,0.9,0,0,1,1,1
2015-08-19 00:00:00,0.6,1,1,1,1,0
2015-08-20 00:00:00,0.0,1,1,1,1,0
2015-08-21 00:00:00,-1.27,1,1,1,1,0
2015-08-24 00:00:00,-2.62,1,1,1,1,0
2015-08-25 00:00:00,-2.77,0,0,0,0,0
2015-08-26 00:00:00,-2.25,0,0,0,0,0
2015-08-27 00:00:00,-2.62,0,0,0,0,0
2015-08-28 00:00:00,-2.55,0,0,1,1,1
2015-08-31 00:00:00,-3.0,0,1,1,1,0
2015-09-01 00:00:00,-3.9,1,1,1,1,0
2015-09-02 00:00:00,-2.1,0,0,0,0,0
2015-09-03 00:00:00,-1.75,0,0,0,0,1
2015-09-04 00:00:00,-2.25,1,1,1,1,0
2015-09-08 00:00:00,-1.05,0,0,0,0,0
2015-09-09 00:00:00,-1.6,0,0,1,1,1
2015-09-10 00:00:00,-1.32,0,0,1,1,1
2015-09-11 00:00:00,-0.88,0,0,0,1,1
2015-09-14 00:00:00,-0.85,0,0,0,1,1
2015-09-15 00:00:00,-2.15,0,0,0,0,1
2015-09-16 00:00:00,0.27,0,0,0,0,1
2015-09-17 00:00:00,-0.35,0,0,0,1,1
2015-09-18 00:00:00,-0.55,1,1,1,1,0
2015-09-21 00:00:00,0.15,0,0,0,0,1
2015-09-22 00:00:00,-0.65,1,1,1,1,0
2015-09-23 00:00:00,-0.45,0,0,0,1,1
2015-09-24 00:00:00,-0.7,1,1,1,1,0
2015-09-25 00:00:00,-0.65,0,0,0,0,1
2015-09-28 00:00:00,-1.35,1,1,1,1,0
2015-09-29 00:00:00,-1.2,0,0,0,0,1
2015-09-30 00:00:00,-0.9,0,0,0,0,0
2015-10-01 00:00:00,-0.8,0,0,1,1,1
2015-10-02 00:00:00,-0.6,1,1,1,1,1
2015-10-05 00:00:00,-0.4,0,0,0,0,0
2015-10-06 00:00:00,-0.4,0,0,1,1,1
2015-10-07 00:00:00,-0.3,0,0,0,0,1
2015-10-08 00:00:00,0.1,0,0,0,1,1
2015-10-09 00:00:00,0.2,0,0,0,1,1
2015-10-12 00:00:00,0.45,0,0,0,0,1
2015-10-13 00:00:00,0.4,0,0,1,1,1
2015-10-14 00:00:00,0.4,0,0,1,1,1
2015-10-15 00:00:00,0.6,0,0,0,0,0
2015-10-16 00:00:00,0.97,0,0,0,1,1
2015-10-19 00:00:00,0.67,0,0,1,1,1
2015-10-20 00:00:00,0.95,0,0,0,1,1
2015-10-21 00:00:00,0.4,0,0,0,1,1
2015-10-22 00:00:00,0.8,0,0,0,0,0
2015-10-23 00:00:00,0.62,0,0,0,0,0
2015-10-26 00:00:00,0.6,0,0,0,1,1
2015-10-27 00:00:00,0.7,0,0,1,1,1
2015-10-28 00:00:00,0.85,0,0,0,0,1
2015-10-29 00:00:00,0.8,0,0,1,1,1
2015-10-30 00:00:00,0.7,0,0,0,1,1
2015-11-02 00:00:00,0.75,0,0,0,0,0
2015-11-03 00:00:00,0.8,0,0,0,1,1
2015-11-04 00:00:00,0.7,0,0,1,1,1
2015-11-05 00:00:00,0.8,0,0,1,1,1
2015-11-06 00:00:00,0.8,0,1,1,1,1
2015-11-09 00:00:00,0.45,1,1,1,1,0
2015-11-10 00:00:00,0.7,0,0,0,1,1
2015-11-11 00:00:00,0.6,0,0,0,1,1
2015-11-12 00:00:00,0.15,1,1,1,1,0
2015-11-13 00:00:00,-0.45,0,1,1,1,0
2015-11-16 00:00:00,-0.2,0,0,0,0,1
2015-11-17 00:00:00,-0.43,0,0,0,0,1
2015-11-18 00:00:00,0.55,0,0,0,0,0
2015-11-19 00:00:00,0.65,0,0,0,0,1
2015-11-20 00:00:00,0.85,0,0,0,0,0
2015-11-23 00:00:00,0.8,0,0,1,1,1
2015-11-24 00:00:00,0.9,0,1,1,1,1
2015-11-25 00:00:00,1.0,0,0,0,0,1
2015-11-27 00:00:00,0.85,0,0,0,1,1
2015-11-30 00:00:00,0.8,0,0,0,1,1
2015-12-01 00:00:00,1.0,0,0,0,0,0
2015-12-02 00:00:00,0.8,1,1,1,1,1
2015-12-03 00:00:00,0.2,1,1,1,1,1
2015-12-04 00:00:00,1.1,0,0,0,0,1
2015-12-07 00:00:00,1.0,1,1,1,1,0
2015-12-08 00:00:00,0.55,1,1,1,1,0
2015-12-09 00:00:00,0.05,1,1,1,1,1
2015-12-10 00:00:00,-0.2,0,0,0,0,1
2015-12-11 00:00:00,-1.72,1,1,1,1,0
2015-12-14 00:00:00,-2.0,0,0,1,1,1
2015-12-15 00:00:00,-1.75,0,0,0,0,0
2015-12-16 00:00:00,0.55,0,0,0,0,1
2015-12-17 00:00:00,0.3,1,1,1,1,1
2015-12-18 00:00:00,0.15,0,1,1,1,1
2015-12-21 00:00:00,0.45,0,0,0,0,0
2015-12-22 00:00:00,0.65,0,0,0,0,1
2015-12-23 00:00:00,0.7,0,0,0,0,0
2015-12-24 00:00:00,0.6,0,0,0,0,1
2015-12-28 00:00:00,0.5,0,1,1,1,0
2015-12-29 00:00:00,0.6,0,0,0,0,0
2015-12-30 00:00:00,0.42,0,0,1,1,0
2015-12-31 00:00:00,0.35,0,1,1,1,1
2016-01-04 00:00:00,-0.3,1,1,1,1,0
2016-01-05 00:00:00,-0.15,0,0,1,1,1
2016-01-06 00:00:00,-0.5,1,1,1,1,0
2016-01-07 00:00:00,-1.75,1,1,1,1,0
2016-01-08 00:00:00,-2.2,0,0,0,1,1
2016-01-11 00:00:00,-1.5,0,0,1,1,1
2016-01-12 00:00:00,-1.0,0,0,0,1,1
2016-01-13 00:00:00,-1.6,1,1,1,1,1
2016-01-14 00:00:00,-1.3,0,0,0,1,1
2016-01-15 00:00:00,-2.12,1,1,1,1,0
2016-01-19 00:00:00,-1.83,0,0,1,1,1
2016-01-20 00:00:00,-0.8,1,1,1,1,0
2016-01-21 00:00:00,-1.0,0,0,0,1,1
2016-01-22 00:00:00,-0.55,0,0,0,0,0
2016-01-25 00:00:00,-0.85,0,0,1,1,0
2016-01-26 00:00:00,-0.7,0,0,0,0,0
2016-01-27 00:00:00,-0.85,0,0,1,1,1
2016-01-28 00:00:00,-0.8,0,0,0,1,1
2016-01-29 00:00:00,-0.3,0,0,0,0,0
2016-02-01 00:00:00,-0.3,0,0,1,1,1
2016-02-02 00:00:00,-0.75,1,1,1,1,0
2016-02-03 00:00:00,-0.6,1,1,1,1,1
2016-02-04 00:00:00,-0.6,0,0,1,1,1
2016-02-05 00:00:00,-1.07,1,1,1,1,1
2016-02-08 00:00:00,-1.45,1,1,1,1,0
2016-02-09 00:00:00,-1.65,0,1,1,1,1
2016-02-10 00:00:00,-1.65,0,0,0,0,0
2016-02-11 00:00:00,-2.35,1,1,1,1,0
2016-02-12 00:00:00,-1.75,0,0,0,0,0
2016-02-16 00:00:00,-0.9,0,0,0,0,0
2016-02-17 00:00:00,0.15,0,0,0,0,0
2016-02-18 00:00:00,0.4,0,0,0,1,1
2016-02-19 00:00:00,0.38,0,0,1,1,0
2016-02-22 00:00:00,0.6,0,0,0,0,0
2016-02-23 00:00:00,0.35,0,0,1,1,1
2016-02-24 00:00:00,0.35,1,1,1,1,1
2016-02-25 00:00:00,0.6,0,0,0,1,1
2016-02-26 00:00:00,0.35,0,0,0,1,1
2016-02-29 00:00:00,0.41,0,0,0,0,1
2016-03-01 00:00:00,0.89,0,0,0,0,0
2016-03-02 00:00:00,1.0,0,0,1,1,1
2016-03-03 00:00:00,1.2,0,0,0,1,1
2016-03-04 00:00:00,1.1,0,0,0,1,1
2016-03-07 00:00:00,1.25,0,0,0,1,1
2016-03-08 00:00:00,1.05,0,1,1,1,0
2016-03-09 00:00:00,1.05,0,0,0,0,1
2016-03-10 00:00:00,0.98,1,1,1,1,1
2016-03-11 00:00:00,1.48,0,0,0,0,0
2016-03-14 00:00:00,1.4,0,0,0,1,1
2016-03-15 00:00:00,2.18,0,0,1,1,0
2016-03-16 00:00:00,0.9,0,0,0,1,1
2016-03-17 00:00:00,1.05,0,0,0,1,1
2016-03-18 00:00:00,1.15,0,0,0,0,0
2016-03-21 00:00:00,1.4,0,0,0,1,1
2016-03-22 00:00:00,1.55,0,0,1,1,1
2016-03-23 00:00:00,1.5,0,1,1,1,1
2016-03-24 00:00:00,1.7,0,1,1,1,0
2016-03-28 00:00:00,1.65,0,0,0,1,1
2016-03-29 00:00:00,1.75,0,0,0,1,1
2016-03-30 00:00:00,1.63,0,0,0,0,0
2016-03-31 00:00:00,1.7,0,0,0,1,1
2016-04-01 00:00:00,1.75,0,1,1,1,1
2016-04-04 00:00:00,1.7,0,0,1,1,1
2016-04-05 00:00:00,1.65,1,1,1,1,0
2016-04-06 00:00:00,1.8,0,0,0,0,1
2016-04-07 00:00:00,1.6,1,1,1,1,0
2016-04-08 00:00:00,1.85,0,0,0,0,0
2016-04-11 00:00:00,1.95,0,0,0,0,0
2016-04-12 00:00:00,2.35,0,0,0,0,1
2016-04-13 00:00:00,2.65,0,0,0,0,0
2016-04-14 00:00:00,2.6,0,0,0,0,1
2016-04-15 00:00:00,2.35,0,0,0,1,1
2016-04-18 00:00:00,2.4,0,0,1,1,1
2016-04-19 00:00:00,2.98,0,0,0,0,1
2016-04-20 00:00:00,1.5,0,0,0,0,1
2016-04-21 00:00:00,1.7,0,1,1,1,1
2016-04-22 00:00:00,1.85,0,0,0,1,1
2016-04-25 00:00:00,1.95,0,1,1,1,0
2016-04-26 00:00:00,2.1,0,0,0,0,1
2016-04-27 00:00:00,2.15,0,0,1,1,1
2016-04-28 00:00:00,2.0,0,1,1,1,1
2016-04-29 00:00:00,2.1,1,1,1,1,0
2016-05-02 00:00:00,2.4,0,0,0,0,0
2016-05-03 00:00:00,2.3,1,1,1,1,0
2016-05-04 00:00:00,2.2,0,1,1,1,0
2016-05-05 00:00:00,2.35,0,0,0,1,1
2016-05-06 00:00:00,2.6,0,0,1,1,1
2016-05-09 00:00:00,2.55,0,0,0,0,1
2016-05-10 00:00:00,2.6,0,0,0,0,0
2016-05-11 00:00:00,2.35,0,1,1,1,1
2016-05-12 00:00:00,2.25,0,0,0,1,1
2016-05-13 00:00:00,2.2,1,1,1,1,1
2016-05-16 00:00:00,2.3,0,0,0,0,1
2016-05-17 00:00:00,2.57,1,1,1,1,1
2016-05-18 00:00:00,1.35,0,0,1,1,1
2016-05-19 00:00:00,1.35,0,1,1,1,0
2016-05-20 00:00:00,1.62,0,0,0,0,0
2016-05-23 00:00:00,1.5,0,0,0,0,1
2016-05-24 00:00:00,1.75,0,0,0,0,0
2016-05-25 00:00:00,1.85,0,0,0,0,0
2016-05-26 00:00:00,2.0,0,0,0,0,1
2016-05-27 00:00:00,2.25,0,0,0,0,1
2016-05-31 00:00:00,2.2,0,0,1,1,1
2016-06-01 00:00:00,2.25,0,0,1,1,1
2016-06-02 00:00:00,2.35,0,0,1,1,1
2016-06-03 00:00:00,2.4,1,1,1,1,1
2016-06-06 00:00:00,2.4,0,0,0,0,0
2016-06-07 00:00:00,2.15,0,0,0,0,0
2016-06-08 00:00:00,1.9,0,0,0,0,0
2016-06-09 00:00:00,1.7,1,1,1,1,0
2016-06-10 00:00:00,0.9,1,1,1,1,0
2016-06-13 00:00:00,-0.1,0,0,1,1,1
2016-06-14 00:00:00,0.3,0,0,1,1,1
2016-06-15 00:00:00,0.15,0,0,0,0,0
2016-06-16 00:00:00,0.4,0,1,1,1,1
2016-06-17 00:00:00,0.4,0,0,1,1,0
2016-06-20 00:00:00,0.8,0,0,0,0,0
2016-06-21 00:00:00,0.65,0,0,0,0,1
2016-06-22 00:00:00,0.25,0,0,0,0,1
2016-06-23 00:00:00,0.95,0,0,0,0,0
2016-06-24 00:00:00,-0.52,1,1,1,1,0
2016-06-27 00:00:00,-0.62,1,1,1,1,0
2016-06-28 00:00:00,0.5,0,0,0,0,0
2016-06-29 00:00:00,1.07,0,0,0,0,0
2016-06-30 00:00:00,1.35,0,0,0,1,1
2016-07-01 00:00:00,1.48,0,0,0,0,1
2016-07-05 00:00:00,1.5,1,1,1,1,0
2016-07-06 00:00:00,1.65,0,1,1,1,1
2016-07-07 00:00:00,1.75,0,0,1,1,1
2016-07-08 00:00:00,2.0,0,0,0,0,0
2016-07-11 00:00:00,2.1,0,0,0,0,0
2016-07-12 00:00:00,1.95,0,0,0,0,0
2016-07-13 00:00:00,2.05,0,0,0,1,1
2016-07-14 00:00:00,2.1,0,0,0,0,0
2016-07-15 00:00:00,2.5,0,0,0,1,1
2016-07-18 00:00:00,2.65,0,0,0,0,1
2016-07-19 00:00:00,3.45,0,0,0,1,0
2016-07-20 00:00:00,1.75,0,0,0,0,1
2016-07-21 00:00:00,1.95,0,1,1,1,1
2016-07-22 00:00:00,2.15,0,0,0,0,1
2016-07-25 00:00:00,2.25,0,0,1,1,1
2016-07-26 00:00:00,2.3,0,0,0,1,1
2016-07-27 00:00:00,2.5,0,0,1,1,1
2016-07-28 00:00:00,2.55,0,0,0,1,1
2016-07-29 00:00:00,2.6,0,0,0,1,1
2016-08-01 00:00:00,2.6,0,0,1,1,1
2016-08-02 00:00:00,2.4,1,1,1,1,0
2016-08-03 00:00:00,2.45,0,0,0,1,1
2016-08-04 00:00:00,2.45,0,0,0,0,1
2016-08-05 00:00:00,2.45,0,0,0,0,0
2016-08-08 00:00:00,2.65,0,0,0,0,1
2016-08-09 00:00:00,2.5,0,0,0,0,1
2016-08-10 00:00:00,2.3,0,0,1,1,1
2016-08-11 00:00:00,2.45,0,0,0,0,0
2016-08-12 00:00:00,2.65,0,0,0,1,1
2016-08-15 00:00:00,2.6,0,0,0,0,0
2016-08-16 00:00:00,2.5,0,0,1,1,0
2016-08-17 00:00:00,1.85,0,0,1,1,1
2016-08-18 00:00:00,2.0,0,0,0,0,1
2016-08-19 00:00:00,2.0,0,0,1,1,0
2016-08-22 00:00:00,2.05,0,0,1,1,1
2016-08-23 00:00:00,2.2,0,0,0,0,0
2016-08-24 00:00:00,2.0,0,0,1,1,1
2016-08-25 00:00:00,1.95,0,0,0,1,1
2016-08-26 00:00:00,1.9,0,1,1,1,1
2016-08-29 00:00:00,2.15,0,0,0,0,0
2016-08-30 00:00:00,2.25,0,0,1,1,1
2016-08-31 00:00:00,2.15,0,1,1,1,0
2016-09-01 00:00:00,2.1,0,1,1,1,1
2016-09-02 00:00:00,2.45,0,0,0,0,1
2016-09-06 00:00:00,2.5,0,0,0,1,1
2016-09-07 00:00:00,2.55,0,0,0,1,1
2016-09-08 00:00:00,2.55,0,1,1,1,0
2016-09-09 00:00:00,1.4,1,1,1,1,0
2016-09-12 00:00:00,1.6,0,0,0,1,1
2016-09-13 00:00:00,0.55,1,1,1,1,0
2016-09-14 00:00:00,0.5,0,0,0,1,1
2016-09-15 00:00:00,1.15,0,0,0,0,1
2016-09-16 00:00:00,1.5,0,0,1,1,0
2016-09-19 00:00:00,1.45,0,0,0,0,1
2016-09-20 00:00:00,1.55,0,0,0,0,1
2016-09-21 00:00:00,1.4,0,0,0,0,0
2016-09-22 00:00:00,1.55,0,0,0,0,0
2016-09-23 00:00:00,1.5,0,0,1,1,0
2016-09-26 00:00:00,1.1,1,1,1,1,0
2016-09-27 00:00:00,1.35,0,0,0,1,1
2016-09-28 00:00:00,1.5,0,0,0,1,1
2016-09-29 00:00:00,1.1,1,1,1,1,1
2016-09-30 00:00:00,1.17,0,0,0,0,0
2016-10-03 00:00:00,1.3,0,1,1,1,0
2016-10-04 00:00:00,1.3,0,1,1,1,1
2016-10-05 00:00:00,1.55,0,0,0,0,0
2016-10-06 00:00:00,1.55,0,0,1,1,1
2016-10-07 00:00:00,1.4,1,1,1,1,1
2016-10-10 00:00:00,1.65,0,0,0,0,0
2016-10-11 00:00:00,1.15,1,1,1,1,0
2016-10-12 00:00:00,0.9,0,0,0,1,1
2016-10-13 00:00:00,0.5,1,1,1,1,1
2016-10-14 00:00:00,0.7,0,0,0,0,0
2016-10-17 00:00:00,0.6,0,0,0,1,1
2016-10-18 00:00:00,0.95,0,0,0,0,0
2016-10-19 00:00:00,0.75,0,0,0,0,0
2016-10-20 00:00:00,0.9,0,0,1,1,1
2016-10-21 00:00:00,0.95,0,0,1,1,0
2016-10-24 00:00:00,1.15,0,0,0,0,0
2016-10-25 00:00:00,1.0,0,0,1,1,1
2016-10-26 00:00:00,0.85,0,0,1,1,1
2016-10-27 00:00:00,0.8,0,0,0,1,1
2016-10-28 00:00:00,0.48,0,0,1,1,1
2016-10-31 00:00:00,0.2,0,0,0,0,1
2016-11-01 00:00:00,0.05,1,1,1,1,1
2016-11-02 00:00:00,-0.3,0,0,1,1,1
2016-11-03 00:00:00,-0.75,0,0,0,1,1
2016-11-04 00:00:00,-0.35,0,0,0,0,1
2016-11-07 00:00:00,0.55,0,0,0,0,0
2016-11-08 00:00:00,0.6,0,0,0,1,1
2016-11-09 00:00:00,0.85,1,1,1,1,1
2016-11-10 00:00:00,0.95,0,0,1,1,1
2016-11-11 00:00:00,1.2,0,1,1,1,0
2016-11-14 00:00:00,1.5,0,0,0,1,1
2016-11-15 00:00:00,2.08,0,0,0,0,0
2016-11-16 00:00:00,1.5,0,0,1,1,0
2016-11-17 00:00:00,1.65,0,0,0,0,1
2016-11-18 00:00:00,1.7,0,0,0,1,1
2016-11-21 00:00:00,1.8,0,0,0,0,0
2016-11-22 00:00:00,1.85,0,0,0,0,1
2016-11-23 00:00:00,1.95,0,0,0,1,1
2016-11-25 00:00:00,1.85,0,0,0,0,0
2016-11-28 00:00:00,1.85,0,0,1,1,0
2016-11-29 00:00:00,1.95,0,0,0,0,1
2016-11-30 00:00:00,1.75,0,0,0,0,1
2016-12-01 00:00:00,1.65,0,0,1,1,1
2016-12-02 00:00:00,1.7,0,0,0,1,1
2016-12-05 00:00:00,2.15,0,0,0,0,0
2016-12-06 00:00:00,2.25,0,0,0,0,1
2016-12-07 00:00:00,2.15,0,0,0,0,1
2016-12-08 00:00:00,2.1,0,0,0,1,1
2016-12-09 00:00:00,2.2,0,0,0,0,1
2016-12-12 00:00:00,2.15,0,0,0,1,1
2016-12-13 00:00:00,2.2,0,0,0,0,0
2016-12-14 00:00:00,1.9,0,1,1,1,1
2016-12-15 00:00:00,2.05,0,0,0,0,1
2016-12-16 00:00:00,2.25,0,0,0,1,1
2016-12-19 00:00:00,2.35,0,0,0,0,1
2016-12-20 00:00:00,2.65,0,0,0,0,0
2016-12-21 00:00:00,1.65,0,0,0,0,1
2016-12-22 00:00:00,1.7,0,0,1,1,1
2016-12-23 00:00:00,1.75,0,0,0,1,0
2016-12-27 00:00:00,1.83,0,0,0,0,0
2016-12-28 00:00:00,1.6,0,1,1,1,1
2016-12-29 00:00:00,1.55,0,0,0,1,1
2016-12-30 00:00:00,1.45,0,1,1,1,1
2017-01-03 00:00:00,1.8,0,0,0,0,0
2017-01-04 00:00:00,1.8,0,0,0,0,0
2017-01-05 00:00:00,1.8,0,0,1,1,1
2017-01-06 00:00:00,1.8,0,0,0,1,1
2017-01-09 00:00:00,1.6,0,0,0,1,0
2017-01-10 00:00:00,1.6,0,0,0,1,1
2017-01-11 00:00:00,1.7,0,0,1,1,1
2017-01-12 00:00:00,1.85,1,1,1,1,0
2017-01-13 00:00:00,2.05,0,0,0,0,1
2017-01-17 00:00:00,2.0,0,1,1,1,0
2017-01-18 00:00:00,1.45,0,0,0,1,1
2017-01-19 00:00:00,1.35,0,1,1,1,1
2017-01-20 00:00:00,1.4,0,0,0,0,1
2017-01-23 00:00:00,1.4,0,1,1,1,1
2017-01-24 00:00:00,1.35,0,0,0,0,1
2017-01-25 00:00:00,1.45,0,0,0,0,0
2017-01-26 00:00:00,1.45,0,0,0,1,1
2017-01-27 00:00:00,1.6,0,0,0,1,1
2017-01-30 00:00:00,1.45,1,1,1,1,0
2017-01-31 00:00:00,1.4,0,1,1,1,0
2017-02-01 00:00:00,1.3,0,0,0,1,1
2017-02-02 00:00:00,1.25,0,0,0,1,1
2017-02-03 00:00:00,1.45,0,0,0,0,0
2017-02-06 00:00:00,1.5,0,0,0,1,1
2017-02-07 00:00:00,1.4,0,0,0,0,1
2017-02-08 00:00:00,1.4,0,0,0,1,1
2017-02-09 00:00:00,1.65,0,0,0,0,0
2017-02-10 00:00:00,1.65,0,0,0,0,0
2017-02-13 00:00:00,1.65,0,0,0,0,0
2017-02-14 00:00:00,1.12,0,0,0,1,1
2017-02-15 00:00:00,1.15,0,0,0,1,1
2017-02-16 00:00:00,1.2,0,1,1,1,0
2017-02-17 00:00:00,1.22,0,0,1,1,0
2017-02-21 00:00:00,1.35,0,0,0,0,0
2017-02-22 00:00:00,1.4,0,0,0,0,1
2017-02-23 00:00:00,1.7,0,0,0,1,1
2017-02-24 00:00:00,1.93,0,1,1,1,0
2017-02-27 00:00:00,1.85,0,0,0,0,1
2017-02-28 00:00:00,1.8,0,0,1,1,0
2017-03-01 00:00:00,1.8,0,0,0,0,0
2017-03-02 00:00:00,1.75,0,0,1,1,1
2017-03-03 00:00:00,1.75,0,0,0,1,1
2017-03-06 00:00:00,1.75,0,1,1,1,0
2017-03-07 00:00:00,1.85,0,0,1,1,0
2017-03-08 00:00:00,1.75,0,0,0,0,1
2017-03-09 00:00:00,1.65,0,0,1,1,1
2017-03-10 00:00:00,1.67,0,0,0,0,1
2017-03-13 00:00:00,1.75,0,0,0,0,1
2017-03-14 00:00:00,1.45,1,1,1,1,0
2017-03-15 00:00:00,1.45,0,0,0,0,0
2017-03-16 00:00:00,1.35,0,0,0,1,1
2017-03-17 00:00:00,1.5,0,0,0,1,1
2017-03-20 00:00:00,1.55,0,0,1,1,1
2017-03-21 00:00:00,1.6,1,1,1,1,1
2017-03-22 00:00:00,0.65,0,0,1,1,1
2017-03-23 00:00:00,0.5,0,0,0,0,1
2017-03-24 00:00:00,0.47,0,0,0,0,1
2017-03-27 00:00:00,0.5,1,1,1,1,0
2017-03-28 00:00:00,0.62,0,0,0,1,1
2017-03-29 00:00:00,0.6,0,0,0,0,1
2017-03-30 00:00:00,0.55,0,0,0,0,1
2017-03-31 00:00:00,0.3,0,0,0,1,1
2017-04-03 00:00:00,0.1,1,1,1,1,1
2017-04-04 00:00:00,0.15,0,0,1,1,1
2017-04-05 00:00:00,0.0,0,0,0,0,0
2017-04-06 00:00:00,-0.05,0,0,0,0,1
2017-04-07 00:00:00,-0.15,0,0,0,1,1
2017-04-10 00:00:00,-0.7,0,0,0,0,1
2017-04-11 00:00:00,-1.45,0,1,1,1,0
2017-04-12 00:00:00,-1.35,0,0,1,1,0
2017-04-13 00:00:00,-1.1,0,0,0,1,1
2017-04-17 00:00:00,-0.75,0,0,0,0,0
2017-04-18 00:00:00,-0.4,0,0,1,1,0
2017-04-19 00:00:00,-0.05,0,0,0,0,1
2017-04-20 00:00:00,0.0,0,0,0,0,0
2017-04-21 00:00:00,-0.1,0,0,1,1,1
2017-04-24 00:00:00,0.65,0,0,0,0,0
2017-04-25 00:00:00,0.65,0,0,0,0,0
2017-04-26 00:00:00,0.8,0,0,0,0,1
2017-04-27 00:00:00,0.75,0,0,0,0,1
2017-04-28 00:00:00,0.85,0,0,0,1,1
2017-05-01 00:00:00,0.8,0,0,0,0,0
2017-05-02 00:00:00,1.0,0,0,0,1,1
2017-05-03 00:00:00,0.9,0,0,1,1,0
2017-05-04 00:00:00,0.95,0,0,0,1,1
2017-05-05 00:00:00,0.9,0,0,0,0,1
2017-05-08 00:00:00,1.05,0,0,1,1,1
2017-05-09 00:00:00,1.05,0,0,0,0,1
2017-05-10 00:00:00,0.95,0,0,0,1,1
2017-05-11 00:00:00,1.2,1,1,1,1,0
2017-05-12 00:00:00,1.2,0,0,0,1,1
2017-05-15 00:00:00,1.35,0,0,0,0,0
2017-05-16 00:00:00,1.0,0,0,0,1,1
2017-05-17 00:00:00,0.4,1,1,1,1,0
2017-05-18 00:00:00,0.3,0,0,0,1,1
2017-05-19 00:00:00,0.75,0,0,0,0,0
2017-05-22 00:00:00,0.95,0,0,0,0,0
2017-05-23 00:00:00,1.0,0,0,0,0,1
2017-05-24 00:00:00,1.0,0,0,0,0,1
2017-05-25 00:00:00,1.0,0,0,0,0,0
2017-05-26 00:00:00,1.0,0,0,0,1,1
2017-05-30 00:00:00,0.9,0,0,0,1,1
2017-05-31 00:00:00,0.85,0,0,1,1,1
2017-06-01 00:00:00,0.8,0,0,0,0,0
2017-06-02 00:00:00,0.9,0,0,0,0,1
2017-06-05 00:00:00,0.85,0,0,0,1,1
2017-06-06 00:00:00,0.85,0,0,0,1,1
2017-06-07 00:00:00,0.85,0,0,0,1,1
2017-06-08 00:00:00,0.9,0,0,0,1,1
2017-06-09 00:00:00,0.85,1,1,1,1,1
2017-06-12 00:00:00,0.8,0,0,1,1,0
2017-06-13 00:00:00,0.85,0,0,0,0,0
2017-06-14 00:00:00,0.8,0,0,1,1,1
2017-06-15 00:00:00,0.9,1,1,1,1,0
2017-06-16 00:00:00,1.0,0,0,1,1,1
2017-06-19 00:00:00,1.25,0,0,0,0,0
2017-06-20 00:00:00,0.95,0,0,1,1,0
2017-06-21 00:00:00,0.65,0,0,1,1,1
2017-06-22 00:00:00,0.75,0,0,0,0,1
2017-06-23 00:00:00,0.75,0,0,0,0,1
2017-06-26 00:00:00,0.75,0,0,0,0,1
2017-06-27 00:00:00,0.65,1,1,1,1,1
2017-06-28 00:00:00,0.8,0,0,0,0,0
2017-06-29 00:00:00,0.6,1,1,1,1,1
2017-06-30 00:00:00,0.35,0,0,0,0,1
2017-07-03 00:00:00,0.4,0,0,0,0,0
2017-07-05 00:00:00,0.6,0,0,0,1,1
2017-07-06 00:00:00,0.4,1,1,1,1,0
2017-07-07 00:00:00,0.5,0,0,0,0,0
2017-07-10 00:00:00,0.6,0,0,0,0,1
2017-07-11 00:00:00,0.55,0,1,1,1,1
2017-07-12 00:00:00,0.9,0,0,0,0,0
2017-07-13 00:00:00,1.3,0,0,0,0,1
2017-07-14 00:00:00,1.45,0,0,0,0,1
2017-07-17 00:00:00,1.65,0,0,0,0,1
2017-07-18 00:00:00,1.65,0,0,1,1,0
2017-07-19 00:00:00,1.2,0,0,0,0,0
2017-07-20 00:00:00,1.25,0,0,0,1,1
2017-07-21 00:00:00,1.3,0,0,1,1,1
2017-07-24 00:00:00,1.2,0,0,0,1,1
2017-07-25 00:00:00,1.4,0,0,0,0,0
2017-07-26 00:00:00,1.35,0,0,0,0,1
2017-07-27 00:00:00,1.2,1,1,1,1,1
2017-07-28 00:00:00,1.25,0,0,1,1,0
2017-07-31 00:00:00,1.2,0,0,0,1,1
2017-08-01 00:00:00,1.2,0,0,0,0,1
2017-08-02 00:00:00,1.35,0,0,1,1,1
2017-08-03 00:00:00,1.4,0,0,0,1,1
2017-08-04 00:00:00,1.5,0,0,0,0,1
2017-08-07 00:00:00,1.45,0,0,0,0,0
2017-08-08 00:00:00,1.4,0,0,0,1,1
2017-08-09 00:00:00,1.35,0,1,1,1,0
2017-08-10 00:00:00,-0.35,1,1,1,1,0
2017-08-11 00:00:00,-0.15,0,0,0,0,1
2017-08-14 00:00:00,0.73,0,0,0,0,0
2017-08-15 00:00:00,0.85,0,0,0,0,1
2017-08-16 00:00:00,0.7,0,0,0,0,1
2017-08-17 00:00:00,0.1,1,1,1,1,0
2017-08-18 00:00:00,0.15,0,0,0,1,1
2017-08-21 00:00:00,0.5,0,0,1,1,1
2017-08-22 00:00:00,0.7,0,0,0,0,0
2017-08-23 00:00:00,0.6,0,1,1,1,0
2017-08-24 00:00:00,0.7,0,0,0,1,1
2017-08-25 00:00:00,0.95,0,0,0,0,0
