Date,Symbol,Open,High,Low,Close,Volume ETH,Volume USDT
2019-08-29,ETHUSDT,173.03,173.5,166.14,168.92,129556.57,21984804.82
2019-08-28,ETHUSDT,187.24,188.25,166.48,173.03,310652.09,55302425.27
2019-08-27,ETHUSDT,188.67,189.49,184.75,187.24,151685.35,28352312.68
2019-08-26,ETHUSDT,186.54,193.7,186,188.67,239138.62,45398330.11
2019-08-25,ETHUSDT,190.6,192.4,182.8,186.54,161329.18,30335644.16
2019-08-24,ETHUSDT,194.02,194.09,185.63,190.6,160347.74,30376792.7
2019-08-23,ETHUSDT,190.35,196.19,188.16,194.02,184607.56,35496408.13
2019-08-22,ETHUSDT,187.45,195.14,182.8,190.35,235248.89,44470719.79
2019-08-21,ETHUSDT,196.6,197.2,179.53,187.45,272790.2,51147312.61
2019-08-20,ETHUSDT,202.28,202.75,194.45,196.6,182698.67,36108993.49
2019-08-19,ETHUSDT,194.33,203.59,192.7,202.28,227767.43,45335821.49
2019-08-18,ETHUSDT,185.59,197.91,183.35,194.33,167642.42,32170746.08
2019-08-17,ETHUSDT,184.88,187,181.83,185.59,133031.38,24536347.33
2019-08-16,ETHUSDT,188.03,188.39,178.04,184.88,266677.79,49099025.49
2019-08-15,ETHUSDT,187.1,189.95,181.23,188.03,227061.95,42159161.36
2019-08-14,ETHUSDT,209.3,209.9,183.49,187.1,303096.75,59313621.96
2019-08-13,ETHUSDT,211.41,214.3,204,209.3,160581.72,33540267.5
2019-08-12,ETHUSDT,216.42,216.81,209.75,211.41,118019.79,25084874.56
2019-08-11,ETHUSDT,206.48,216.94,206.14,216.42,181226.33,38340043.64
2019-08-10,ETHUSDT,210.53,215,202.6,206.48,238814.18,49672833.39
2019-08-09,ETHUSDT,221.39,221.79,207.3,210.53,222126.62,47305932.95
2019-08-08,ETHUSDT,226.1,228.5,215.51,221.39,227302.75,50605328.79
2019-08-07,ETHUSDT,226.28,231.25,220.95,226.1,266654.97,60324416.2
2019-08-06,ETHUSDT,233.54,239.15,223.03,226.28,321598.75,74057470.81
2019-08-05,ETHUSDT,221.79,236.25,221.79,233.54,293028.62,67519115.44
2019-08-04,ETHUSDT,222.14,223.34,216.9,221.79,129252.63,28434538.95
2019-08-03,ETHUSDT,217.61,224.51,216.62,222.14,173091.61,38402414.61
2019-08-02,ETHUSDT,216.84,222.18,214.31,217.61,197378.6,43048711.84
2019-08-01,ETHUSDT,218.42,219.39,210.54,216.84,178367.73,38245768.5
2019-07-31,ETHUSDT,209.58,218.79,209.2,218.42,199072.03,42667260.47
2019-07-30,ETHUSDT,210.89,214.36,204.4,209.58,213617.67,44727001.37
2019-07-29,ETHUSDT,211.62,215.83,206.59,210.89,215871.37,45520537.27
2019-07-28,ETHUSDT,207.3,213.52,198.24,211.62,206493.53,42875063.52
2019-07-27,ETHUSDT,218.81,223.3,203,207.3,249914.53,53195918.15
2019-07-26,ETHUSDT,219.14,220,212.71,218.81,146879.47,31820101.61
2019-07-25,ETHUSDT,216.31,225.12,215.23,219.14,268128.71,59309595.05
2019-07-24,ETHUSDT,212.48,218.28,202,216.31,312744.21,65437569.67
2019-07-23,ETHUSDT,217.51,219.55,208.36,212.48,304107.35,64989471.6
2019-07-22,ETHUSDT,225.38,228.34,212.25,217.51,257250.37,56520639.97
2019-07-21,ETHUSDT,228.2,229.66,216.99,225.38,256533.09,57404562.62
2019-07-20,ETHUSDT,220.73,235.09,219.78,228.2,308327.14,70282478.12
2019-07-19,ETHUSDT,225.73,226.23,212.52,220.73,352958.87,77505331.06
2019-07-18,ETHUSDT,210.81,229.65,205.71,225.73,571266.02,124404066.32
2019-07-17,ETHUSDT,198.88,219.86,191.84,210.81,654709.37,134755146.71
2019-07-16,ETHUSDT,228.2,234.5,192.25,198.88,663570.16,140583678.74
2019-07-15,ETHUSDT,225.85,235.58,203.08,228.2,670890.89,149789944.36
2019-07-14,ETHUSDT,268.79,269.74,222.81,225.85,502671.46,121763826.45
2019-07-13,ETHUSDT,274.62,275.04,262.2,268.79,198264.43,53259075.95
2019-07-12,ETHUSDT,268.63,278.99,266.21,274.62,256330.2,69911493.67
2019-07-11,ETHUSDT,289.23,289.23,262.12,268.63,474546.14,129123265.52
2019-07-10,ETHUSDT,307.46,314.18,281.04,289.23,426352.56,126707112.96
2019-07-09,ETHUSDT,311.97,318.19,302.69,307.46,293889.15,91372097.21
2019-07-08,ETHUSDT,304.72,313.74,300.78,311.97,276935.54,84993677.27
2019-07-07,ETHUSDT,288.29,309.69,284.25,304.72,234700.54,69775331.55
2019-07-06,ETHUSDT,287.47,296.71,285.28,288.29,187774.35,54720578.82
2019-07-05,ETHUSDT,282.73,294.89,280.78,287.47,250185.73,72016394.82
2019-07-04,ETHUSDT,301.14,302.74,280.53,282.73,260304.47,76437831.66
2019-07-03,ETHUSDT,291.48,302.89,285,301.14,352625.41,103982010.48
2019-07-02,ETHUSDT,295.07,297.57,272.65,291.48,465832.98,132109017.5
2019-07-01,ETHUSDT,292.7,303.49,280.13,295.07,463938.62,135354542.12
2019-06-30,ETHUSDT,317.62,323.5,290.12,292.7,461046.98,141003992.51
2019-06-29,ETHUSDT,311.05,324.74,295.18,317.62,402767.82,123440854.21
2019-06-28,ETHUSDT,298.35,313.58,295.22,311.05,502865.27,153795315.07
2019-06-27,ETHUSDT,339.39,347,280.01,298.35,934508.88,289763401.82
2019-06-26,ETHUSDT,318.26,366.8,315.57,339.39,928398.83,314357805.8
2019-06-25,ETHUSDT,311.64,318.99,307,318.26,329610.54,103150282.91
2019-06-24,ETHUSDT,308.52,314.41,298,311.64,334998.3,102980309.57
2019-06-23,ETHUSDT,310.79,321.7,305.58,308.52,395975.5,124093261.72
2019-06-22,ETHUSDT,294.35,314.39,289.69,310.79,680609.92,208097061.83
2019-06-21,ETHUSDT,271.22,295.94,271.22,294.35,492090.84,140711190.41
2019-06-20,ETHUSDT,268.14,273.63,265.71,271.22,192912.37,51897585.89
2019-06-19,ETHUSDT,264.66,270,263.59,268.14,201877.83,53930369.85
2019-06-18,ETHUSDT,273.16,273.58,261.45,264.66,307979.42,82147010.91
2019-06-17,ETHUSDT,267.73,276,266.81,273.16,324304.43,87754219.97
2019-06-16,ETHUSDT,267.82,277.06,263.31,267.73,435193.89,117639745.24
2019-06-15,ETHUSDT,262.47,272.27,260.61,267.82,274346.73,72796065.62
2019-06-14,ETHUSDT,254.67,264.26,251.75,262.47,313274.0,80418266.35
2019-06-13,ETHUSDT,261.15,262.98,253.69,254.67,278574.88,72040235.02
2019-06-12,ETHUSDT,244.29,261.87,242.2,261.15,319093.14,80270999.76
2019-06-11,ETHUSDT,246.51,247.8,236.49,244.29,225111.94,54553406.5
2019-06-10,ETHUSDT,230.98,247.45,227.03,246.51,300548.17,71716174.55
2019-06-09,ETHUSDT,243.25,244.53,226.56,230.98,302409.55,71183674.1
2019-06-08,ETHUSDT,248.77,250.53,240.37,243.25,181441.59,44575400.24
2019-06-07,ETHUSDT,248.76,253.28,243.46,248.77,337098.73,83605214.47
2019-06-06,ETHUSDT,245.63,250.66,235.01,248.76,284787.38,69305545.99
2019-06-05,ETHUSDT,241.39,250.41,237.37,245.63,320776.63,78146606.64
2019-06-04,ETHUSDT,249.91,251.67,234.39,241.39,598339.96,146070179.86
2019-06-03,ETHUSDT,268.88,270,248,249.91,375159.23,97854037.32
2019-06-02,ETHUSDT,264.33,273.2,263.2,268.88,290396.08,77963813.46
2019-06-01,ETHUSDT,267.9,275.5,260.68,264.33,435412.03,116425538.22
2019-05-31,ETHUSDT,254.56,268.72,245.21,267.9,571685.2,146963771.85
2019-05-30,ETHUSDT,268.83,288.62,240.14,254.56,996943.91,271192857.66
2019-05-29,ETHUSDT,271.03,274.04,260.05,268.83,367332.14,98559583.63
2019-05-28,ETHUSDT,270.53,275.95,264.45,271.03,390994.62,105636012.75
2019-05-27,ETHUSDT,264.45,279.59,260,270.53,598629.89,160364493.78
2019-05-26,ETHUSDT,250.22,269.4,245.11,264.45,425088.84,108659658.8
2019-05-25,ETHUSDT,248.87,257.33,247.22,250.22,317334.87,79830875.09
2019-05-24,ETHUSDT,244.56,254.35,241.54,248.87,425752.52,105984404.53
2019-05-23,ETHUSDT,243.64,247.34,231.1,244.56,570566.98,136949164.01
2019-05-22,ETHUSDT,253.43,260.18,239.63,243.64,560424.11,140901929.46
2019-05-21,ETHUSDT,250.37,262,246.06,253.43,549614.28,138984555.5
2019-05-20,ETHUSDT,259.51,259.51,238,250.37,628106.82,156144015.35
2019-05-19,ETHUSDT,233.6,264,231.77,259.51,775107.93,195130388.34
2019-05-18,ETHUSDT,244.3,248,230.62,233.6,638392.93,152141882.64
2019-05-17,ETHUSDT,264.25,268.74,223.43,244.3,1412755.02,338397458.1
2019-05-16,ETHUSDT,248.1,279.76,241.76,264.25,1605154.01,418925215.37
2019-05-15,ETHUSDT,216.4,250.27,216.21,248.1,543747.95,127761384.96
2019-05-14,ETHUSDT,195.84,219.81,194.19,216.4,822230.4,170977066.74
2019-05-13,ETHUSDT,188.11,206.87,185.32,195.84,633515.79,124079501.12
2019-05-12,ETHUSDT,190.2,204.32,181,188.11,782428.2,149765628.2
2019-05-11,ETHUSDT,172.91,205.23,172.91,190.2,838324.58,158238317.55
2019-05-10,ETHUSDT,170.9,176.7,168.46,172.91,404385.64,70053126.38
2019-05-09,ETHUSDT,170.85,173.88,166.57,170.9,275275.41,46883196.58
2019-05-08,ETHUSDT,169.18,173.17,164.8,170.85,284442.28,48281293.85
2019-05-07,ETHUSDT,173,182.76,172.96,178.67,327985.85,58777474.25
2019-05-06,ETHUSDT,163.05,178.05,157.55,173,481434.62,81841271.72
2019-05-05,ETHUSDT,163.7,165.36,159.18,163.05,170740.8,27800461.6
2019-05-04,ETHUSDT,168.06,171.3,159.76,163.7,301510.19,49718164.78
2019-05-03,ETHUSDT,161.81,170.86,160.99,168.06,398708.66,66245699.88
2019-05-02,ETHUSDT,160.19,163.48,158.5,161.81,271007.14,43722606.95
2019-05-01,ETHUSDT,161.83,163.88,158.36,160.19,185963.47,29910233.69
2019-04-30,ETHUSDT,155.11,162.89,155.11,161.83,289299.73,45851815.55
2019-04-29,ETHUSDT,157.85,159.05,152,155.11,232970.11,36243415.98
2019-04-28,ETHUSDT,159.31,160.24,156.92,157.85,148389.69,23576134.31
2019-04-27,ETHUSDT,157.95,166.24,156.35,159.31,205087.38,32559965.37
2019-04-26,ETHUSDT,154.72,162.56,151.4,157.95,478380.47,74893642.58
2019-04-25,ETHUSDT,164.78,165.49,150.35,154.72,396860.05,63279559.92
2019-04-24,ETHUSDT,169.16,169.87,159.26,164.78,398770.06,65535958.61
2019-04-23,ETHUSDT,170.52,175.83,167.78,169.16,348596.28,60208699.74
2019-04-22,ETHUSDT,168.59,172.3,167,170.52,258633.4,43924987.34
2019-04-21,ETHUSDT,172.88,173.48,164.82,168.59,272700.3,45975478.72
2019-04-20,ETHUSDT,172.64,176.97,169.87,172.88,244125.65,42297879.68
2019-04-19,ETHUSDT,173.33,173.55,168.59,172.64,306420.83,52574577.89
2019-04-18,ETHUSDT,165.75,175.2,165.04,173.33,380670.34,65383225.63
2019-04-17,ETHUSDT,165.37,167.28,163.78,165.75,222195.94,36744478.51
2019-04-16,ETHUSDT,159.95,166.73,159.41,165.37,231611.35,37813747.09
2019-04-15,ETHUSDT,167.23,168.81,155.7,159.95,333489.91,54304236.02
2019-04-14,ETHUSDT,162.99,168.11,161.2,167.23,179893.01,29476496.26
2019-04-13,ETHUSDT,163.19,165.37,160.74,162.99,174739.39,28513596.81
2019-04-12,ETHUSDT,164.07,166.5,158.11,163.19,302904.32,49368706.84
2019-04-11,ETHUSDT,177.12,177.48,158.27,164.07,625407.28,104222268.32
2019-04-10,ETHUSDT,174.6,183.77,168,177.12,493411.54,87872245.28
2019-04-09,ETHUSDT,178.72,179.17,171.05,174.6,413283.0,72468123.3
2019-04-08,ETHUSDT,174.21,185.87,170.9,178.72,819037.59,146669508.53
2019-04-07,ETHUSDT,165.5,175.43,164.06,174.21,443134.62,75055749.13
2019-04-06,ETHUSDT,164.77,172.77,159.2,165.5,500119.67,82997021.28
2019-04-05,ETHUSDT,157.36,167.83,155.94,164.77,490801.39,79991807.66
2019-04-04,ETHUSDT,159.96,164,152.8,157.36,648967.18,103191872.13
2019-04-03,ETHUSDT,163.31,177.81,149.23,159.96,1252219.86,210053544.86
2019-04-02,ETHUSDT,141.24,165.6,141,163.31,846585.0,128934933.45
2019-04-01,ETHUSDT,141.38,143.08,139.57,141.24,223762.77,31742218.16
2019-03-19,ETHUSDT,137.59,139.38,137.4,138.51,16554.75,2292351.92
2019-03-18,ETHUSDT,138.67,142.01,136.1,137.59,269960.63,37388751.61
2019-03-17,ETHUSDT,140.92,141.07,137.2,138.67,243751.46,33810339.18
2019-03-16,ETHUSDT,136.56,144.47,136.51,140.92,453927.3,63956213.46
2019-03-15,ETHUSDT,132.2,137.62,132.18,136.56,284559.3,38405064.95
2019-03-14,ETHUSDT,131.65,135.11,128.52,132.2,244481.31,32261843.32
2019-03-13,ETHUSDT,133.57,133.65,130.58,131.65,203747.19,26917278.66
2019-03-12,ETHUSDT,132.67,135.3,130.77,133.57,189928.44,25317861.86
2019-03-11,ETHUSDT,135.37,136.15,131,132.67,255192.92,34033771.83
2019-03-10,ETHUSDT,137.27,137.5,134,135.37,197622.02,26791871.58
2019-03-09,ETHUSDT,133.52,138.65,132.93,137.27,270223.63,36904281.93
2019-03-08,ETHUSDT,136.81,139.34,130.62,133.52,318426.73,43271609.48
2019-03-07,ETHUSDT,137.4,140.2,135.2,136.81,298138.13,41005934.74
2019-03-06,ETHUSDT,136.72,140.29,133.33,137.4,413153.82,56554449.54
2019-03-05,ETHUSDT,125.65,137.84,125.19,136.72,487684.28,64429400.96
2019-03-04,ETHUSDT,130.6,131.11,122.6,125.65,388233.46,49075206.9
2019-03-03,ETHUSDT,132.56,134.6,128.01,130.6,214395.32,28385122.26
2019-03-02,ETHUSDT,135.32,136.12,130.03,132.56,284885.36,37860493.28
2019-03-01,ETHUSDT,135.34,137.95,134.9,135.32,294617.26,40108254.79
2019-02-28,ETHUSDT,135.02,139,132.1,135.34,549077.25,74748160.56
2019-02-27,ETHUSDT,136.22,140.29,126.84,135.02,532294.65,71858506.04
2019-02-26,ETHUSDT,137.87,138.41,133.72,136.22,419879.87,57203847.83
2019-02-25,ETHUSDT,132.1,141.55,131.89,137.87,762621.96,105054197.62
2019-02-24,ETHUSDT,157.79,166,131.7,132.1,1173895.04,173971331.16
2019-02-23,ETHUSDT,147.36,159.6,145.78,157.79,552142.23,84441877.71
2019-02-22,ETHUSDT,145.69,148.85,143.85,147.36,352537.68,51758020.19
2019-02-21,ETHUSDT,148.44,149.61,142.7,145.69,428932.11,62510331.77
2019-02-20,ETHUSDT,143.44,149.52,139.6,148.44,588547.04,85394629.4
2019-02-19,ETHUSDT,145.69,150,142.36,143.44,716620.19,105048109.17
2019-02-18,ETHUSDT,133.75,148.3,132.42,145.69,1018358.52,144041425.95
2019-02-17,ETHUSDT,122.67,135.61,122.43,133.75,578655.28,74301363.41
2019-02-16,ETHUSDT,121.67,124.99,121.54,122.67,208812.27,25661641.61
2019-02-15,ETHUSDT,120.42,124.25,120.19,121.67,246551.78,30045040.64
2019-02-14,ETHUSDT,121.86,124.5,120.1,120.42,288712.99,35241578.92
2019-02-13,ETHUSDT,122.41,126.47,120.7,121.86,306292.7,37650250.21
2019-02-12,ETHUSDT,120.89,123.89,118.18,122.41,328240.98,39726476.21
2019-02-11,ETHUSDT,125.12,125.28,119.24,120.89,374239.99,45357750.41
2019-02-10,ETHUSDT,119.19,126.49,115.81,125.12,369493.16,43970178.66
2019-02-09,ETHUSDT,119.25,121.99,117.64,119.19,317901.46,37849813.12
2019-02-08,ETHUSDT,104.48,123,103.41,119.25,513614.08,58532663.46
2019-02-07,ETHUSDT,104.5,106.18,103.82,104.48,143475.28,15061423.23
2019-02-06,ETHUSDT,107.27,107.83,101.21,104.5,304451.29,31562679.09
2019-02-05,ETHUSDT,107.68,108.18,106.47,107.27,155416.93,16674655.74
2019-02-04,ETHUSDT,107.36,109.3,106.57,107.68,156144.36,16805424.86
2019-02-03,ETHUSDT,110.42,111.11,105.82,107.36,220307.84,23859078.66
2019-02-02,ETHUSDT,106.73,111.15,106.07,110.42,181610.41,19579739.3
2019-02-01,ETHUSDT,106.44,108.35,103.77,106.73,233408.07,24760296.69
2019-01-31,ETHUSDT,108.29,110.61,105.46,106.44,280771.28,30173365.86
2019-01-30,ETHUSDT,104.45,109.8,103.45,108.29,308882.14,32999317.17
2019-01-29,ETHUSDT,105.5,106.61,102.22,104.45,309523.07,32356667.59
2019-01-28,ETHUSDT,112.05,112.87,100.91,105.5,526329.85,55812354.99
2019-01-27,ETHUSDT,115.34,116.15,111.04,112.05,227866.28,25941266.05
2019-01-26,ETHUSDT,115.11,117.99,115,115.34,139650.09,16212122.43
2019-01-25,ETHUSDT,116.39,117.5,114.3,115.11,188288.1,21781715.15
2019-01-24,ETHUSDT,116.44,117.15,113.61,116.39,204535.93,23693155.19
2019-01-23,ETHUSDT,117.81,118.95,114.8,116.44,220450.49,25829226.21
2019-01-22,ETHUSDT,115.63,119.49,111.39,117.81,324596.71,37770201.94
2019-01-21,ETHUSDT,117.47,118.5,113.63,115.63,283646.05,32941812.33
2019-01-20,ETHUSDT,122.6,123.32,115.68,117.47,411599.0,49043585.67
2019-01-19,ETHUSDT,119.17,125.25,119.14,122.6,294209.81,36138447.55
2019-01-18,ETHUSDT,121.54,121.98,117.66,119.17,224792.97,27006438.12
2019-01-17,ETHUSDT,121.48,122.99,116.84,121.54,413731.16,49798552.84
2019-01-16,ETHUSDT,118.95,126.88,118.52,121.48,467223.0,56674507.85
2019-01-15,ETHUSDT,126.95,129.4,116,118.95,558037.46,68861399.74
2019-01-14,ETHUSDT,114.16,130.05,113.94,126.95,491088.87,59991355.79
2019-01-13,ETHUSDT,123.35,124.25,111.87,114.16,367497.8,43055273.91
2019-01-12,ETHUSDT,124.65,126.19,122,123.35,284758.35,35369276.62
2019-01-11,ETHUSDT,124.95,127.36,120.08,124.65,510011.77,63426826.32
2019-01-10,ETHUSDT,148.1,149.45,121,124.95,737281.35,96721035.88
2019-01-09,ETHUSDT,147.6,151.5,146.77,148.1,280727.61,41874363.76
2019-01-08,ETHUSDT,149.34,151.65,145.2,147.6,417257.04,61917814.09
2019-01-07,ETHUSDT,153.86,155.48,147.86,149.34,399397.83,60478414.33
2019-01-06,ETHUSDT,152.83,157.4,147.51,153.86,586109.49,89301175.09
2019-01-05,ETHUSDT,151.97,159.26,151.81,152.83,720059.24,111984803.24
2019-01-04,ETHUSDT,146.3,154.8,143.54,151.97,759791.62,114004802.01
2019-01-03,ETHUSDT,152.01,153.64,143.11,146.3,664311.93,98481947.57
2019-01-02,ETHUSDT,139.1,155.37,137.76,152.01,875284.94,129041158.2
2019-01-01,ETHUSDT,131.45,140.67,130,139.1,382270.09,51631680.56
2018-12-31,ETHUSDT,137.77,138.66,128.7,131.45,452868.88,60556389.23
2018-12-30,ETHUSDT,132.89,139,128.3,137.77,644708.07,86850368.19
2018-12-29,ETHUSDT,135.3,145.42,129,132.89,910866.09,123481087.43
2018-12-28,ETHUSDT,113.8,136.66,111.87,135.3,811242.99,101280995.37
2018-12-27,ETHUSDT,129.35,131.09,111.22,113.8,679138.14,81861611.19
2018-12-26,ETHUSDT,127.6,135.32,122.51,129.35,751076.22,96550544.46
2018-12-25,ETHUSDT,138.03,139.26,120.37,127.6,1000117.23,126961683.08
2018-12-24,ETHUSDT,129.03,157.67,128.8,138.03,1194725.32,172140999.98
2018-12-23,ETHUSDT,115.2,131.94,114.91,129.03,879356.6,111109777.66
2018-12-22,ETHUSDT,107.69,115.5,105.38,115.2,389920.99,43067512.48
2018-12-21,ETHUSDT,114.05,118,104.76,107.69,637592.55,71326222.43
2018-12-20,ETHUSDT,98.74,116,97.88,114.05,793665.68,85891037.85
2018-12-19,ETHUSDT,100.39,107.55,97.75,98.74,786027.14,80572440.26
2018-12-18,ETHUSDT,94.02,101.3,91.34,100.39,506653.83,47972537.01
2018-12-17,ETHUSDT,84.67,97,84.4,94.02,443502.42,40351559.51
2018-12-16,ETHUSDT,83.76,87.64,83.73,84.67,234099.94,20158259.79
2018-12-15,ETHUSDT,83.82,85,81.79,83.76,210208.57,17573565.9
2018-12-14,ETHUSDT,86.34,87.25,82.2,83.82,304974.91,25941047.9
2018-12-13,ETHUSDT,89.41,90.71,84.71,86.34,318802.11,28001629.62
2018-12-12,ETHUSDT,87.76,91.31,86.63,89.41,271583.4,24264019.93
2018-12-11,ETHUSDT,89.91,91.65,85.83,88.05,322200.97,28486590.67
2018-12-10,ETHUSDT,93.26,95.21,88.11,89.91,393110.01,35770475.16
2018-12-09,ETHUSDT,90.38,98.69,88.63,93.26,495185.9,46164705.61
2018-12-08,ETHUSDT,93.05,98,84.55,90.38,658502.09,59633460.56
2018-12-07,ETHUSDT,91,96.9,82.07,93.05,960230.81,84299773.38
2018-12-06,ETHUSDT,102.71,104.68,90.2,91,553805.57,54922337.22
2018-12-05,ETHUSDT,109.94,110.58,102.38,102.71,337732.86,35789009.41
2018-12-04,ETHUSDT,108.76,113.2,106,109.94,264242.12,29146430.81
2018-12-03,ETHUSDT,116.57,116.96,106.7,108.76,295557.21,32974833.18
2018-12-02,ETHUSDT,118.1,120.73,116,116.57,262267.01,30841332.26
2018-12-01,ETHUSDT,113.73,120.8,111.35,118.1,315394.2,36879893.31
2018-11-30,ETHUSDT,117.98,120.26,111.09,113.98,393584.41,45488021.57
2018-11-29,ETHUSDT,122.9,124,114.78,117.98,456872.9,54528735.51
2018-11-28,ETHUSDT,111.43,126.8,111.37,122.9,546321.26,64645229.35
2018-11-27,ETHUSDT,110.68,114.31,102.36,111.43,499649.64,54010413.02
2018-11-26,ETHUSDT,118.67,121.5,106.41,110.68,645740.39,73396710.63
2018-11-25,ETHUSDT,114.89,122.35,102.95,118.67,783706.16,87814063.2
2018-11-24,ETHUSDT,125.02,130.81,112.32,114.89,446989.17,54348206.09
2018-11-23,ETHUSDT,126.63,128.9,118.56,125.02,481206.94,59783902.28
2018-11-22,ETHUSDT,138.23,140.4,125.64,126.63,319981.91,42880311.09
2018-11-21,ETHUSDT,133.82,142.01,127.15,138.23,678840.37,92373362.29
2018-11-20,ETHUSDT,150.81,154.7,126.95,133.82,928397.06,129725910.38
2018-11-19,ETHUSDT,178.97,179.33,146.47,150.81,560763.51,88914823.36
2018-11-18,ETHUSDT,176.2,182.94,176.1,178.97,136560.48,24335702.52
2018-11-17,ETHUSDT,176.89,177.91,173.94,176.2,141099.68,24801410.44
2018-11-16,ETHUSDT,184.35,185,173,176.89,232801.12,41851464.58
2018-11-15,ETHUSDT,187.43,190,170.99,184.35,424939.96,76723206.23
2018-11-14,ETHUSDT,209.84,210.3,176.16,187.43,399233.32,75871137.86
2018-11-13,ETHUSDT,212.89,213.8,209.2,209.84,109955.1,23224602.88
2018-11-12,ETHUSDT,212.54,214.22,210.9,212.89,97559.56,20760128.31
2018-11-11,ETHUSDT,213.25,213.99,209,212.54,132055.09,27984519.24
2018-11-10,ETHUSDT,210.77,215.55,209.02,213.25,127911.01,27278588.9
2018-11-09,ETHUSDT,212.79,215.51,209.1,210.77,147757.07,31364152.3
2018-11-08,ETHUSDT,219.07,220.78,212.49,212.79,182796.09,39417547.5
2018-11-07,ETHUSDT,220.74,224.8,217.01,219.07,193865.4,42802125.25
2018-11-06,ETHUSDT,210.66,221.25,209.11,220.74,188150.44,40454250.05
2018-11-05,ETHUSDT,212.11,213.39,207.62,210.66,135891.54,28548934.46
2018-11-04,ETHUSDT,200.31,218.76,199,212.11,169609.52,35256636.65
2018-11-03,ETHUSDT,202.35,202.69,198.59,200.31,69116.87,13861832.63
2018-11-02,ETHUSDT,199.96,203.74,199.34,202.35,94356.05,19001504.78
2018-11-01,ETHUSDT,198.73,200.95,197.88,199.96,83850.89,16669489.27
2018-10-31,ETHUSDT,197.27,201.45,193.01,198.73,107451.29,21199830.24
2018-10-30,ETHUSDT,196.96,198.6,195.91,197.27,81801.72,16139903.69
2018-10-29,ETHUSDT,204.99,205.49,195.28,196.96,110535.1,22126323.29
2018-10-28,ETHUSDT,204.45,205.94,203.62,204.99,42527.14,8702712.38
2018-10-27,ETHUSDT,204.92,206.15,203.09,204.45,48463.29,9918425.92
2018-10-26,ETHUSDT,203.93,209,203,204.92,84687.19,17376838.21
2018-10-25,ETHUSDT,205.35,205.94,202.88,203.93,75453.8,15421187.35
2018-10-24,ETHUSDT,205.85,207.95,204.73,205.35,95688.94,19751968.93
2018-10-23,ETHUSDT,206.67,207.8,202.14,205.85,110285.96,22640163.85
2018-10-22,ETHUSDT,207.49,209.3,205,206.67,203488.35,42181953.97
2018-10-21,ETHUSDT,207.91,211.99,206.74,207.49,81331.09,17053979.08
2018-10-20,ETHUSDT,205,209.69,203.57,207.91,60493.37,12545791.7
2018-10-19,ETHUSDT,206.24,208,204.21,205,252056.14,51921732.32
2018-10-18,ETHUSDT,212.85,215.3,203.53,206.24,145156.93,30505015.53
2018-10-17,ETHUSDT,215.09,216.99,210,212.85,150429.89,32121257.4
2018-10-16,ETHUSDT,214.45,214.45,211.88,211.88,0.0,0.0
2018-10-15,ETHUSDT,197.01,239,194.6,214.45,874047.69,190043960.07
2018-10-14,ETHUSDT,201.3,203.56,194.33,197.01,103556.5,20789448.93
2018-10-13,ETHUSDT,196.96,202.78,196.27,201.3,101534.96,20358230.51
2018-10-12,ETHUSDT,191.58,201.87,190.04,196.96,207122.02,40792467.42
2018-10-11,ETHUSDT,226.74,226.91,189.01,191.58,461196.58,93760176.48
2018-10-10,ETHUSDT,228.4,228.78,224.05,226.74,119128.26,26954045.2
2018-10-09,ETHUSDT,230.01,231.02,226.56,228.4,95854.17,21928625.81
2018-10-08,ETHUSDT,226.14,232.7,224.21,230.01,203767.93,46362935.91
2018-10-07,ETHUSDT,225.4,227.75,221.48,226.14,71433.33,16034555.14
2018-10-06,ETHUSDT,228.37,228.86,223.15,225.4,97002.16,21920037.76
2018-10-05,ETHUSDT,222.66,231.75,219.35,228.37,131902.26,29587633.78
2018-10-04,ETHUSDT,220.77,227.16,219.49,222.66,151074.79,33885146.78
2018-10-03,ETHUSDT,225.69,226.43,216.51,220.77,264093.31,58245669.11
2018-10-02,ETHUSDT,231.61,232.51,223.37,225.69,393201.71,89857825.8
2018-10-01,ETHUSDT,232.94,235.88,224.46,231.61,307991.88,70942014.05
2018-09-30,ETHUSDT,231.62,239,226.5,232.94,414889.97,96748059.35
2018-09-29,ETHUSDT,221.84,237.77,214.18,231.62,573152.85,130169197.88
2018-09-28,ETHUSDT,229.13,234.42,215.53,221.84,592337.68,133764869.69
2018-09-27,ETHUSDT,214.42,234,205.01,229.13,548645.94,120704728.15
2018-09-26,ETHUSDT,219.62,223.6,207.5,214.42,591959.81,127483700.12
2018-09-25,ETHUSDT,228.06,228.1,203.61,219.62,675494.76,144475121.91
2018-09-24,ETHUSDT,244.5,246.2,225.3,228.06,328703.5,77507760.34
2018-09-23,ETHUSDT,241.01,249.73,237,244.5,223990.55,54360826.06
2018-09-22,ETHUSDT,247.73,255.13,232.7,241.01,402535.27,97372330.88
2018-09-21,ETHUSDT,224,252.11,220.66,247.73,787214.96,182607782.03
2018-09-20,ETHUSDT,209.79,226.68,205.56,224,537211.72,113914706.26
2018-09-19,ETHUSDT,208.17,214.84,197.58,209.79,458824.68,95398316.41
2018-09-18,ETHUSDT,196.16,215.47,193.47,208.17,555115.59,112764734.48
2018-09-17,ETHUSDT,220.17,225,192.4,196.16,771469.36,161909769.13
2018-09-16,ETHUSDT,221.29,223.5,208.1,220.17,404926.48,87932496.06
2018-09-15,ETHUSDT,208.82,227.42,207.64,221.29,414372.7,90735598.32
2018-09-14,ETHUSDT,210.68,224.2,202.6,208.82,782999.44,166780835.3
2018-09-13,ETHUSDT,183.12,215,183.12,210.68,697923.17,138973034.74
2018-09-12,ETHUSDT,185.18,185.22,167.32,183.12,478662.45,83931614.23
2018-09-11,ETHUSDT,197.15,200.2,176.16,185.18,456493.89,86131069.59
2018-09-10,ETHUSDT,195.81,203.42,187.1,197.15,401805.8,78694914.15
2018-09-09,ETHUSDT,196.71,208.6,185.02,195.81,403671.56,79801821.08
2018-09-08,ETHUSDT,215.22,220.2,190.01,196.71,299224.7,61382183.23
2018-09-07,ETHUSDT,229.7,234.69,213.5,215.22,382602.31,85175275.66
2018-09-06,ETHUSDT,228.53,233.19,212,229.7,524304.75,118423809.5
2018-09-05,ETHUSDT,285.3,287.62,227,228.53,492772.52,127624585.16
2018-09-04,ETHUSDT,289.09,292.64,283,285.3,321777.84,92530460.14
2018-09-03,ETHUSDT,295.41,296.62,285.99,289.09,268798.95,77911680.38
2018-09-02,ETHUSDT,295.71,299.33,288.87,295.41,147208.34,43346740.99
2018-09-01,ETHUSDT,281.41,302,281.34,295.71,284085.67,82957203.76
2018-08-31,ETHUSDT,283.89,289,276.59,281.41,295189.14,82867511.33
2018-08-30,ETHUSDT,288.4,291,271.88,283.89,326622.75,91836800.39
2018-08-29,ETHUSDT,295.44,297,283.55,288.4,315449.7,91949406.6
2018-08-28,ETHUSDT,287.71,298,282.66,295.44,310448.26,89617814.38
2018-08-27,ETHUSDT,274.29,288.15,271.59,287.71,274974.02,76177626.13
2018-08-26,ETHUSDT,277.55,277.91,268.69,274.29,228054.4,62325873.51
2018-08-25,ETHUSDT,281.19,282.71,275.99,277.55,250108.67,69818726.74
2018-08-24,ETHUSDT,275.99,283.1,270.22,281.19,265949.76,73398534.5
2018-08-23,ETHUSDT,270.8,280.3,267.55,275.99,270689.7,74010793.25
2018-08-22,ETHUSDT,281.21,298.89,259.5,270.8,380193.31,106751365.55
2018-08-21,ETHUSDT,270.51,285.9,269.7,281.21,218925.38,60780860.94
2018-08-20,ETHUSDT,299.42,304.04,269.5,270.51,209521.99,60525293.51
2018-08-19,ETHUSDT,294.11,307.4,288.2,299.42,280974.27,83422061.46
2018-08-18,ETHUSDT,317.51,321.33,281.79,294.11,369542.51,111243619.55
2018-08-17,ETHUSDT,287.17,318,285,317.51,331656.85,99759112.9
2018-08-16,ETHUSDT,281.12,298.6,277.55,287.17,227935.8,65610035.69
2018-08-15,ETHUSDT,278.41,304.45,276.3,281.12,415659.13,119431248.18
2018-08-14,ETHUSDT,283.81,283.81,250,278.41,456778.25,120275950.84
2018-08-13,ETHUSDT,317.89,321.99,280.68,283.81,292633.55,89644898.31
2018-08-12,ETHUSDT,308.65,308.65,308.65,308.65,0.0,0.0
2018-08-11,ETHUSDT,331.81,332.98,306.36,308.65,154163.74,49126793.16
2018-08-10,ETHUSDT,363.3,365.87,325.95,331.81,254821.76,89891545.51
2018-08-09,ETHUSDT,355.48,369.9,350.51,363.3,238037.21,85883655.28
2018-08-08,ETHUSDT,378.21,380.42,347.25,355.48,261818.75,95586276.19
2018-08-07,ETHUSDT,405.28,412.76,369.19,378.21,199912.67,80006454.72
2018-08-06,ETHUSDT,408.79,413.28,399.77,405.28,159077.77,64767937.95
2018-08-05,ETHUSDT,407.21,413.24,400.16,408.79,156049.41,63430516.25
2018-08-04,ETHUSDT,417.52,419.53,401.86,407.21,175730.38,72254215.44
2018-08-03,ETHUSDT,410.62,420.01,396.61,417.52,195409.26,80094700.42
2018-08-02,ETHUSDT,420.2,424.73,407.43,410.62,161495.74,66993215.84
2018-08-01,ETHUSDT,432.22,434.99,406.55,420.2,202720.34,85200975.51
2018-07-31,ETHUSDT,456.23,457.3,427,432.22,208032.15,91394284.93
2018-07-30,ETHUSDT,466.4,469.79,446.1,456.23,174027.9,79879271.52
2018-07-29,ETHUSDT,469.29,472,461.6,466.4,136882.31,63757757.21
2018-07-28,ETHUSDT,470.09,472,460.82,469.29,154670.31,72287461.49
2018-07-27,ETHUSDT,462.64,474,455.84,470.09,193071.95,89802675.43
2018-07-26,ETHUSDT,472.1,485,460,462.64,169961.6,80918323.23
2018-07-25,ETHUSDT,479.28,485.77,464,472.1,165923.57,78709507.83
2018-07-24,ETHUSDT,450.05,484.27,448.47,479.28,149998.17,70365257.52
2018-07-23,ETHUSDT,457.47,469.82,447.11,450.05,102507.74,47189848.54
2018-07-22,ETHUSDT,460.23,472.2,454.19,457.47,58046.27,26907113.09
2018-07-21,ETHUSDT,449.04,468.97,441.18,460.23,71235.09,32662042.36
2018-07-20,ETHUSDT,468.57,471.02,440,449.04,153865.74,70670272.92
2018-07-19,ETHUSDT,479.41,484.15,462.57,468.57,165811.41,78550384.1
2018-07-18,ETHUSDT,498.76,515.47,468.01,479.41,226290.27,111807292.5
2018-07-17,ETHUSDT,478.49,512,465.29,498.76,205355.06,99423318.94
2018-07-16,ETHUSDT,449.78,480.57,444.03,478.49,167146.33,77922314.6
2018-07-15,ETHUSDT,433.19,455,430.52,449.78,137909.86,61134602.34
2018-07-14,ETHUSDT,432.46,440,428.26,433.19,119610.89,51882920.77
2018-07-13,ETHUSDT,431.14,442.47,424.62,432.46,146174.22,63666585.68
2018-07-12,ETHUSDT,444.99,445.36,416.94,431.14,175208.98,75756501.39
2018-07-11,ETHUSDT,432.48,452.69,424.2,444.99,152858.52,66880914.56
2018-07-10,ETHUSDT,471.71,473.23,427.69,432.48,161016.35,72091164.76
2018-07-09,ETHUSDT,486.77,488.98,468.2,471.71,84994.63,40781081.15
2018-07-08,ETHUSDT,485.57,495.98,482.05,486.77,140941.14,68687657.02
2018-07-07,ETHUSDT,470.47,487.99,461.5,485.57,78648.28,36955554.3
2018-07-06,ETHUSDT,467.87,476,451.29,470.47,93703.86,43516991.99
2018-07-05,ETHUSDT,467.38,480,458.8,467.87,119202.64,56015110.21
2018-07-04,ETHUSDT,461.82,482.7,458.02,467.38,96935.77,45707431.58
2018-07-03,ETHUSDT,476.25,486.98,457,461.82,176879.23,83372582.21
2018-07-02,ETHUSDT,452.1,481.83,444.16,476.25,174076.41,80454449.26
2018-07-01,ETHUSDT,454.09,457.77,443.73,452.1,107648.62,48558472.34
2018-06-30,ETHUSDT,434.77,463.15,434.51,454.09,149737.0,67398832.58
2018-06-29,ETHUSDT,420.22,442,404.48,434.77,151430.36,63187501.55
2018-06-28,ETHUSDT,441.64,443.96,416.45,420.22,106348.8,45989816.17
2018-06-27,ETHUSDT,429.34,445.95,420.19,441.64,95279.5,41267874.08
2018-06-26,ETHUSDT,458.7,460.81,429,429.34,78811.51,35003285.83
2018-06-25,ETHUSDT,454.41,474.47,444.37,458.7,115344.55,52940027.83
2018-06-24,ETHUSDT,473.41,475.81,419.53,454.41,183249.96,81740837.18
2018-06-23,ETHUSDT,462.09,481,455,473.41,89694.27,42080128.13
2018-06-22,ETHUSDT,526.18,526.44,450,462.09,197954.6,95276041.01
2018-06-21,ETHUSDT,536.49,544.98,521.11,526.18,74973.85,39990096.68
2018-06-20,ETHUSDT,537.97,542.02,515.08,536.49,118453.55,62421682.96
2018-06-19,ETHUSDT,517.95,548.2,510.01,537.97,140281.46,74234386.58
2018-06-18,ETHUSDT,497.14,524.48,487.27,517.95,139155.24,70042309.24
2018-06-17,ETHUSDT,496.74,507.6,492.7,497.14,114624.08,57396472.85
2018-06-16,ETHUSDT,487.48,503.28,483.72,496.74,126705.77,62753776.04
2018-06-15,ETHUSDT,519.29,521,481.62,487.48,152526.01,76152677.62
2018-06-14,ETHUSDT,475.47,529,460,519.29,190520.56,94588147.6
2018-06-13,ETHUSDT,493,501.97,449.06,475.47,171269.35,81424583.84
2018-06-12,ETHUSDT,531.69,538.88,482,493,148896.6,76584062.01
2018-06-11,ETHUSDT,524.11,535.51,508.66,531.69,138580.56,72675158.6
2018-06-10,ETHUSDT,592.87,592.87,501.13,524.11,173600.22,94604507.68
2018-06-09,ETHUSDT,598.68,608.97,591,592.87,37491.04,22574863.3
2018-06-08,ETHUSDT,605.16,608.45,593.33,598.68,47763.74,28692007.96
2018-06-07,ETHUSDT,607.4,618,598.24,605.16,57740.68,35143058.19
2018-06-06,ETHUSDT,609.05,613.35,593.4,607.4,67105.39,40564908.52
2018-06-05,ETHUSDT,591.02,614,570.36,609.05,78386.06,46564987.57
2018-06-04,ETHUSDT,619.66,625.47,580.15,591.02,92148.23,55281954.82
2018-06-03,ETHUSDT,590.85,628.81,590.1,619.66,79899.19,49063834.32
2018-06-02,ETHUSDT,579,599.17,572.9,590.85,77182.46,45533798.26
2018-06-01,ETHUSDT,577.81,590.26,564.93,579,80236.85,46259354.33
2018-05-31,ETHUSDT,557.19,586.73,552.98,577.81,95631.99,54746003.2
2018-05-30,ETHUSDT,567.36,585.83,541.2,557.19,115568.3,65009719.17
2018-05-29,ETHUSDT,511.5,573.43,510,567.36,174705.88,95234193.38
2018-05-28,ETHUSDT,570.4,576.2,506.11,511.5,145335.45,77756155.35
2018-05-27,ETHUSDT,586,592,557.43,570.4,93973.04,53942814.73
2018-05-26,ETHUSDT,585.55,607.62,578.32,586,74518.1,44338124.66
2018-05-25,ETHUSDT,602.18,617.46,568.7,585.55,112703.11,66931297.04
2018-05-24,ETHUSDT,577.19,612.1,550,602.18,183645.77,107213333.49
2018-05-23,ETHUSDT,640.99,669,560,577.19,241626.72,146298692.53
2018-05-22,ETHUSDT,696.7,699.6,637.32,640.99,102302.12,68915158.87
2018-05-21,ETHUSDT,716.16,720.46,688,696.7,93026.5,65642505.72
2018-05-20,ETHUSDT,697,729.88,688.4,716.16,83230.92,59251212.17
2018-05-19,ETHUSDT,692.6,717.8,682.31,697,85243.82,59521609.8
2018-05-18,ETHUSDT,667.62,694.9,656,692.6,101439.61,68676921.1
2018-05-17,ETHUSDT,706.29,719.25,662,667.62,101439.63,70667842.14
2018-05-16,ETHUSDT,704.91,712.84,673.52,706.29,112418.66,77826381.86
2018-05-15,ETHUSDT,727.49,740,695,704.91,121482.18,87757448.09
2018-05-14,ETHUSDT,729.08,743.9,686,727.49,171645.63,122929323.92
2018-05-13,ETHUSDT,684.11,742,666.31,729.08,128796.68,91387355.8
2018-05-12,ETHUSDT,676.96,690.2,633.2,684.11,155751.47,103761611.9
2018-05-11,ETHUSDT,722.52,737.23,663,676.96,201184.06,139438479.64
2018-05-10,ETHUSDT,751.75,769.88,720,722.52,97160.25,73023987.91
2018-05-09,ETHUSDT,748.99,760.74,710.26,751.75,106805.33,78866024.19
2018-05-08,ETHUSDT,752.49,777,720.02,748.99,127845.33,95724447.12
2018-05-07,ETHUSDT,794.3,799.14,701,752.49,266210.63,196793915.86
2018-05-06,ETHUSDT,819.5,839.99,752.49,794.3,158062.93,125220579.9
2018-05-05,ETHUSDT,785.99,832.66,781.56,819.5,122674.64,99749325.43
2018-05-04,ETHUSDT,779,810,756.91,785.99,168280.97,132169523.87
2018-05-03,ETHUSDT,688.56,792.08,685.39,779,215475.84,159642922.69
2018-05-02,ETHUSDT,672,691.99,663,688.56,82343.99,55938994.27
2018-05-01,ETHUSDT,670.78,675.6,627.58,672,124870.15,81681576.39
2018-04-30,ETHUSDT,690.85,695.3,662.2,670.78,106336.25,72455625.6
2018-04-29,ETHUSDT,682.86,700.49,665.28,690.85,104748.91,71643474.65
2018-04-28,ETHUSDT,643.46,694.9,638.76,682.86,107111.53,72526362.51
2018-04-27,ETHUSDT,661.51,686.82,635.73,643.46,127276.2,84625368.58
2018-04-26,ETHUSDT,618,666.19,600,661.51,146066.94,91999999.03
2018-04-25,ETHUSDT,701.58,703.3,593.83,618,314108.87,201024895.41
2018-04-24,ETHUSDT,645.09,712.99,643.76,702,161771.53,111525220.25
2018-04-23,ETHUSDT,620.92,649.11,618.02,645.09,73822.68,47140562.92
2018-04-22,ETHUSDT,604.87,643.49,589,620.92,114016.37,70985230.85
2018-04-21,ETHUSDT,617.09,624.5,570.23,604.87,148997.79,89456095.01
2018-04-20,ETHUSDT,568.14,622.17,556.5,617.09,151443.6,88771286.72
2018-04-19,ETHUSDT,526.09,571.61,521.03,568.14,105920.66,57614568.13
2018-04-18,ETHUSDT,502.56,526.99,501.12,526.09,69627.83,35854959.25
2018-04-17,ETHUSDT,511.46,521.2,500.02,502.56,91345.46,46621342.91
2018-04-16,ETHUSDT,533.88,538,497.31,511.46,121758.93,62263489.02
2018-04-15,ETHUSDT,502.68,535,502.51,533.88,103447.85,53757352.09
2018-04-14,ETHUSDT,495.11,515,485.58,502.68,115224.31,57693833.76
2018-04-13,ETHUSDT,495.67,530,480.22,495.11,233080.63,117822733.69
2018-04-12,ETHUSDT,429.52,499,412.88,495.67,227397.38,103693154.3
2018-04-11,ETHUSDT,416.07,433.54,410.38,429.52,83545.58,35045081.63
2018-04-10,ETHUSDT,399.44,418.68,391.4,416.07,78400.56,31599458.7
2018-04-09,ETHUSDT,400.4,431.99,387.1,399.44,143529.45,58309298.51
2018-04-08,ETHUSDT,384.51,404.05,384,400.4,54972.86,21760006.56
2018-04-07,ETHUSDT,368.89,394.75,368.28,384.51,68502.63,26305383.91
2018-04-06,ETHUSDT,381.22,385.91,362.54,368.89,70871.89,26314051.42
2018-04-05,ETHUSDT,378.16,387.03,365.61,381.49,114090.03,43067361.02
2018-04-04,ETHUSDT,415.01,416.5,370,378.16,133220.93,51740941.12
2018-04-03,ETHUSDT,385.05,419.08,380.13,415.01,131366.81,52761548.65
2018-04-02,ETHUSDT,378.58,394.87,375,385.05,108567.89,41795986.65
2018-04-01,ETHUSDT,393.92,399.91,356.9,378.58,142606.4,53658555.12
2018-03-31,ETHUSDT,392.43,419.4,388.52,393.92,157994.5,63506988.84
2018-03-30,ETHUSDT,384,412.04,366,392.43,271085.46,104188039.9
2018-03-29,ETHUSDT,446.67,449.43,380,384,210483.33,85701259.21
2018-03-28,ETHUSDT,448.5,466,440.14,446.67,85981.94,38783605.18
2018-03-27,ETHUSDT,485,491.55,446,448.5,129260.5,59691515.72
2018-03-26,ETHUSDT,523.74,527.67,465.56,485,142093.89,69712044.13
2018-03-25,ETHUSDT,520.22,536,512,523.74,68868.97,35900225.67
2018-03-24,ETHUSDT,543.03,545.99,518.63,520.22,83676.18,44804260.59
2018-03-23,ETHUSDT,539.92,544.72,506.71,543.03,100862.87,52642128.72
2018-03-22,ETHUSDT,559.17,578.6,516,539.92,105194.22,57248208.15
2018-03-21,ETHUSDT,557,590.52,545.11,559.17,110522.13,62884549.5
2018-03-20,ETHUSDT,556.88,567.87,515,557,128812.24,70096423.48
2018-03-19,ETHUSDT,537,560,515.8,556.88,173466.72,93695420.38
2018-03-18,ETHUSDT,546.95,560,450,537,232165.8,116778269.16
2018-03-17,ETHUSDT,599.05,609.26,544,546.95,64409.64,37089456.21
2018-03-16,ETHUSDT,608.83,625.3,584.15,599.05,61279.15,37263594.46
2018-03-15,ETHUSDT,610.1,621.12,570,608.83,88668.05,53037760.2
2018-03-14,ETHUSDT,689.94,703.54,585,610.1,85637.55,55075628.04
2018-03-13,ETHUSDT,697.11,713.76,680,689.94,53849.49,37347086.08
2018-03-12,ETHUSDT,720.85,740.5,676.31,697.11,65005.99,46111871.1
2018-03-11,ETHUSDT,680.58,735,659.15,720.85,71001.69,49691562.17
2018-03-10,ETHUSDT,723.71,745,673.06,680.58,60258.14,43360133.2
2018-03-09,ETHUSDT,695.46,727.92,640,723.71,110704.51,75291999.14
2018-03-08,ETHUSDT,749.9,772.07,684,695.46,72789.87,53189427.6
2018-03-07,ETHUSDT,813.11,826.2,718.4,749.9,101101.71,77081962.39
2018-03-06,ETHUSDT,849.84,853.18,803.01,813.11,46802.01,38804130.33
2018-03-05,ETHUSDT,866.66,871.75,847.2,849.84,29145.12,25160375.7
2018-03-04,ETHUSDT,856.02,868,836.24,866.66,28782.8,24553484.01
2018-03-03,ETHUSDT,856.28,870.78,852.3,856.02,32899.29,28390448.35
2018-03-02,ETHUSDT,870.63,876.22,850,856.28,37948.61,32782664.11
2018-03-01,ETHUSDT,853.5,879.96,848.65,870.63,42172.95,36575350.9
2018-02-28,ETHUSDT,870.11,891,850.3,853.5,51248.52,44675897.21
2018-02-27,ETHUSDT,867.98,897.49,860.69,870.11,60228.85,52930532.61
2018-02-26,ETHUSDT,841.19,882,833,867.98,70682.77,60859666.85
2018-02-25,ETHUSDT,833.94,849.5,813.18,841.19,56594.41,47156061.11
2018-02-24,ETHUSDT,851.6,875,805,833.94,84819.05,71306283.74
2018-02-23,ETHUSDT,801.49,885,785.99,851.6,145194.88,122301820.66
2018-02-22,ETHUSDT,835.89,871.96,786.6,801.49,128674.89,105664717.8
2018-02-21,ETHUSDT,882.99,908.88,812.87,835.89,164018.91,141262522.33
2018-02-20,ETHUSDT,938.11,961,873,882.99,113053.3,104804109.97
2018-02-19,ETHUSDT,911,956.22,906.04,938.11,71863.14,67426983.79
2018-02-18,ETHUSDT,969.99,978.5,897,911,150178.43,140225130.05
2018-02-17,ETHUSDT,938.67,974,933.48,969.99,104519.07,100292304.41
2018-02-16,ETHUSDT,924.55,948.48,901.36,938.67,108720.75,100956190.82
2018-02-15,ETHUSDT,919.09,946.66,895.59,924.55,145459.35,134427671.2
2018-02-14,ETHUSDT,841.4,924.99,841.3,919.09,140545.71,124791623.97
2018-02-13,ETHUSDT,866.66,871,820,841.4,102995.01,86801166.48
2018-02-12,ETHUSDT,808.99,877.56,807.46,866.66,132117.85,112822612.11
2018-02-11,ETHUSDT,851.15,857,768.28,808.99,171386.31,140006876.62
2018-02-10,ETHUSDT,877,911.2,800,851.15,193089.68,166324421.0
2018-02-09,ETHUSDT,781.66,882.2,781.66,877,87141.63,74223395.67
2018-02-08,ETHUSDT,754,786.93,751,781.66,9429.96,7276300.78
2018-02-07,ETHUSDT,779.25,849,714.18,754,318788.73,252480997.37
2018-02-06,ETHUSDT,697.92,798,570.1,779.25,567444.58,380619535.88
2018-02-05,ETHUSDT,823.56,862.47,634.94,697.92,325075.2,241142436.75
2018-02-04,ETHUSDT,971,975,789,823.56,170888.35,149936805.98
2018-02-03,ETHUSDT,922.3,998,851,971,146928.16,137903656.07
2018-02-02,ETHUSDT,1041.94,1047.2,783.67,922.3,339857.47,313535789.82
2018-02-01,ETHUSDT,1124.81,1164.99,981,1041.94,186336.86,202441248.52
2018-01-31,ETHUSDT,1084.63,1135,1029,1124.81,94495.48,102851161.09
2018-01-30,ETHUSDT,1177.01,1186.85,1051,1084.63,143403.47,160657360.75
2018-01-29,ETHUSDT,1251.96,1258.89,1161.65,1177.01,99670.92,119535240.81
2018-01-28,ETHUSDT,1118.99,1277,1112,1251.96,134896.79,162828197.56
2018-01-27,ETHUSDT,1051.03,1127.99,1032.2,1118.99,91869.53,99597860.33
2018-01-26,ETHUSDT,1056.52,1082,986,1051.03,136270.12,141101465.27
2018-01-25,ETHUSDT,1061,1115,1030.26,1056.52,114053.92,122114344.37
2018-01-24,ETHUSDT,980,1074,953.09,1062.99,127575.3,129030138.02
2018-01-23,ETHUSDT,993,1030,909,983,150569.88,146717976.49
2018-01-22,ETHUSDT,1049,1090.15,908,993,173620.02,173782012.63
2018-01-21,ETHUSDT,1152.75,1152.75,998,1049,165742.91,176503082.08
2018-01-20,ETHUSDT,1032.5,1165.4,1031,1152.75,117645.3,130966013.18
2018-01-19,ETHUSDT,994,1079,941,1032.5,158688.31,161826692.34
2018-01-18,ETHUSDT,1000,1075.2,924.21,993.5,275211.13,277520506.1
2018-01-17,ETHUSDT,1000,1075.51,755,1000,404095.0,368608932.4
2018-01-16,ETHUSDT,1271,1275.01,780,1000,316527.29,327898468.82
2018-01-15,ETHUSDT,1347,1383.13,1246.97,1271,64011.36,83909901.65
2018-01-14,ETHUSDT,1388.02,1391.89,1220.89,1347,93415.13,122071071.1
2018-01-13,ETHUSDT,1253.87,1427.01,1252,1388.02,72881.09,97762045.54
2018-01-12,ETHUSDT,1138.93,1288.5,1069.01,1253.87,89727.83,108511725.65
2018-01-11,ETHUSDT,1247,1332.49,1021,1138.93,179485.3,212965490.21
2018-01-10,ETHUSDT,1291,1440,1201.1,1247,145699.0,191726103.02
2018-01-09,ETHUSDT,1133.18,1326.5,1104.85,1291,109543.92,132277275.63
2018-01-08,ETHUSDT,1123.09,1230,910,1133.18,133895.83,148176962.29
2018-01-07,ETHUSDT,1004.11,1125,999.9,1123.09,51351.2,55150954.2
2018-01-06,ETHUSDT,959.3,1017.56,950,1004.11,61859.61,61221474.21
2018-01-05,ETHUSDT,940,1045,930,959.3,90332.39,88788325.55
2018-01-04,ETHUSDT,934.03,1009.72,890.01,940,98575.25,93660923.79
2018-01-03,ETHUSDT,855.28,950.01,810,934.03,86097.23,75597834.8
2018-01-02,ETHUSDT,754.99,899.5,749.06,855.28,105772.59,89382507.77
2018-01-01,ETHUSDT,733.98,763.55,716.8,754.99,52623.45,39094845.4
2017-12-31,ETHUSDT,681.06,740,672.86,733.98,60993.95,43413512.09
2017-12-30,ETHUSDT,733.99,735,635.82,681.06,86679.73,59556778.37
2017-12-29,ETHUSDT,707.89,757.87,703,733.99,62685.47,45858797.58
2017-12-28,ETHUSDT,739.89,744.93,645.88,707.89,69919.07,48142909.65
2017-12-27,ETHUSDT,750,766.05,693.18,739.89,50029.76,37141405.75
2017-12-26,ETHUSDT,714.95,750,712.56,750,58994.02,43435558.84
2017-12-25,ETHUSDT,658,744,599.99,714.95,76640.68,53771369.82
2017-12-24,ETHUSDT,640.34,667.64,563.49,658,91878.07,56909950.3
2017-12-23,ETHUSDT,635.97,714.99,627.97,640.34,77123.34,52466807.27
2017-12-22,ETHUSDT,782.41,796,504.99,635.97,148327.91,94707577.97
2017-12-21,ETHUSDT,790.21,845.99,705.98,782.41,76879.84,61007022.19
2017-12-20,ETHUSDT,798,828,661,790.21,70407.61,54006970.96
2017-12-19,ETHUSDT,784,864.9,729.01,798,67327.99,53475967.61
2017-12-18,ETHUSDT,707.64,798.88,638,784,44690.73,32105763.14
2017-12-17,ETHUSDT,682.81,728,680.33,707.64,31020.47,21975505.95
2017-12-16,ETHUSDT,674.95,712,669.22,682.81,26513.5,18224734.51
2017-12-15,ETHUSDT,679.76,689,594.6,674.95,38846.45,25295708.27
2017-12-14,ETHUSDT,683.99,747.6,630.5,679.76,57181.08,39405168.61
2017-12-13,ETHUSDT,620,705.69,539.93,683.99,56293.24,35464491.73
2017-12-12,ETHUSDT,508.7,639.27,494.89,620,57688.7,32272500.99
2017-12-11,ETHUSDT,427.35,512,427.35,508.7,29217.01,13524545.46
2017-12-10,ETHUSDT,460,460.05,403.2,427.35,34191.63,14810733.68
2017-12-09,ETHUSDT,442.56,488,426.4,460,41096.91,18959683.2
2017-12-08,ETHUSDT,406.33,456.78,390,442.56,40380.88,17138384.6
2017-12-07,ETHUSDT,411.01,427.61,375.01,406.33,40363.47,16448315.18
2017-12-06,ETHUSDT,452.26,455.1,400,411.01,37604.29,16319473.42
2017-12-05,ETHUSDT,466.67,468.67,445.21,452.26,25124.57,11542893.64
2017-12-04,ETHUSDT,460.3,470.98,445,466.67,22821.77,10495993.46
2017-12-03,ETHUSDT,457.63,485.9,440.11,460.3,24259.95,11328969.12
2017-12-02,ETHUSDT,457.51,471.91,445,457.63,25506.76,11749838.63
2017-12-01,ETHUSDT,427.43,465.97,413.74,457.51,32723.55,14317733.79
2017-11-30,ETHUSDT,421.7,460,387.01,427.43,44559.85,18862295.63
2017-11-29,ETHUSDT,466.17,515,385,421.7,50344.11,23217199.77
2017-11-28,ETHUSDT,472.31,477.5,453.5,466.17,23650.24,11077396.79
2017-11-27,ETHUSDT,462.84,486.94,453,472.31,23533.56,11092308.97
2017-11-26,ETHUSDT,461.82,465,436.14,462.84,21559.21,9794537.68
2017-11-25,ETHUSDT,469,484.47,450,461.82,21143.58,9825209.52
2017-11-24,ETHUSDT,405,475,392.8,469,29973.4,12904066.22
2017-11-23,ETHUSDT,380.65,425,370.02,405,25137.24,9979407.1
2017-11-22,ETHUSDT,362.12,384.84,359,380.65,17927.22,6582637.83
2017-11-21,ETHUSDT,367.42,375.5,350.02,362.12,25815.42,9403802.37
2017-11-20,ETHUSDT,354.15,372.5,353.9,367.42,18060.1,6522412.41
2017-11-19,ETHUSDT,346.66,373.56,343.07,354.15,19280.47,6853939.68
2017-11-18,ETHUSDT,331.23,349.9,326.01,346.66,14227.06,4735608.57
2017-11-17,ETHUSDT,331.49,334.6,323.84,331.23,18033.21,5951281.48
2017-11-16,ETHUSDT,331.33,334.75,321.41,331.49,14065.86,4612016.7
2017-11-15,ETHUSDT,335.61,339,324,331.33,15409.67,5116263.34
2017-11-14,ETHUSDT,312.99,337.54,312.94,335.61,17479.57,5682689.3
2017-11-13,ETHUSDT,305.24,318.88,303.7,312.99,15399.84,4804508.58
2017-11-12,ETHUSDT,310.02,316.99,281.01,305.24,20889.35,6276531.03
2017-11-11,ETHUSDT,293.5,318,291.91,310.02,10764.3,3256927.49
2017-11-10,ETHUSDT,317.87,322.65,285.82,293.5,15463.01,4721270.61
2017-11-09,ETHUSDT,303.02,329,299.5,317.87,11093.28,3509086.96
2017-11-08,ETHUSDT,291.78,320,290.02,303.02,15603.8,4729826.12
2017-11-07,ETHUSDT,297.97,303.52,287,291.78,9302.34,2731426.72
2017-11-06,ETHUSDT,295.53,305.58,290.11,297.97,7466.26,2218959.5
2017-11-05,ETHUSDT,298.04,302.14,293.13,295.53,6614.04,1967164.34
2017-11-04,ETHUSDT,304.08,304.99,292.11,298.04,7765.91,2315342.78
2017-11-03,ETHUSDT,283.12,307,282,304.08,8057.59,2360525.71
2017-11-02,ETHUSDT,287.01,293,274.73,283.12,13163.53,3736468.51
2017-11-01,ETHUSDT,304.9,305.9,286.34,287.01,9807.45,2938149.94
2017-10-31,ETHUSDT,307.25,309.99,304.01,304.9,7631.45,2344790.92
2017-10-30,ETHUSDT,305,316,302.1,307.25,8863.26,2725859.28
2017-10-29,ETHUSDT,291.87,309.4,291.86,305,8975.34,2702954.94
2017-10-28,ETHUSDT,296.33,297,290.1,291.87,5833.59,1711301.74
2017-10-27,ETHUSDT,294.71,298.1,292.03,296.33,6230.29,1840292.6
2017-10-26,ETHUSDT,294.49,299.76,291.03,294.71,7760.28,2290879.1
2017-10-25,ETHUSDT,297.38,300,281,294.49,9624.76,2818151.89
2017-10-24,ETHUSDT,281.09,310,275.5,297.38,13991.58,4230858.49
2017-10-23,ETHUSDT,293.79,294.6,272.2,281.09,9580.48,2720877.48
2017-10-22,ETHUSDT,298.94,306.99,290,293.79,7149.29,2113555.82
2017-10-21,ETHUSDT,304.51,305.34,290,298.94,8498.8,2531002.63
2017-10-20,ETHUSDT,308.66,311.18,302,304.51,8696.57,2654276.53
2017-10-19,ETHUSDT,309.7,315,300,308.66,8637.51,2662555.18
2017-10-18,ETHUSDT,315.19,318,284.68,309.7,12779.33,3877210.96
2017-10-17,ETHUSDT,335.19,336.58,312.65,315.19,8092.4,2620614.96
2017-10-16,ETHUSDT,337.96,354,332.78,335.19,8634.15,2946408.58
2017-10-15,ETHUSDT,342,348,316.17,337.96,9964.35,3311218.81
2017-10-14,ETHUSDT,337.96,349.8,335,342,7698.0,2644022.46
2017-10-13,ETHUSDT,303.99,353.96,297,337.96,17766.25,5782386.5
2017-10-12,ETHUSDT,304.01,310,302.71,303.99,7775.58,2381102.13
2017-10-11,ETHUSDT,298.64,305.5,298.02,304.01,3715.65,1122578.04
2017-10-10,ETHUSDT,297.19,308.56,293,298.64,6691.84,2011440.17
2017-10-09,ETHUSDT,311.07,312.13,286.65,297.19,4852.92,1452816.74
2017-10-08,ETHUSDT,311.01,317.07,309,311.07,2952.08,921220.96
2017-10-07,ETHUSDT,310.8,318.5,303.6,311.01,2120.52,658190.78
2017-10-06,ETHUSDT,294.81,310.8,293.78,310.8,3510.89,1054697.0
2017-10-05,ETHUSDT,291.99,297.44,285.53,294.81,3370.96,982644.49
2017-10-04,ETHUSDT,292.48,297.97,288,291.99,3989.57,1168807.66
2017-10-03,ETHUSDT,296.5,301.99,283.18,292.48,5518.95,1614235.08
2017-10-02,ETHUSDT,303.95,305,295,296.5,3670.04,1104217.48
2017-10-01,ETHUSDT,304.36,306,294,303.95,5034.38,1511264.71
2017-09-30,ETHUSDT,292.22,307.49,292.22,304.36,3997.83,1207595.88
2017-09-29,ETHUSDT,302.44,303,274,292.22,10997.93,3187358.83
2017-09-28,ETHUSDT,309.74,311.81,296.89,302.44,6521.08,1984843.83
2017-09-27,ETHUSDT,287.9,313,286.13,309.74,5467.39,1626645.28
2017-09-26,ETHUSDT,294.42,296.81,286.24,287.9,4527.17,1320510.93
2017-09-25,ETHUSDT,282,299,281.34,294.42,5861.15,1702847.03
2017-09-24,ETHUSDT,285.93,294.61,275,282,5544.62,1574147.48
2017-09-23,ETHUSDT,264,286.23,255.11,285.93,2821.68,788085.05
2017-09-22,ETHUSDT,257,272.97,253.01,264,1463.53,382707.68
2017-09-21,ETHUSDT,282,287,252.1,257,1909.37,515321.69
2017-09-20,ETHUSDT,284,294,275.91,282,1054.54,301038.78
2017-09-19,ETHUSDT,294.57,300,277.41,284,1858.5,532540.71
2017-09-18,ETHUSDT,257.55,306.22,257.11,294.57,4121.19,1181549.67
2017-09-17,ETHUSDT,249.31,264.39,239.02,257.55,4589.96,1143692.64
2017-09-16,ETHUSDT,253,271.81,235.51,249.31,10265.41,2621693.27
2017-09-15,ETHUSDT,215.21,270.93,192,253,14101.49,3291332.29
2017-09-14,ETHUSDT,276.91,283.77,215,215.21,12488.22,3082667.27
2017-09-13,ETHUSDT,293.96,294.5,257.05,276.91,6341.5,1730175.07
2017-09-12,ETHUSDT,297.3,316.46,286.01,293.96,5140.78,1562612.65
2017-09-11,ETHUSDT,293.5,304.98,285.21,297.3,4779.63,1421764.78
2017-09-10,ETHUSDT,296.74,302.78,261.03,293.5,4060.25,1155244.93
2017-09-09,ETHUSDT,302.99,307,281.66,296.74,2713.25,805572.88
2017-09-08,ETHUSDT,334.49,335.1,272,302.99,4874.53,1481290.06
2017-09-07,ETHUSDT,335,342.5,320.17,334.49,2977.82,985179.06
2017-09-06,ETHUSDT,312.09,336.34,312.09,335,5243.66,1714528.14
2017-09-05,ETHUSDT,283.77,321.52,235.55,312.09,7840.86,2253410.75
2017-09-04,ETHUSDT,341.77,344.55,267.94,283.77,6366.69,1893325.25
2017-09-03,ETHUSDT,343.14,367.28,320.08,341.77,5012.55,1718948.68
2017-09-02,ETHUSDT,388.46,394.32,320.08,343.14,7919.71,2791543.78
2017-09-01,ETHUSDT,384.79,394.39,383.18,388.46,4156.84,1618914.43
2017-08-31,ETHUSDT,385.93,389.36,377.78,384.79,4375.31,1681160.72
2017-08-30,ETHUSDT,374.7,393.71,362.05,385.93,4331.81,1636125.32
2017-08-29,ETHUSDT,346,377.6,346,374.7,2900.75,1054485.89
2017-08-28,ETHUSDT,348.13,351,331.95,346,4230.19,1447042.11
2017-08-27,ETHUSDT,330.79,348.13,330.73,348.13,4580.62,1536125.51
2017-08-26,ETHUSDT,327.24,335.44,323.41,330.79,4821.82,1583578.33
2017-08-25,ETHUSDT,323.42,338.28,323.42,327.24,7026.71,2321556.04
2017-08-24,ETHUSDT,315.74,328.04,314.01,323.42,6608.08,2113017.42
2017-08-23,ETHUSDT,309.8,324.99,309.41,315.74,8532.37,2711275.03
2017-08-22,ETHUSDT,323.29,330.41,144.21,309.8,7807.91,2408767.25
2017-08-21,ETHUSDT,299.1,346.52,294.6,323.29,5134.54,1661944.36
2017-08-20,ETHUSDT,290.91,300.53,282.85,299.1,2469.49,730800.66
2017-08-19,ETHUSDT,293.96,299.9,278,290.91,2140.08,618248.58
2017-08-18,ETHUSDT,302,311.79,283.94,293.96,9392.79,2815460.24
2017-08-17,ETHUSDT,303.61,312.18,298.21,302,6155.32,1890017.53
