,A,B,C,D
2000-01-01,0.242985003602,0.162549217031,0.00861709247463,0.178881582878
2000-01-02,-0.248886348746,2.34162816144,-0.477811056943,1.12060187622
2000-01-03,-0.670359713048,2.09618868361,2.33998255213,0.210997875027
2000-01-04,-1.76774417522,2.25386524303,1.92276650997,1.07667196105
2000-01-05,-2.74969764071,3.85286115981,1.26817192368,2.31773737284
2000-01-06,-4.16731003261,3.6145914813,-1.89941663858,3.23321697396
2000-01-07,-4.7725275465,4.10852041063,-2.83269917724,2.21198380805
2000-01-08,-4.41552997558,4.31979191976,-3.86909705983,2.21526784632
2000-01-09,-3.11303240885,4.7596647447,-3.76832842418,2.49175092935
2000-01-10,-1.82997558611,4.66709357737,-3.35849005655,1.44817107527
2000-01-11,-1.30958751147,6.70754338181,-4.00440556431,1.31793571281
2000-01-12,-1.78299667027,8.11575305255,-4.17990131154,-0.302017006387
2000-01-13,-1.71393145323,7.32018035986,-5.67216267896,-1.18586428987
2000-01-14,-0.49487220219,6.83995758488,-7.0065039964,-1.73594583462
2000-01-15,-0.597265885871,8.95694676285,-7.41374370201,-3.70453754883
2000-01-16,-1.3796622853,7.50342432122,-7.91432566676,-3.54846823555
2000-01-17,1.4273318622,8.73081255924,-8.02505176815,-1.49958298803
2000-01-18,1.93859581714,10.4493376696,-8.46035285594,-2.43660885797
2000-01-19,1.88266981094,10.1143224982,-7.93415085226,-1.99290356337
2000-01-20,-0.278903370128,9.76822354599,-7.74572686867,-3.76846785887
2000-01-21,-0.838902490522,10.1569995025,-7.93559669388,-3.93894511448
2000-01-22,-0.232575327314,8.88970154216,-5.72102178597,-4.79923521861
2000-01-23,-0.434062129894,8.46022582981,-6.51757742037,-3.73653969681
2000-01-24,-0.0157948233738,8.45185610703,-7.3231779571,-3.0240390715
2000-01-25,1.08506282272,8.3929826743,-7.48846465285,-0.0621740595513
2000-01-26,1.1458152971,9.67230621605,-5.91288283205,-0.760115373135
2000-01-27,-0.0554906294327,9.46279219751,-5.4647444257,-1.17569304079
2000-01-28,2.38980462821,10.6745151558,-6.54952586687,-3.36570162674
2000-01-29,-0.0134936131543,10.307491521,-5.96255080446,-3.70400681555
2000-01-30,-0.863137518275,10.6138999294,-7.42440954514,-3.74833446745
2000-01-31,-0.31217290943,9.17831764116,-6.87877362934,-5.76248014255
2000-02-01,-0.45576938989,9.26366037761,-7.31327147791,-6.33024471539
2000-02-02,1.75608935564,9.42778546058,-7.88208764329,-7.21403468504
2000-02-03,0.343634029692,9.01610537945,-8.97308300532,-9.02426455738
2000-02-04,0.603205741051,9.78075005957,-9.34781512784,-9.29910598228
2000-02-05,0.610788198319,10.0022924461,-7.15774627867,-10.0917127327
2000-02-06,-0.940844139078,9.88749102373,-7.34588681194,-10.3476631287
2000-02-07,0.163132884391,11.2560682216,-8.26803131303,-10.0962158694
2000-02-08,0.830309298482,11.3262766871,-7.72953426049,-9.07592784207
2000-02-09,0.162620699663,13.4408428227,-8.08931834634,-7.85580910862
2000-02-10,0.307645124971,14.2938255976,-10.4465821385,-7.82274448893
2000-02-11,-1.18149710216,15.2324377984,-9.30983286681,-9.27832324008
2000-02-12,-0.0584954909861,15.1806355822,-8.66581576246,-8.29219552176
2000-02-13,-1.80866155629,15.5926113387,-9.1411018423,-10.1047933039
2000-02-14,-1.08707722358,14.4225622704,-8.23257301266,-9.67017332926
2000-02-15,-1.06575401415,15.0817736905,-7.78070889918,-11.0059610344
2000-02-16,-2.53285700415,16.0930886936,-8.86662781856,-12.3464774473
2000-02-17,-2.36787916113,17.646945569,-8.52432098229,-14.2942434765
2000-02-18,-2.24575770427,17.4536821992,-8.09842235038,-13.4276410867
2000-02-19,-5.25824328516,18.2920581688,-6.39155882359,-14.207008701
2000-02-20,-4.74435142345,18.8031907796,-4.12810405946,-13.3799874006
2000-02-21,-6.99659429697,17.8366937388,-3.61565079427,-12.5806397064
2000-02-22,-7.11045323918,15.4763238373,-5.2593674989,-13.7849809523
2000-02-23,-8.03418235412,15.8224531297,-2.75083049205,-13.4593904268
2000-02-24,-7.70876361656,15.2023221565,-2.007340981,-13.4215542954
2000-02-25,-9.29832042517,14.8357362123,-1.52353993688,-13.3582212132
2000-02-26,-8.18165965791,13.9779950679,-2.98573638941,-13.7666354468
2000-02-27,-8.00651899616,15.7010946784,-2.79666926587,-15.1176049378
2000-02-28,-6.24188962413,14.460816476,-1.00081179205,-14.6802533741
2000-02-29,-6.84283232954,13.888242707,-3.01395550368,-14.3269948518
2000-03-01,-7.88239600825,12.9104045841,-3.62358797243,-14.9757869645
2000-03-02,-7.46892935702,13.8694612878,-2.66279252321,-13.465309162
2000-03-03,-7.82412068243,13.2604816499,-2.21380348295,-11.9813732298
2000-03-04,-6.32925461845,12.8147143079,-1.19643056874,-11.3072913592
2000-03-05,-5.3014539906,13.4562367555,-2.81269086979,-8.98665676904
2000-03-06,-5.29811465738,14.2128322962,-1.08713492195,-7.82288279577
2000-03-07,-5.06196965605,15.9180970215,-1.17867902752,-8.00476152401
2000-03-08,-6.22762973715,13.9082242077,-2.11020777226,-9.35246196584
2000-03-09,-5.71800765992,14.5515479481,-2.17783898681,-9.42559965586
2000-03-10,-5.20136478975,15.5892501155,-0.0495658852142,-9.15040153273
2000-03-11,-6.34046449635,17.758230684,0.835182107709,-8.95641207834
2000-03-12,-6.98104958259,19.0098520571,-0.273567451088,-8.25384392917
2000-03-13,-6.60302195336,18.569685328,0.801067647071,-8.40376183352
2000-03-14,-6.95794467444,17.065353683,1.91072856191,-7.00226538633
2000-03-15,-6.63557523347,15.211879977,2.70388757491,-7.94816701796
2000-03-16,-7.51260773998,15.7504716785,4.0856946761,-6.92193906572
2000-03-17,-9.36572099368,16.1065094461,2.45514550218,-8.91813976203
2000-03-18,-7.78741518496,16.3326389747,1.24650611013,-8.26157180088
2000-03-19,-5.01544286971,16.8289431847,0.483932578295,-6.00573266517
2000-03-20,-3.14118246205,17.688420312,1.71021301213,-6.44747793934
2000-03-21,-3.25026050584,18.602861602,-0.519292422199,-8.04646589827
2000-03-22,-2.76381654521,16.1365641744,-1.15014693708,-7.88461123939
2000-03-23,-4.44710124096,14.0787387089,-0.913414944427,-8.7004739219
2000-03-24,-3.34786758233,14.5901251609,-1.28703284844,-9.87249785032
2000-03-25,-3.34843503762,16.2200335336,-2.12522866329,-11.0424613226
2000-03-26,-3.6529066122,15.6686679605,-1.506906497,-11.1959711015
2000-03-27,-4.84314569614,15.7189005656,-1.69548194598,-11.8207813437
2000-03-28,-4.74165662553,16.8423711202,-1.09151813272,-10.4424212933
2000-03-29,-3.71730852631,16.7331913623,-0.582867720844,-11.1956149199
2000-03-30,-3.31493366511,15.1946176079,-1.02830960481,-9.52472326291
2000-03-31,-3.41619649565,14.1955429033,-0.217414796843,-8.12497353873
2000-04-01,-4.11097406969,14.5492198898,0.655423960896,-8.36528256923
2000-04-02,-5.36320507332,14.9672864271,0.354810049477,-7.84937642919
2000-04-03,-5.30103888315,14.939405319,1.66488512007,-8.88741341277
2000-04-04,-4.4378892351,16.8485736737,0.876263103614,-8.91472312522
2000-04-05,-3.21255808522,16.8103909316,0.427129575338,-6.66451091604
2000-04-06,-4.27071415314,17.8109446301,0.428878986723,-7.75862475286
2000-04-07,-2.77163903882,16.7743419258,-0.213017316876,-9.48333523161
2000-04-08,-2.8288096043,17.1513029752,1.85445204025,-8.07636643059
2000-04-09,-4.83830450903,14.905192412,1.16823244502,-6.53322804407
2000-04-10,-4.32261618663,15.4677144092,0.741312497651,-6.35248493218
2000-04-11,-3.58829630258,14.6277950934,1.63170230949,-6.13253602152
2000-04-12,-2.74199404312,16.3283076606,-0.001389806079,-6.07567482662
2000-04-13,-1.66289192593,16.7860869878,-0.740804496513,-5.61325589525
2000-04-14,-1.96139996047,17.110600601,-1.2919638734,-5.28939570739
2000-04-15,-1.14746451185,17.0951760888,-0.0313604846526,-5.08002914974
2000-04-16,-2.06106490843,17.78220615,-0.43475333332,-4.94385765603
2000-04-17,-3.93691855735,18.506647704,-1.74331293942,-4.27292893732
2000-04-18,-3.89553381493,19.1257894538,-1.67707581617,-3.8081430481
2000-04-19,-3.78571165922,19.9209483698,-2.1566804978,-4.25395040786
2000-04-20,-4.21369660091,20.1257504783,-1.77347594513,-4.09580325041
2000-04-21,-3.41483382857,22.7521379736,-0.534708922837,-7.22645654913
2000-04-22,-4.68609217418,22.8713721488,-0.303587504319,-8.24154128796
2000-04-23,-4.93057947387,23.1955565416,-1.22010815166,-7.54139593919
2000-04-24,-5.05447060011,21.3669105722,-1.5999208507,-8.3481991682
2000-04-25,-5.27134979739,21.6719377482,-2.16049470373,-7.75142612838
2000-04-26,-4.19978901268,22.1245553197,-0.688915497392,-7.61261765711
2000-04-27,-4.97242557521,21.7377289008,-1.66474676824,-7.65803255662
2000-04-28,-4.60413951981,23.0897316199,-0.525560337339,-6.64830253122
2000-04-29,-4.08225152884,21.8579315472,-2.31225162652,-7.33014495514
2000-04-30,-3.25492589074,21.7382915009,-2.89999737165,-7.13187222662
2000-05-01,-3.59285069629,20.8137154548,-2.9096064188,-5.82723222172
2000-05-02,-3.70299254933,20.0040295098,-3.07123161418,-4.74284407786
2000-05-03,-1.97218939234,21.9785781501,-4.26474771767,-4.09004043279
2000-05-04,-1.9081028013,20.9030277956,-5.32308643956,-3.38181253688
2000-05-05,-1.36684329003,20.6062382211,-6.5488360153,-2.58264196441
2000-05-06,-1.25519379894,22.4290017228,-7.70336283411,-2.74559743511
2000-05-07,-0.311345772885,22.9607494134,-7.99802116131,-1.13692350545
2000-05-08,-0.812632447223,22.4760883202,-8.04132580962,-0.669025234294
2000-05-09,0.22288657497,21.8186273108,-8.73200710077,-1.59948256638
2000-05-10,-1.69414232317,20.56451912,-8.04839051969,-2.07053619556
2000-05-11,-3.05302091817,21.2765716099,-8.6443792153,-1.32643288836
2000-05-12,-2.0428559418,20.7345705816,-8.55240139367,-0.867618567247
2000-05-13,-1.82950717392,19.7706541237,-10.2819645119,0.339006116717
2000-05-14,-2.18273779539,18.6225362123,-10.7225850298,0.353604536488
2000-05-15,-2.93821461932,19.0430183011,-10.5086246784,-0.0828053986477
2000-05-16,-3.98479907631,20.5713469261,-10.0065651265,-0.287336365604
2000-05-17,-3.1380194696,20.2293301899,-9.2678037512,-0.0980921439372
2000-05-18,-2.62427714588,22.4177539515,-8.83756864142,-0.206029456423
2000-05-19,-2.49843808942,24.2509155298,-9.67900399967,1.09416629969
2000-05-20,-1.66543553659,25.5049944603,-10.4729683874,2.16205473883
2000-05-21,-1.58687985787,25.4310017208,-10.3191577666,1.16558575077
2000-05-22,-0.425850502186,25.1267224307,-10.2939943689,-0.260105129501
2000-05-23,-0.364371303192,24.2752994998,-11.1195051257,-1.76193834894
2000-05-24,0.420109848635,24.5347768018,-11.7036720742,0.911652871999
2000-05-25,-0.0117440829925,23.7162334455,-11.2349934178,1.54516299429
2000-05-26,-0.906733117043,23.277683236,-11.1536190344,1.99681585653
2000-05-27,-1.19316232679,21.5833375075,-10.7541831266,3.10660945206
2000-05-28,-0.0413265225052,22.7740226862,-9.54732755867,2.90382808754
2000-05-29,-0.40414406448,21.7831004758,-10.5407943825,3.74414406638
2000-05-30,-0.884802026071,22.1704716076,-8.97813069716,2.9751281292
2000-05-31,-0.261031574124,22.2599975534,-7.2670323629,4.60595190935
2000-06-01,-0.239331864263,23.6431356029,-6.0104054786,5.15306102221
2000-06-02,-1.24263422054,23.2444352962,-8.58284261874,4.02403890934
2000-06-03,-1.04774030687,22.9960964317,-9.00055049903,4.76853520076
2000-06-04,-0.49300981632,23.183282274,-5.68489719335,4.37178780502
2000-06-05,0.0950404440836,21.8556693847,-5.27143368789,4.60797750597
2000-06-06,-0.891357092488,22.6651420439,-6.00819203139,2.19643046267
2000-06-07,0.376313042037,22.0128841689,-7.11679229347,1.73601825611
2000-06-08,1.02332569678,20.1864308615,-5.99949610773,2.2297619098
2000-06-09,1.75959780965,19.9288174652,-5.93797915218,1.80326957594
2000-06-10,-0.454794709106,19.5699172504,-7.07826518059,2.61493432507
2000-06-11,-1.2170769427,19.5196111925,-7.67422485397,3.83984988078
2000-06-12,-1.11580535581,20.7641844408,-7.44560040659,3.22520397583
2000-06-13,-0.706334791094,20.8489623511,-8.51079093459,1.2524875678
2000-06-14,-0.660295387954,19.5039728134,-8.74285307453,2.25893793989
2000-06-15,-0.402867525653,18.4122682811,-7.46218821361,1.84459881376
2000-06-16,-0.101485497971,19.0874594419,-8.67209098667,1.86239151146
2000-06-17,-1.42623998204,19.3036677435,-8.28066358463,3.93269444978
2000-06-18,-2.62174920252,20.4933332754,-9.42187507743,3.99700260334
2000-06-19,-3.86601010479,22.0335458409,-9.52995450138,5.23889300793
2000-06-20,-2.12927565379,21.9621462137,-10.04974356,6.73631360589
2000-06-21,-1.88519991107,23.7675567466,-9.70195975602,6.22657720181
2000-06-22,-2.32288903961,24.5965991654,-11.6257362117,6.92456432922
2000-06-23,-1.55961594134,22.8433749637,-11.2250322709,5.46571471663
2000-06-24,-0.298546094083,22.974586705,-11.719114515,5.35137721254
2000-06-25,0.0232570095802,20.9263528645,-10.7984050238,5.01327490188
2000-06-26,0.883891996516,22.038049433,-11.7791197876,3.16524481424
2000-06-27,1.1514168104,21.1065987264,-13.45992423,3.23347383897
2000-06-28,1.48700205848,20.8878009491,-13.3784568236,3.14950707171
2000-06-29,1.1898825748,20.95071979,-13.1431077629,2.26405932553
2000-06-30,0.855262925256,21.889301599,-13.3401596486,0.741033116725
2000-07-01,0.0846439271119,21.5782149109,-13.7567046643,-0.183011068584
2000-07-02,-0.370436553496,20.1865542017,-14.0927414565,-0.509583544293
2000-07-03,1.80133982798,19.0320062823,-12.9991528154,0.105303174191
2000-07-04,1.7448615601,20.4606573836,-12.3589801638,-0.889275744006
2000-07-05,0.807605069349,20.6211886195,-12.560922304,-0.390944604009
2000-07-06,-0.514446303371,21.7218030801,-10.7103696334,-1.01626106459
2000-07-07,-1.73437882788,21.8237974704,-10.8088851618,-0.418245885851
2000-07-08,-0.779095549834,21.6693891989,-10.4948859831,0.0341903988539
2000-07-09,0.678840367754,22.0702219624,-10.9916681684,1.3716740184
2000-07-10,-0.63755517476,20.5330563459,-10.9747362828,1.16841470002
2000-07-11,-0.913627156707,20.734804489,-11.5336576118,1.47556751707
2000-07-12,-1.02698856387,18.4936700903,-11.723781086,1.86694865148
2000-07-13,-1.32122509558,19.1423571301,-12.1971890815,1.38166329961
2000-07-14,-1.5818889034,20.242642959,-11.1333221078,1.13079336852
2000-07-15,-1.96362525399,20.3085256737,-10.3525637075,0.991594583944
2000-07-16,-3.34808711683,19.8857278759,-9.48227789433,-0.197117396929
2000-07-17,-3.51074554651,19.3203442841,-10.2971206074,-0.612850422358
2000-07-18,-4.56854838736,20.6907219528,-11.6916556926,1.41472181751
2000-07-19,-4.50462234499,21.1165366652,-12.3889309737,2.09347326627
2000-07-20,-3.88173029251,20.8165438411,-10.9892465581,1.81396766877
2000-07-21,-3.13247316092,21.7984212626,-11.4392082751,3.13186595046
2000-07-22,-3.70735548589,22.3438173893,-10.8559017907,2.9185584089
2000-07-23,-2.99642854823,20.9720784556,-9.89607243175,3.24967044338
2000-07-24,-4.90768616096,19.0703198091,-8.61606326098,4.3387017141
2000-07-25,-3.88909945162,18.5915696737,-10.1094653295,4.62399814625
2000-07-26,-2.73598932167,17.8532956477,-8.92999693034,4.72176683187
2000-07-27,-3.78794883156,17.1314415109,-8.30241963734,5.8360569142
2000-07-28,-4.14010452172,18.0469947046,-6.76362937195,4.75830533181
2000-07-29,-4.76305877436,17.3001847133,-9.2567657692,7.68666052843
2000-07-30,-3.16918192978,19.165949507,-10.3033340046,7.73741477455
2000-07-31,-2.83653326862,19.384093676,-11.2941919145,6.75596754774
2000-08-01,-1.01597872935,20.5659817044,-11.1508518001,6.93376323448
2000-08-02,1.53339771754,20.2770843338,-10.4965884255,6.792590872
2000-08-03,0.529122518852,20.8105430746,-9.54250945602,6.76456899145
2000-08-04,1.83141011839,20.9910771503,-9.34114594731,7.55583855379
2000-08-05,2.95515686475,21.8463189125,-10.6409489907,6.37163777917
2000-08-06,2.87625427373,24.1316821596,-10.5176934729,6.32787285896
2000-08-07,2.43547270595,24.8329437377,-9.80379197804,4.00659124687
2000-08-08,3.56393969959,25.1152808369,-9.99320524468,2.65514810463
2000-08-09,4.73938882483,24.7317116367,-8.86186554849,3.23732215132
2000-08-10,4.86342071165,24.406994068,-9.19697464606,3.05224854194
2000-08-11,6.18849053412,23.1387500164,-9.37094501122,3.46707244381
2000-08-12,5.37801029185,21.4548714112,-9.0748673653,4.52274175811
2000-08-13,6.21953424264,22.539788439,-8.693451894,5.23830805177
2000-08-14,6.07203288622,23.310145653,-10.9174245288,4.76393354147
2000-08-15,5.99047479077,23.6870385282,-12.7702183063,4.40582762905
2000-08-16,6.47752726357,23.3013519787,-13.2506327674,4.61715715536
2000-08-17,5.4855090028,23.5965228983,-14.2047298099,4.19408981883
2000-08-18,5.23237936753,24.2053213941,-13.9574935405,3.32766079245
2000-08-19,6.93253049163,24.5515773167,-13.8554803908,2.69753981399
2000-08-20,8.39462361384,22.842739461,-15.2210655378,2.83785805883
2000-08-21,7.48862900485,22.2976928104,-14.2650979016,1.91648834349
2000-08-22,8.04816876662,21.764115194,-15.1565700132,3.23829703957
2000-08-23,8.19237770959,21.4137188857,-14.7066081353,3.71807530172
2000-08-24,7.6621648677,22.8829630389,-14.6310425665,3.22721702893
2000-08-25,5.36718045195,23.9309535918,-12.9856021495,4.69938129919
2000-08-26,2.52575077975,22.2897304228,-12.1946697967,4.49697827962
2000-08-27,4.77140138889,22.1990082284,-11.6080593084,3.95061094849
2000-08-28,5.92978316027,22.2552288514,-12.7579776158,3.85309023568
2000-08-29,5.42086724731,21.7109822049,-11.7280690922,5.12175603437
2000-08-30,6.08821505148,21.6599391963,-10.7295948869,4.72945432931
2000-08-31,7.43311548122,19.4819859693,-8.32628108389,5.21000712327
2000-09-01,5.2648948689,21.1880022868,-7.06963291041,6.05854434365
2000-09-02,3.72907353542,22.4916624392,-7.92091865287,6.71189912654
2000-09-03,4.54091507868,21.7966947879,-8.43061900716,5.7876989502
2000-09-04,4.67428406459,21.6596749986,-7.63700925678,5.91601618088
2000-09-05,4.01643351909,22.2370284189,-7.18991611256,6.51150948579
2000-09-06,2.6098853694,22.8043909475,-6.8256638691,5.56777364758
2000-09-07,4.53165200558,21.9957128236,-5.30209805451,4.36044576972
2000-09-08,4.00340368459,21.8164204858,-5.12925554124,2.24218058326
2000-09-09,3.60516799859,22.617214661,-3.71854725946,0.651178721053
2000-09-10,3.68416188181,21.2537476815,-3.36454927094,0.908971583208
2000-09-11,1.94386881737,21.1426492675,-1.79965459347,1.03499893912
2000-09-12,2.45439189872,21.2983503875,-0.0363330809484,1.91695890969
2000-09-13,3.38405651307,22.5769029407,-0.328386363563,3.46937024477
2000-09-14,3.58802692308,21.7873547851,-0.871325979928,2.14598317193
2000-09-15,3.84244719175,21.4740143215,-1.52860416129,1.43250499631
2000-09-16,2.55987090462,22.6779168134,-3.0727185583,1.27095463313
2000-09-17,4.15686809756,23.428952951,-2.6286970702,1.30278489548
2000-09-18,3.60138164441,22.6556888873,-4.35764193278,1.47931847294
2000-09-19,4.21034661807,22.7037537581,-3.6969236441,0.972550413158
2000-09-20,4.58672326545,22.6805827248,-3.05604039231,-1.18833505333
2000-09-21,5.67389553034,22.1640739584,-3.19907346147,1.10765107425
2000-09-22,5.33754977949,23.0515666865,-0.901018400694,1.12013999679
2000-09-23,5.7443533616,24.5897375004,-0.937261435237,2.29830325739
2000-09-24,5.96227142853,23.7899029637,-1.24524103001,2.89075300615
2000-09-25,6.25415586655,24.4390816939,0.0495303875503,3.34968043071
2000-09-26,7.37325837859,24.0672689949,-0.0703761496917,4.97166733232
2000-09-27,6.42638987604,23.2998318541,0.532311597837,6.21856953103
2000-09-28,8.74631980156,22.7364309245,0.976484898236,6.5540855524
2000-09-29,9.01424718844,23.3014987204,1.26877944881,5.86921743913
2000-09-30,8.03968216571,24.8715547922,0.352372193962,6.91749076862
2000-10-01,7.09511126289,23.3733739954,-0.267373583406,6.30735888272
2000-10-02,7.64447641473,23.0103525152,0.224854214575,4.63041264368
2000-10-03,6.86946912842,22.2497612893,0.903530613773,4.23382281192
2000-10-04,4.98581008861,21.3654762661,2.20918261265,5.64125792543
2000-10-05,6.95952533572,21.3772489449,2.39588519948,5.01489427071
2000-10-06,6.06191097857,23.4180116914,2.2413353895,1.83093813415
2000-10-07,5.65433121062,23.5798999129,2.45794521248,0.115682391853
2000-10-08,4.69725891087,24.4581611141,0.434528009466,0.891125986083
2000-10-09,4.00638801129,24.6929233272,-1.10239106013,1.82210746441
2000-10-10,4.23462653488,24.5539618332,-1.1785558205,1.76074720479
2000-10-11,3.89056470231,23.2602866266,-1.68911627751,1.37866326176
2000-10-12,4.99388942751,24.6105956546,-2.07023709334,2.8333862691
2000-10-13,3.79406613043,24.2560620253,-2.3833822926,2.76965347081
2000-10-14,3.68641860631,23.0874766621,-3.59582399182,0.990595679399
2000-10-15,3.31921260395,21.8255403667,-6.04182851391,-0.0329962643714
2000-10-16,3.33140924361,21.1978537038,-6.47598865634,1.2146721715
2000-10-17,2.10365281131,20.9676226605,-7.10334038264,2.70487747254
2000-10-18,0.835026759079,22.7930182151,-7.9790764085,4.03182785704
2000-10-19,0.662840521982,24.3825924065,-7.1985791361,3.29643076345
2000-10-20,0.95315913815,24.2711724453,-6.22961395217,4.43221634475
2000-10-21,1.59854870026,24.6598225825,-4.73136993789,4.93692432584
2000-10-22,0.709109182491,25.2344208724,-3.93772927537,4.9514703285
2000-10-23,0.957403745698,25.7566426291,-4.16335347046,5.63716421245
2000-10-24,-0.179285649022,26.25067722,-5.95433477554,4.52260026549
2000-10-25,-0.700585986963,26.6413369459,-8.49194624681,5.59551347421
2000-10-26,-2.00269771222,27.4527311015,-8.29091607842,5.62268190325
2000-10-27,-2.04197506944,28.5266547108,-8.24204753906,4.9551028427
2000-10-28,0.199472330552,29.3229307757,-5.91490210607,4.25583688679
2000-10-29,0.277687153375,30.49029889,-5.19246222072,6.78814829102
2000-10-30,-0.528783766657,32.124291502,-6.5474059624,7.05984046005
2000-10-31,-1.04113996846,31.868536741,-6.94029331773,5.44844446144
2000-11-01,-0.761870315024,30.1777228438,-5.45022117187,6.86280782205
2000-11-02,-1.35948282143,30.1507514432,-5.82394436015,9.1445632551
2000-11-03,0.683530613135,29.5433447271,-6.38864376703,9.07350838867
2000-11-04,0.806333298278,31.2037663526,-5.94835432604,8.79324763699
2000-11-05,1.31459792659,32.2163684293,-6.30562812035,9.25732944849
2000-11-06,1.86709378387,33.0668798892,-5.97042637191,9.84750862172
2000-11-07,0.560285211811,32.9325310098,-6.28269698148,10.370893711
2000-11-08,1.19540565988,34.4020953712,-7.25355013398,9.84772183233
2000-11-09,0.0371405996809,33.515245863,-6.46783192172,10.7935822303
2000-11-10,-0.761614635473,33.3633025248,-5.64322317989,11.4401234678
2000-11-11,-2.42680600039,32.4072540328,-5.99961127428,9.45994191011
2000-11-12,-2.87262344224,33.2335613819,-6.31637404724,9.44890340571
2000-11-13,-3.22115588866,34.0596129683,-4.21992302969,9.97558134032
2000-11-14,-4.26192171925,35.3902815372,-1.97180095938,10.2583633469
2000-11-15,-3.24793089399,34.9413786986,-3.44932449253,10.5320292296
2000-11-16,-3.90919981222,34.8431782762,-3.87003244098,10.9292994492
2000-11-17,-3.53798907361,34.3641016125,-3.07283894678,11.902833887
2000-11-18,-2.65764283108,35.0082554082,-2.55697921041,11.5172123299
2000-11-19,-1.6677017307,35.3367394138,-4.10036414102,11.2669212506
2000-11-20,-1.00523465034,35.7051545437,-3.57629778913,10.7997317133
2000-11-21,-0.937565452664,35.8577898525,-4.05087574745,12.1975158932
2000-11-22,0.501096754856,33.7944407062,-3.86444870172,12.7838350573
2000-11-23,0.882499816557,34.3405338726,-4.1062873452,13.7010641354
2000-11-24,-0.240829967478,33.4979604199,-5.16541307347,13.6299516005
2000-11-25,0.12180879847,34.8956159071,-4.27255669891,12.8353962417
2000-11-26,0.765437626892,34.9842015364,-3.87531779924,13.8359672393
2000-11-27,1.94212219822,34.7007216874,-4.81700594596,13.7645951131
2000-11-28,2.65356084813,35.8043770176,-4.61815254689,13.4008534561
2000-11-29,2.79224221206,34.7781724347,-5.1285463694,12.9127420228
2000-11-30,3.8230357896,34.2196397172,-4.79407196141,13.6146488654
2000-12-01,3.96889452828,34.4673549615,-4.25924417349,12.9644541623
2000-12-02,4.3008170001,34.2907820312,-5.17255558308,12.6810090595
2000-12-03,5.08536770272,35.3159178618,-6.64656899404,12.7209610793
2000-12-04,5.16587073583,36.088078017,-6.71421094926,12.6751812509
2000-12-05,4.72828550905,36.0653377765,-5.8609334347,13.1240481289
2000-12-06,4.9563933032,35.3915738257,-7.38670732787,13.0629628034
2000-12-07,6.10179186992,35.3244065583,-7.79347765325,11.1517588764
2000-12-08,5.36217671773,36.6055675837,-7.28219192619,10.6010296561
2000-12-09,6.10832356729,37.911887675,-8.06699617779,10.1548064509
2000-12-10,5.9860126327,36.3355494485,-9.47427917699,11.0421568176
2000-12-11,6.16866546293,37.0302271465,-8.72006678736,11.9024896053
2000-12-12,5.77738126725,35.6651305359,-8.48106862341,12.6066999629
2000-12-13,6.08004860882,34.7266674744,-9.26281726011,15.0881883893
2000-12-14,6.13119213972,34.7610139012,-8.01445668563,15.6912910205
2000-12-15,5.49000157325,34.1512487329,-8.58774508803,14.9648785879
2000-12-16,6.17739502574,34.5096905881,-8.42641353316,16.3237041865
2000-12-17,7.10209429189,35.5036223897,-9.26265419459,17.2397220996
2000-12-18,6.94508309278,38.4773568085,-10.0029139547,17.4229441919
2000-12-19,8.01449231282,40.425341632,-8.2452787219,18.1047830561
2000-12-20,8.78671007402,40.151436582,-7.96488774468,19.0882582278
2000-12-21,7.12920570256,41.4326069066,-7.2216179462,19.1634359345
2000-12-22,7.23915021668,41.9410587094,-7.61498425019,20.0577639576
2000-12-23,8.27950603872,39.7826112458,-8.77051047492,20.7857275164
2000-12-24,8.8224905044,37.9801047382,-6.6604961252,20.6488731617
2000-12-25,8.79126709134,39.0488003447,-7.43826379295,21.8029831504
2000-12-26,9.53837568219,38.1207075385,-7.09541582704,24.0104631171
2000-12-27,9.13461164133,37.0737846455,-8.05687818759,25.101078642
2000-12-28,9.19504098701,36.8384159683,-9.23799221013,23.8419995717
2000-12-29,9.83351607875,36.2411271741,-9.29276853898,22.8360676869
2000-12-30,8.2635937597,34.7509272487,-9.75141650769,22.750361157
2000-12-31,8.0235873664,34.7891797884,-11.2292363419,23.2540353522
2001-01-01,8.63049773331,35.9986822356,-10.7226393084,23.9418829247
2001-01-02,9.05763472768,36.962844956,-11.7325767062,25.4744063691
2001-01-03,9.15222417648,36.8054574575,-11.5435594952,27.360863109
2001-01-04,8.06421289826,37.5888973527,-10.7137137058,26.3706702695
2001-01-05,9.26830842488,38.8316115518,-11.2650408228,26.5536053363
2001-01-06,9.66767037338,38.490273334,-11.0199545681,27.099171597
2001-01-07,9.42689968523,35.9968485623,-10.2955492685,27.7091063018
2001-01-08,7.87803384682,35.5516237904,-12.3756231734,28.3956797034
2001-01-09,8.561173345,35.2905846152,-12.9603997176,27.5164634563
2001-01-10,6.74090264813,36.1335570224,-14.8422886775,26.567341338
2001-01-11,7.02673197261,37.417707267,-14.3680703254,26.1583542634
2001-01-12,7.49973981018,36.7513477132,-15.2483461726,26.2089113998
2001-01-13,7.79463446606,37.5459568534,-14.8639558778,24.1861210225
2001-01-14,7.27154589772,39.1176779658,-13.8694483882,24.9404371291
2001-01-15,7.69800823733,39.5450303166,-15.601183144,24.3831816084
2001-01-16,9.28913334605,38.5842733396,-15.6823217517,25.1977674631
2001-01-17,8.5347973619,38.6881956666,-15.637539741,24.6541138535
2001-01-18,11.3757519596,39.414993148,-14.4789786204,24.3910246227
2001-01-19,12.0376685984,40.1240816312,-14.4455410433,26.5600871751
2001-01-20,10.9581404125,39.2927380677,-15.3994955534,27.6352736554
2001-01-21,14.0041984161,37.8226804699,-15.4514872112,28.0381717897
2001-01-22,15.0995082912,38.1730360667,-16.0288794244,29.9142834315
2001-01-23,16.3529948379,39.0145651035,-16.9984231188,29.7012859263
2001-01-24,15.0724060447,38.1636610376,-15.506935612,31.3132988799
2001-01-25,15.9902487858,38.0817577426,-15.6208810184,30.9766043483
2001-01-26,14.7324015861,37.3388663209,-16.0880092802,30.0901576019
2001-01-27,15.0840265099,36.9171106483,-17.6596444036,30.0718657688
2001-01-28,16.0006992522,36.9184196432,-17.5291610861,27.1886585684
2001-01-29,16.3313795767,38.9855564573,-16.2072914608,27.8087336088
2001-01-30,16.4909797348,40.6400348681,-14.8359085688,28.1016610857
2001-01-31,15.5938910206,40.0031165596,-14.7530298691,28.4654387239
2001-02-01,15.3792309938,37.3081743194,-16.459155667,28.3291314445
2001-02-02,15.3534062841,37.254989185,-19.0075093761,29.1737678057
2001-02-03,14.1385051134,36.9878079643,-19.1907028277,29.7063557951
2001-02-04,14.8957230719,36.7547112917,-20.2020590311,30.9525030253
2001-02-05,15.5266067474,38.0287530454,-20.6744136134,33.0294001185
2001-02-06,14.5668520871,38.2045524632,-19.9452906097,34.1679996012
2001-02-07,13.683457886,37.8836374537,-19.6110274883,33.7427538377
2001-02-08,13.976648311,35.7078044952,-19.7714734465,33.4036100487
2001-02-09,13.1162334624,36.4920529536,-20.3948988296,32.3857301263
2001-02-10,13.5710150746,36.8166604494,-21.9229033692,32.0839574934
2001-02-11,11.4251443526,36.9674309566,-24.1819934261,31.3437477511
2001-02-12,10.6765986143,36.5389676774,-23.578159689,30.7369940487
2001-02-13,10.674394555,36.9749860998,-23.6920357404,31.4194705505
2001-02-14,11.5053362548,38.2337761647,-25.6636107578,29.8077129358
2001-02-15,11.3970015084,40.2511934715,-26.6930128013,29.5417970555
2001-02-16,11.6431930321,40.8086840594,-26.9299562304,30.3627026668
2001-02-17,10.7827812697,42.5302622388,-24.6219751055,29.753500806
2001-02-18,11.8032545976,43.3946767302,-25.486324849,29.8574338901
2001-02-19,13.5539907015,42.8278484548,-24.8458673225,26.8810878695
2001-02-20,13.5921692807,43.5414074814,-25.213891468,27.5558598071
2001-02-21,13.9996217181,43.8252610527,-25.3126956963,28.4987040739
2001-02-22,14.3096597575,42.9414639416,-25.9143728074,30.4402935738
2001-02-23,12.3781132842,42.4397117391,-26.2973329715,31.0727754075
2001-02-24,11.0993241832,41.4135195882,-27.8805209449,32.6387526856
2001-02-25,10.4656229344,43.1826239641,-28.1371372053,31.1650652514
2001-02-26,10.3574844172,43.501246537,-29.2213766839,31.4460326934
2001-02-27,10.5941136432,44.4542915932,-28.1522872995,29.4191655401
2001-02-28,9.81727261177,45.0314538039,-28.0015060041,29.4521352742
2001-03-01,8.79677879555,45.7409679438,-28.7801199076,29.2527724755
2001-03-02,8.74803720241,46.6755966499,-29.6756426551,30.9740774734
2001-03-03,9.01866909769,46.8081571722,-28.6550846709,30.791196268
2001-03-04,8.15725285395,48.955377496,-26.7340371167,31.6076569165
2001-03-05,9.5327339998,48.5651522319,-25.8230067011,31.8175256619
2001-03-06,9.56103699917,47.2786907357,-25.7039173785,31.7219978107
2001-03-07,12.1038726735,45.7613749721,-26.6030424601,32.4802316806
2001-03-08,12.3471786847,44.7827822271,-24.9897542568,33.8596337094
2001-03-09,12.6541615351,43.6357849166,-24.6606511264,34.4492441103
2001-03-10,13.3275644465,45.4074163368,-24.2685262155,34.9623244752
2001-03-11,12.8856654699,46.0799337651,-24.4964806324,34.8604114363
2001-03-12,12.2125750499,45.9663677749,-23.3010185384,33.6853216862
2001-03-13,13.215078234,43.7263555712,-24.5202743246,32.6340049568
2001-03-14,12.5060564383,43.340801029,-25.7897261446,31.224159406
2001-03-15,12.7595182606,43.8686035701,-25.6636024978,31.3064550385
2001-03-16,12.6549940705,43.5850690708,-23.3794246651,30.8305191776
2001-03-17,13.4474383287,42.3714020804,-21.612585565,31.5941225125
2001-03-18,12.501985012,42.8885279495,-22.8600074939,32.0247338683
2001-03-19,11.9851973834,41.8335028821,-21.9489081299,30.65664003
2001-03-20,12.9369158525,42.1178201465,-20.3947027952,30.7248128716
2001-03-21,12.8740630712,42.4211997202,-20.5707476067,32.5279765758
2001-03-22,11.9538174674,43.2728943322,-21.4214370299,33.0770699933
2001-03-23,11.9629459295,42.7287750898,-20.4231044588,30.686484453
2001-03-24,13.4137305032,41.7833980736,-19.6805632958,32.8336554619
2001-03-25,13.5677221705,41.9778358918,-18.4100736425,33.6218826852
2001-03-26,13.4135113835,42.8640293241,-19.4966235013,33.1264572769
2001-03-27,11.6101891967,43.965733764,-18.5262417999,33.7736396534
2001-03-28,10.4171491632,44.1567490959,-17.8168019054,31.5418909498
2001-03-29,11.3007883375,45.787302667,-19.7468724997,31.3860393895
2001-03-30,11.7201196485,46.2514029409,-20.0161499425,31.685257573
2001-03-31,12.8243786309,45.5868409756,-18.851543861,29.4855851895
2001-04-01,11.8509667122,44.9379575391,-18.8840117002,29.8185433992
2001-04-02,11.113702223,45.6800872421,-18.1482993469,29.2737302859
2001-04-03,10.2565487788,47.3249980969,-16.3687369682,30.1364969449
2001-04-04,10.5192928915,48.1502654899,-15.972963539,30.8258546865
2001-04-05,10.6504366006,49.1303187738,-16.1795450098,32.290093896
2001-04-06,10.3637332019,49.8215183398,-16.7324491146,31.39439053
2001-04-07,10.914878153,51.3723782147,-16.4176121361,29.7901628487
2001-04-08,10.6586093663,50.8514413252,-16.306711954,29.2252632273
2001-04-09,10.1592021018,52.9161765644,-15.1378316637,28.7793523126
2001-04-10,10.5846350473,51.5103659771,-15.1851220097,29.6430950816
2001-04-11,11.0667673982,50.9653014439,-14.0563931738,28.7853930562
2001-04-12,9.72653343461,50.712944037,-15.2029296823,31.9208719227
2001-04-13,8.12976958677,50.3006418601,-16.036202134,31.6095432783
2001-04-14,9.55836652971,51.2659943268,-15.8168384898,30.8507567259
2001-04-15,10.3309328923,51.7589275595,-17.094676525,28.6922602725
2001-04-16,10.3008003824,52.0178977051,-18.4068516655,28.0549809614
2001-04-17,10.1471713114,53.2828541939,-19.8866728217,28.4599654999
2001-04-18,10.3111685841,53.9206716158,-19.7249459912,27.2080919865
2001-04-19,9.3997495976,53.0270980454,-20.5198307332,27.6645394222
2001-04-20,7.81697164163,52.3416338722,-21.0670780631,27.948409822
2001-04-21,7.75800559908,52.2726446416,-22.3971489075,27.1361717301
2001-04-22,6.44685061681,51.5662573608,-21.6134145763,28.4822077655
2001-04-23,4.23422261668,52.4107190993,-22.0013990418,27.6694207514
2001-04-24,3.42537828345,50.6767662464,-22.0329383597,28.915610937
2001-04-25,3.61945138922,49.6207312455,-21.8043426055,27.5836205208
2001-04-26,5.90895506755,48.1329548692,-21.9520661506,27.5445301073
2001-04-27,5.01635301572,48.7932082085,-22.1831614407,27.5670494821
2001-04-28,4.70546443044,49.5546838018,-22.1027200878,27.1152593587
2001-04-29,3.90342102503,49.8782556597,-21.7853728373,27.1505695974
2001-04-30,4.5700025646,49.7296415117,-22.7564530728,27.1291212596
2001-05-01,3.63937933643,48.2356726512,-24.1953520808,27.6067555465
2001-05-02,4.01882165889,47.634989079,-24.7214333021,28.98788679
2001-05-03,5.18879618204,48.9189025572,-23.8544300471,30.7653680782
2001-05-04,4.94483914813,48.2220992496,-23.6307369055,29.6253670769
2001-05-05,4.58336366207,49.0806405846,-24.6556162389,29.5561646746
2001-05-06,5.27834936141,50.7504422272,-25.8262723501,29.8770230885
2001-05-07,5.79136444472,48.2330697593,-24.3884200509,29.685822579
2001-05-08,5.464461774,48.4341419473,-24.1899618804,27.8152308163
2001-05-09,5.52443790825,47.7836462806,-24.5803152534,28.4056519078
2001-05-10,6.64835767168,47.6562258528,-25.4611174454,27.2510219757
2001-05-11,6.38109709713,46.4456058874,-26.1784434165,28.2858507195
2001-05-12,7.02994867132,47.3931526214,-26.2124403981,27.8138553284
2001-05-13,7.11161096791,47.5799445484,-25.7562472751,27.1567105212
2001-05-14,7.89414550957,48.4251938884,-25.4338429578,27.2769124004
2001-05-15,7.67451224674,49.2261050749,-25.2101299833,27.9626106203
2001-05-16,9.52063605572,48.6347060843,-25.4599717752,27.8755152449
2001-05-17,11.0222167361,49.5033823494,-24.6507088901,28.7848953007
2001-05-18,11.2756175351,48.2512610896,-24.0290549876,26.7523957652
2001-05-19,12.9371198184,45.9286941568,-23.1229254364,27.1936946015
2001-05-20,12.7758605552,45.0173108497,-23.3116303517,25.5617098623
2001-05-21,12.6845643752,43.8101198349,-23.8684667343,24.2233997299
2001-05-22,12.9116500863,45.7861133158,-24.6813265544,22.5848605732
2001-05-23,12.2652161013,46.8361434757,-24.9591734732,20.6131688904
2001-05-24,12.9078052709,47.1367707277,-26.4673691722,18.2535007849
2001-05-25,11.2898285827,47.5344361747,-26.1056604545,17.917974527
2001-05-26,11.3814386474,48.7073633867,-27.7446282979,18.3811272798
2001-05-27,12.1900157805,50.2217838086,-26.0309458266,19.5729927609
2001-05-28,12.5131833489,49.9056680902,-26.141436969,19.6949755565
2001-05-29,13.022649527,50.8631306319,-29.2122536116,19.628167443
2001-05-30,14.0355183929,51.6739450038,-28.7843696652,21.5314026881
2001-05-31,13.2207137652,52.5048618005,-29.7372812468,22.7024384567
2001-06-01,11.9438455727,52.6835481702,-30.0407820029,23.3354734099
2001-06-02,11.0030495858,52.9461561898,-31.0988297064,23.7565329369
2001-06-03,10.8044053996,53.5504075539,-30.6188216573,24.0041267418
2001-06-04,10.7938150027,52.8374834755,-30.2398616108,22.9706779673
2001-06-05,9.9109537468,52.0783249033,-29.2660633666,24.3276997993
2001-06-06,9.92812022869,51.9162467155,-28.6603554092,25.0462870669
2001-06-07,10.0594138138,52.7174937042,-28.6401019452,25.1324892454
2001-06-08,11.3825734378,53.3392622262,-27.5146309163,24.3914023486
2001-06-09,11.7770362275,54.7801937005,-26.0445932944,25.3562715003
2001-06-10,12.4642904159,54.1684646854,-26.8392090339,23.9419583487
2001-06-11,11.9292313227,55.6954051233,-26.3741474095,23.2910020373
2001-06-12,10.9456179243,55.9095499719,-25.9185539945,23.009411401
2001-06-13,10.9834307911,56.2008378563,-25.4037164747,22.2931952706
2001-06-14,10.7430225648,54.7065717591,-26.0057328973,22.8602635167
2001-06-15,9.99906440777,54.8925052673,-26.9305299507,23.3953601359
2001-06-16,9.61693438368,54.8907465057,-24.3701295962,23.3467779064
2001-06-17,9.38633339239,56.4528509256,-24.545065956,22.9613182378
2001-06-18,8.70880568985,57.3585989641,-23.7761211885,23.9338621179
2001-06-19,8.69806750791,57.2091222575,-23.7621559752,23.7084228798
2001-06-20,8.13963152761,57.1564734101,-24.8083955006,21.688850707
2001-06-21,7.0260598128,58.3933143517,-26.0336971177,21.4350224913
2001-06-22,6.2549886507,56.9868290621,-26.2799579599,22.6369811919
2001-06-23,5.35765243232,55.1250415249,-25.2146069523,23.1536122392
2001-06-24,6.60560247981,55.6679349159,-24.6854756702,22.7809717498
2001-06-25,5.52399794173,55.040041461,-25.3081312928,22.3425147506
2001-06-26,6.40419211994,54.2351734615,-26.3423792148,22.5151111122
2001-06-27,6.87615865816,52.7732829513,-25.7598300736,23.2075433594
2001-06-28,5.90595948345,53.6370275811,-24.5332297526,23.4243217017
2001-06-29,4.8488339696,52.0650408563,-23.8936763144,23.2035046035
2001-06-30,6.93749964222,52.6260647526,-23.6845553027,23.3628464407
2001-07-01,6.24798669779,54.1130209868,-24.6957401598,23.6961963502
2001-07-02,7.11315152827,54.15462611,-22.7551668954,22.3804709156
2001-07-03,8.28223920097,53.8136827101,-20.2442041247,22.537601975
2001-07-04,7.9453644494,54.33627668,-22.1400863097,22.7914275245
2001-07-05,6.43105392279,54.1128836221,-21.1377638653,23.1987603425
2001-07-06,6.74705559941,51.9508024948,-20.9468312376,24.9794365727
2001-07-07,7.78997012783,52.1482704745,-19.9792916595,26.2656256027
2001-07-08,8.57589008636,52.0278070459,-20.4231442925,24.770129764
2001-07-09,8.50536027373,51.2620727816,-21.1324318767,25.2675464093
2001-07-10,7.9681820426,52.1279591828,-20.967593055,23.5936930882
2001-07-11,8.18907543161,51.4599949206,-20.7806547203,24.9367131315
2001-07-12,7.28870878709,50.7771913801,-20.8347581327,23.9130357119
2001-07-13,6.579442979,51.6030244783,-19.2447339749,23.8381116793
2001-07-14,7.3601214488,50.6044931268,-18.3344509387,25.5179173328
2001-07-15,7.4244369194,49.3939624754,-17.8965256031,23.0230438763
2001-07-16,6.8230926966,48.3012553412,-19.9737833264,22.9242712176
2001-07-17,9.11866468933,47.6293270075,-19.8755042681,23.2242388747
2001-07-18,9.68068182965,47.6655528676,-19.7293873844,22.7708989961
2001-07-19,9.71164867561,47.622469972,-19.4276275362,23.5832268632
2001-07-20,9.74474693233,47.2016308784,-19.3235794342,22.5852960962
2001-07-21,9.39073104612,45.9207974915,-18.872811039,23.2045599061
2001-07-22,9.58718395395,46.582040233,-19.2807693815,24.8665968567
2001-07-23,9.38000226437,46.0692538342,-17.9805425142,25.9917864231
2001-07-24,10.3361916935,47.438449827,-16.8699055687,25.5399754083
2001-07-25,9.65881867628,46.6337192154,-16.0720299188,25.3516925719
2001-07-26,9.54219858355,47.1968462168,-14.0951770243,26.3777791938
2001-07-27,9.7538744841,45.9336893249,-13.9357065069,26.0535963781
2001-07-28,10.9915427874,46.2297565404,-12.7613832278,26.3195523997
2001-07-29,11.9403097123,47.5698466482,-12.6885622624,25.815809355
2001-07-30,12.0224515055,49.3074964942,-11.396113083,26.6940148276
2001-07-31,12.5340493693,48.2940065206,-10.9929711914,28.1047559031
2001-08-01,11.8361592296,49.8156894944,-11.0088279476,28.0437851271
2001-08-02,12.2705348848,49.7995149731,-11.5935678464,27.1605929811
2001-08-03,12.0466298609,49.4766379023,-12.9222158737,27.2495749653
2001-08-04,12.4803876113,48.6725706115,-13.5347726138,30.2083445103
2001-08-05,12.3180314131,49.6587630948,-13.9507582112,31.1755926495
2001-08-06,11.8778268152,49.0004031007,-13.8164904882,31.2334671562
2001-08-07,12.0495472315,49.5334787588,-15.8149033165,32.0997960229
2001-08-08,11.8852204939,49.7598229419,-15.9787423315,30.566061158
2001-08-09,11.9398509609,50.0839437136,-15.7716553781,30.1948069294
2001-08-10,11.2450344495,51.0401068515,-15.8922843205,29.8660946562
2001-08-11,11.2303081172,51.7215945583,-13.9902981867,30.5231979605
2001-08-12,11.8877801587,51.026338608,-14.0328351614,30.9054148764
2001-08-13,12.722656087,51.7445900302,-14.6056733004,30.0015655138
2001-08-14,13.7767662381,51.0590110821,-13.6939358479,30.8770061955
2001-08-15,14.0544752104,51.4172092964,-14.110431811,31.0041423914
2001-08-16,13.6502095245,51.1404589263,-15.2488421333,31.5397067373
2001-08-17,13.3543328914,51.4243551204,-14.434833343,30.2875542249
2001-08-18,12.4874545358,50.9647134678,-14.5696624709,30.0121754784
2001-08-19,12.6438829823,51.3785877922,-15.857176607,29.9507589387
2001-08-20,14.0048555559,50.3666451798,-16.2390432485,30.0286983893
2001-08-21,14.96019294,50.7890437722,-15.8782411117,29.3046268456
2001-08-22,14.4527875187,50.6859603324,-15.4702915459,27.966624066
2001-08-23,14.23829686,52.3631232954,-15.656914407,27.3602055609
2001-08-24,14.9400154421,52.9919257782,-15.1628785244,26.8533284452
2001-08-25,15.5813339944,52.0888863548,-15.2824482667,27.736341893
2001-08-26,16.6853585037,50.7530985167,-15.6282912755,27.491162181
2001-08-27,14.9379540251,48.6919651169,-14.3880851979,28.7859964916
2001-08-28,16.4085751153,48.8186629532,-13.5487035013,28.0266458022
2001-08-29,17.2122316242,48.4799983834,-13.63523463,29.1185114363
2001-08-30,17.7204127196,47.8767197193,-12.1530837082,28.5509089925
2001-08-31,16.3969220781,49.2949640252,-10.9990071788,27.8606684597
2001-09-01,15.7003035128,49.3885333251,-11.9389127638,27.597908266
2001-09-02,14.9750353563,48.2942110458,-12.9060929362,28.4116768461
2001-09-03,13.4691044037,49.2845112882,-11.8475206961,28.9699584894
2001-09-04,12.6618447271,48.4437891684,-9.92883326802,29.5661318751
2001-09-05,12.0981387988,48.7908697092,-11.6118934023,30.3420771444
2001-09-06,12.2901443021,49.3251772662,-11.2439239545,29.5637779798
2001-09-07,11.0774391265,48.8450038365,-11.8511459247,29.5286549598
2001-09-08,10.1390889113,47.5358089394,-11.9029629106,29.807793631
2001-09-09,11.6442152337,48.6634069115,-9.88609370057,31.485294833
2001-09-10,12.4547916688,47.4850235981,-9.03006579414,32.4127631019
2001-09-11,12.6642603835,48.5943630583,-8.71409057952,31.8741558824
2001-09-12,12.9188482202,49.2270715634,-10.1227831282,32.8769057103
2001-09-13,13.8837456551,48.9859424642,-9.1547256671,32.3365098854
2001-09-14,14.9240499735,49.2557995723,-11.568529257,31.1118401174
2001-09-15,16.6223203503,49.3086872621,-11.9792649479,30.8128658397
2001-09-16,17.6080913921,50.8697680982,-12.4901348229,29.1716446064
2001-09-17,17.4221389995,49.9182882387,-10.7207448833,28.4527874195
2001-09-18,19.3210709745,51.4316486011,-11.3405952506,26.1123226734
2001-09-19,18.9768726165,52.9753011457,-11.2088871696,23.7408424766
2001-09-20,18.737031767,54.0392436504,-12.7515462377,25.4637964166
2001-09-21,18.6705801819,55.0892599476,-12.7965003903,25.909723195
2001-09-22,17.5809554,55.4044776314,-12.9671658256,25.8738234786
2001-09-23,16.868976935,54.2032622305,-12.6724329411,24.6676559268
2001-09-24,14.9875568347,53.8400825195,-11.494812535,26.0511063686
2001-09-25,15.6530376284,52.8932020667,-11.089268481,26.5602657612
2001-09-26,14.7940058398,53.5192107064,-9.5786507784,26.7198417733
2001-09-27,15.0608460385,55.4991734928,-8.22798462203,27.5990366188
2001-09-28,15.7880807846,55.7134270441,-7.01813088161,26.7552598675
2001-09-29,15.8219735702,56.3539848163,-5.99458039186,26.7621969714
2001-09-30,14.9404356994,57.01165599,-5.90846312311,25.9911967381
2001-10-01,14.4584707206,56.5616295632,-5.02748864929,25.9160964327
2001-10-02,15.9990555285,57.869154284,-6.0825930922,25.1801115069
2001-10-03,16.9424386109,57.8932471337,-7.00781929279,25.4305173839
2001-10-04,16.6582601724,55.4970229293,-7.07345539652,25.3847138513
2001-10-05,19.0878233776,57.0925573228,-6.72461639284,26.9750966697
2001-10-06,19.7761060727,56.23738148,-7.62896300176,26.7182945533
2001-10-07,20.44555214,56.4931164179,-7.14212294292,27.3009515224
2001-10-08,21.021481118,56.4791701539,-7.39936796483,26.5838408479
2001-10-09,19.8994864964,54.807704305,-10.0348152889,26.7806663039
2001-10-10,19.3273008828,56.1908162765,-9.59250838239,25.7090262916
2001-10-11,18.9722337502,55.6413366823,-10.3149513787,27.4288284438
2001-10-12,18.0691217147,55.4199715041,-10.0198134956,28.1000217221
2001-10-13,18.4529916593,56.0927246116,-8.92030070947,28.0924018232
2001-10-14,18.8861500801,55.3359702128,-9.72077623303,29.0824153157
2001-10-15,19.9887236431,56.2731375947,-9.94602869656,27.7800052939
2001-10-16,20.3033534994,56.1832963912,-10.036989005,26.7277326752
2001-10-17,20.367441595,56.5490892636,-9.49145576946,27.3246883769
2001-10-18,22.9766124987,57.1806455385,-10.2789789329,30.2469973371
2001-10-19,22.0688317515,57.1763410108,-9.05691941003,30.6098872237
2001-10-20,21.7736587478,57.5746441301,-11.1702592136,31.3184263823
2001-10-21,22.3415328635,59.0169916667,-12.1059651171,31.0432409031
2001-10-22,23.3371795431,59.4992070511,-11.9033572311,31.6640179208
2001-10-23,24.2359504645,59.450686565,-12.3356212637,31.0666685922
2001-10-24,24.5707996731,60.6196866637,-12.4402896628,31.5107403925
2001-10-25,24.1813777471,60.8887710881,-13.1105281506,31.8036651432
2001-10-26,24.6784889757,62.2858965844,-12.8542024511,32.1323424045
2001-10-27,25.7864922534,63.946421015,-12.3771694046,31.0217572697
2001-10-28,24.8030150348,62.2154177684,-12.2312168302,31.8462740468
2001-10-29,23.1103107697,61.6239526033,-10.5967721368,32.35733368
2001-10-30,22.2793369316,63.7198948443,-12.972996661,32.2004559393
2001-10-31,21.9610878988,63.7074820834,-12.1120494408,33.2287133764
2001-11-01,21.6052116998,62.8093932003,-12.1397708481,34.1969380739
2001-11-02,22.1572042768,62.9808078063,-12.7519454342,33.5928019154
2001-11-03,21.5305364969,61.445717466,-12.7683303315,34.3226720027
2001-11-04,21.0080952571,61.4765584003,-13.1743574877,33.6429863532
2001-11-05,21.0148477636,61.0983778106,-15.0543239902,33.2495898975
2001-11-06,19.4563758148,60.5743638943,-14.3802127311,32.6866907267
2001-11-07,20.2306977295,61.2283269123,-13.276291216,32.4444768908
2001-11-08,20.4194327853,61.0972723857,-13.2696828925,32.6330952071
2001-11-09,20.4816192567,60.1812439649,-12.7142813353,32.9480413615
2001-11-10,21.0752957363,60.7042521599,-12.2846288546,31.8852253879
2001-11-11,20.7459647063,60.9801774085,-11.916026498,32.6352559504
2001-11-12,19.1871168824,61.0491728532,-12.3822934971,32.814765915
2001-11-13,19.3770640218,62.8735816275,-13.7431105892,32.311393609
2001-11-14,19.6590116118,60.9287980505,-13.7667476865,32.435083179
2001-11-15,19.2162128601,60.0459559011,-15.2975998285,32.2195307153
2001-11-16,18.2975419994,59.3542724582,-15.2794093002,31.3056986024
2001-11-17,17.0841006719,57.7312531366,-14.2572846295,29.8440790816
2001-11-18,16.0359857312,57.8857288779,-14.5849746564,29.9924463859
2001-11-19,16.1385586201,56.4854132795,-13.1948937874,29.0053138703
2001-11-20,15.3622527716,57.4300483794,-14.0601172896,30.5258871922
2001-11-21,15.8185921673,57.7096148425,-15.6964918708,28.9988955498
2001-11-22,17.6454418783,56.9457527212,-16.3252582675,30.2075903412
2001-11-23,18.7674615679,56.2189827155,-17.1012943873,30.1799978343
2001-11-24,19.7966784016,56.0823991962,-19.3088791205,29.893499811
2001-11-25,20.2154479993,55.4080310102,-18.428356085,30.2799284974
2001-11-26,20.7238986028,54.758311525,-18.5296646707,32.3973423499
2001-11-27,21.2361490882,54.0556404299,-17.4161618755,30.9521014521
2001-11-28,20.7355090692,54.4195258484,-17.1070469357,31.1224599992
2001-11-29,20.6050988662,54.3058738561,-16.2593474176,29.9832231914
2001-11-30,19.3763061252,53.6538382833,-17.6189287831,29.3404914199
2001-12-01,20.4479260468,55.2947079504,-17.3681860247,28.5263582031
2001-12-02,21.1856056211,56.6772152822,-17.420400137,28.6365365502
2001-12-03,20.66923671,57.788907099,-16.8344803806,29.2098022986
2001-12-04,21.6736233869,58.038958754,-16.0960552089,30.8977884627
2001-12-05,21.8304952098,56.429355374,-16.4636694919,31.5551592359
2001-12-06,22.3144441161,56.0685955267,-17.4446480785,31.6879803636
2001-12-07,22.7399139163,54.4572107464,-16.930003387,30.8996627415
2001-12-08,24.8848299344,55.0482666261,-17.8500579247,28.7945985328
2001-12-09,23.1725283541,56.6405378238,-17.8585556125,30.9097526411
2001-12-10,22.6513154955,53.5752965228,-18.5670218443,31.8286019295
2001-12-11,23.4292168599,53.1825921218,-19.3045197707,32.2291542087
2001-12-12,23.7642909913,54.0339661576,-19.0916066481,32.5719932228
2001-12-13,23.4245102564,53.6623048591,-19.3540230056,32.6061420064
2001-12-14,22.1918712673,54.2083732343,-19.1859032206,32.5282233149
2001-12-15,22.4377477708,54.2340115939,-17.6812306579,32.1791838061
2001-12-16,22.466292494,52.748389235,-17.788201264,32.5769222735
2001-12-17,24.3909460182,51.604409481,-19.2551542161,33.6639596872
2001-12-18,24.7067341305,52.3389515007,-18.6542062909,32.8108943152
2001-12-19,25.5899775371,51.8955053134,-20.8746851054,32.9176245497
2001-12-20,25.4525047062,50.7366373973,-20.7408545665,33.5862746338
2001-12-21,24.6097967379,51.7922714054,-20.5963651905,34.7001545711
2001-12-22,25.7150505325,51.4198579961,-19.7221726941,35.4764483761
2001-12-23,25.4985309944,51.8258557389,-19.8344176672,36.379836384
2001-12-24,25.946259352,51.575148593,-19.2377493347,35.9528564398
2001-12-25,26.3184871858,52.1585074287,-18.9541040644,36.275458383
2001-12-26,26.6956372732,52.0513351154,-18.8331203449,35.7384603671
2001-12-27,25.6919297155,51.9177182343,-17.5453882157,37.195032265
2001-12-28,25.6772681147,50.5322910522,-17.1305202952,36.169727088
2001-12-29,25.6721202244,50.2286384428,-18.7261907819,36.9708767269
2001-12-30,25.2512019364,50.4548513146,-19.2245494153,37.0618521676
2001-12-31,24.1538069999,50.3894655893,-17.9920751339,37.0950584764
2002-01-01,23.5935686456,49.9545074552,-17.4104111003,37.5194499985
2002-01-02,25.1288364466,48.4541289684,-16.08076948,36.8980229706
2002-01-03,23.4296253245,47.3837117828,-15.7639427491,37.4700910264
2002-01-04,21.9654210676,45.5542916277,-16.6891440805,35.7601651634
2002-01-05,22.4972930182,44.9553635338,-15.6497512387,37.2114624643
2002-01-06,22.6651222608,45.6066217974,-16.0139392568,38.0410195938
2002-01-07,21.646770297,45.404482497,-16.5452099737,38.5895223415
2002-01-08,22.2724431979,46.2682250366,-16.325177906,38.499705662
2002-01-09,21.2440321731,46.3598320257,-16.9783181759,40.071092944
2002-01-10,22.695248605,46.8720376424,-16.6315542503,40.7755658034
2002-01-11,21.0622473677,44.9610713138,-15.4482894325,41.5355636829
2002-01-12,21.0490451887,44.0669353313,-16.4442479652,40.9812739581
2002-01-13,22.8251251586,42.866089847,-16.3697805637,41.3956087823
2002-01-14,22.8518023657,43.2844321987,-15.8571215359,41.3711100188
2002-01-15,21.862430636,44.9582203535,-16.4840336401,42.5917881804
2002-01-16,22.3009586008,45.7619856862,-16.7484449875,44.9156651334
2002-01-17,21.9187221769,45.323122067,-18.3901083392,44.0035271065
2002-01-18,22.8406711056,47.5225649159,-18.9948574377,43.0236650218
2002-01-19,23.660736691,45.5545720532,-19.1572758449,41.0851711151
2002-01-20,22.8962759374,46.5035736035,-20.1402416435,40.1136365121
2002-01-21,22.6245891921,46.9247217794,-19.7878936461,39.432048249
2002-01-22,22.1487705197,47.5035763861,-20.67122455,39.3631427884
2002-01-23,23.1180407988,44.2239472488,-19.994881174,40.074245859
2002-01-24,22.064783229,42.942200398,-19.6605108988,41.1162515312
2002-01-25,21.6852021219,40.6612086789,-20.09222689,42.1656441204
2002-01-26,21.0446677386,40.8889140832,-21.9061147552,41.92418021
2002-01-27,20.7442886828,41.3047514726,-20.3103519089,43.2182387385
2002-01-28,20.7909237342,41.3745045432,-20.7996661083,41.8609957192
2002-01-29,20.0054570177,41.5005741972,-20.5663655098,43.0294958702
2002-01-30,18.9756799966,40.8498685073,-19.2820867642,42.6587056358
2002-01-31,17.1818910617,39.7982710303,-19.878917641,41.7937982602
2002-02-01,17.8306627711,38.6380779928,-20.3747626267,44.2785713727
2002-02-02,17.3501788905,38.8278901593,-21.4921522814,45.5194282138
2002-02-03,19.2428515113,37.3098111403,-22.1253140296,46.4701584722
2002-02-04,18.8804087891,38.2756281684,-22.4253109988,45.9675862653
2002-02-05,18.7362048303,37.118182693,-20.5831165463,44.6710722104
2002-02-06,21.1954493404,36.9566869714,-22.1018593281,45.6221941579
2002-02-07,20.2962029233,35.1144999281,-22.7527384332,47.6254986996
2002-02-08,21.3846800213,35.9835224414,-23.170966067,47.8023109152
2002-02-09,21.9943833176,36.2905051727,-23.9682208584,45.7546321543
2002-02-10,22.9984675785,36.4614681028,-23.7816923625,46.1125351103
2002-02-11,22.2169155204,36.6464599326,-23.2387555692,46.8858822568
2002-02-12,24.0655548343,36.5993182733,-23.3421711022,46.6745535697
2002-02-13,23.8064216746,36.7571108985,-23.2395354372,46.5882697295
2002-02-14,24.4279802621,37.9636102329,-23.5746157513,45.2356631863
2002-02-15,25.2343670758,37.8585619665,-21.9888525847,45.5451077661
2002-02-16,26.5563176239,36.6028263267,-23.065953089,43.6673493327
2002-02-17,28.067543895,36.4170244602,-24.1242412886,45.1780757526
2002-02-18,28.2916221435,35.1627630649,-22.8178571343,44.5791583237
2002-02-19,27.416795177,34.3646819456,-21.9046329478,45.8938024307
2002-02-20,24.6613895612,33.5751201895,-20.0475453729,46.3428950186
2002-02-21,25.8131413085,32.0188789885,-18.9055946517,45.9513761533
2002-02-22,27.2875029663,31.8467415203,-19.7846975642,46.0210541876
2002-02-23,28.6656192975,31.8112199786,-20.768185993,46.7670734887
2002-02-24,27.3725163197,32.9531181392,-20.6058202648,47.241367292
2002-02-25,28.5320062917,32.4373066057,-20.1179305893,47.6411688039
2002-02-26,29.0499097598,30.6004699983,-20.4637065473,48.061180599
2002-02-27,27.4669883316,30.7844284017,-20.218947091,47.6829708361
2002-02-28,27.6100363712,31.3975525143,-19.7171394354,48.8272180628
2002-03-01,26.8505881594,32.181400612,-19.7591762288,47.6908189466
2002-03-02,26.1893520007,32.1286023928,-19.5356264793,48.8498898295
2002-03-03,27.8648314179,30.939881124,-20.1069401637,49.1957717329
2002-03-04,28.3436805784,31.7129105117,-20.6416224566,49.2266227138
2002-03-05,28.5677559287,30.0829015256,-20.4075470871,48.4926685786
2002-03-06,26.9796828953,29.1038704594,-18.8304145383,49.5079271354
2002-03-07,25.8083266348,27.7121250972,-18.3307914065,51.1738521017
2002-03-08,24.684135455,26.9572865809,-18.9578333349,51.0007050476
2002-03-09,23.2638898086,27.8552946384,-19.1005189978,50.3392848089
2002-03-10,24.1039914951,28.7368690451,-18.3215754759,50.9251668532
2002-03-11,23.775690498,27.76658126,-17.4743713446,50.741031684
2002-03-12,23.5554274733,27.4171186774,-16.0360658172,51.5305615983
2002-03-13,23.2476527977,27.0179823003,-15.1180955523,51.4673411115
2002-03-14,24.1178798203,25.9150975087,-15.7621843742,52.0943546722
2002-03-15,25.1711282344,25.7905405286,-14.2049815524,53.0807144551
2002-03-16,24.8607228581,27.7016290866,-12.6591333793,53.8981916929
2002-03-17,25.6619369296,27.4883934153,-13.1310548575,53.4109459782
2002-03-18,28.9207425879,29.0557721338,-12.5473507945,55.0424035155
2002-03-19,28.9864962567,29.5378350281,-12.7314844688,56.3755351108
2002-03-20,28.6093198377,29.5288263781,-13.1976328771,53.6510844665
2002-03-21,28.5719067174,29.2064917794,-12.8605823988,54.1820474915
2002-03-22,28.0014168296,29.8082744766,-11.1114259857,54.8020319917
2002-03-23,27.8600937224,30.6439866362,-10.6001780987,54.3237551966
2002-03-24,28.7087985647,31.5500382085,-10.2694622,55.6846862304
2002-03-25,28.5423335584,33.5052764566,-10.0033737132,57.9278503288
2002-03-26,30.2666172898,35.3139905996,-8.37503847002,57.2178568421
2002-03-27,30.3197872723,35.1028225105,-8.32970741612,57.3393850076
2002-03-28,29.6325427423,35.8527893739,-9.30002687659,57.477145221
2002-03-29,29.7634828748,35.3633701687,-9.70568275691,56.0196495801
2002-03-30,28.8598371262,35.2827316865,-9.55572878995,56.4318782926
2002-03-31,28.5373922944,34.5088907223,-10.3692338487,56.1698824784
2002-04-01,28.3555879342,34.7907579939,-9.85540848485,57.4772872588
2002-04-02,28.15626296,35.6524432597,-10.5323472363,57.4990209165
2002-04-03,29.3860554882,35.4710453408,-9.83528962612,57.3465991359
2002-04-04,30.4557916462,33.62282199,-9.97955293563,57.4011771102
2002-04-05,30.7541468402,34.2859110645,-8.02882355246,58.4683937905
2002-04-06,30.7358966175,35.7504825045,-8.11666146072,58.0592022881
2002-04-07,32.4211915823,34.9402281803,-6.88996125285,60.4630213884
2002-04-08,31.4548274977,35.9297605063,-7.23207340243,61.0081461071
2002-04-09,31.8216315382,36.5402256026,-6.96153722981,63.1252831118
2002-04-10,30.247972438,36.5634531913,-7.17916763376,64.1026102829
2002-04-11,31.153300037,37.2540646144,-7.24372240945,65.3699368053
2002-04-12,31.10787355,38.2871849278,-8.46976729305,65.8482210989
2002-04-13,30.2870534683,37.2665389794,-8.48542050232,64.4354632217
2002-04-14,28.8021858884,36.8644785128,-5.93265920339,63.2452670408
2002-04-15,29.1608358,35.5384406419,-5.37083798654,61.6086206456
2002-04-16,27.7147862549,36.3895247831,-5.43218704076,61.010950986
2002-04-17,28.7674812528,38.3173732655,-4.09888114911,62.3582984348
2002-04-18,29.488683094,40.5025826254,-5.2079741242,63.185201304
2002-04-19,30.688837304,41.6556317279,-5.42418584165,64.5021980374
2002-04-20,32.2898670145,40.1850667575,-6.07330164503,64.8721364582
2002-04-21,33.1944124124,39.8901461511,-3.7293747872,64.6547382925
2002-04-22,32.512758762,40.1256342024,-3.05164688637,63.9790864491
2002-04-23,32.0230618282,39.2063399032,-3.31622747107,65.0378238505
2002-04-24,32.1717035797,40.0197231938,-4.88071957834,65.5947294551
2002-04-25,32.1147296797,40.1981472213,-3.21741181411,64.6326418784
2002-04-26,33.2828639529,41.0283658608,-3.98870685207,64.8573954496
2002-04-27,33.6008520538,39.8490351643,-3.52564064987,64.1910199468
2002-04-28,33.7967990669,40.137581638,-4.06710340612,63.6635080333
2002-04-29,33.6906590202,39.8313548448,-2.41924990943,61.1497264161
2002-04-30,34.5157229287,38.1255641062,-2.68599864252,61.0528355746
2002-05-01,33.3948381609,38.0324055602,-2.63689535897,62.6780444596
2002-05-02,33.9064293035,39.092097385,-2.42192125642,63.5548554287
2002-05-03,33.4627213336,41.3173284607,-3.81714916542,64.0186867534
2002-05-04,33.4598591209,42.9224685818,-3.27871363696,64.1937884668
2002-05-05,33.1824289004,43.9650784825,-4.3382882274,63.0476084398
2002-05-06,32.2785160104,41.5415479589,-5.06161123918,64.0036440969
2002-05-07,32.6354778081,41.6917241936,-6.87270149562,64.6014952085
2002-05-08,32.2911472062,42.4204321548,-6.87161912874,63.6450010372
2002-05-09,32.2548067037,42.0144010698,-7.62778966478,62.7209456385
2002-05-10,33.7917633001,42.2355870628,-8.52106611082,63.9414586552
2002-05-11,32.9770051884,42.3563818281,-9.86473618931,64.5550615285
2002-05-12,34.9301876018,42.5226754286,-8.77291878395,64.7272332953
2002-05-13,33.7830177064,41.7394593878,-8.0944170894,63.0183215764
2002-05-14,33.4602925357,42.0739456095,-9.7339757561,62.9836265607
2002-05-15,34.8784522946,43.2200054889,-8.45597004603,62.6295298627
2002-05-16,34.1859082269,42.9480970006,-8.31743010666,61.7453003217
2002-05-17,33.1494246569,43.7438606794,-8.19154917453,62.3212194324
2002-05-18,31.918583192,44.2792867799,-8.02084232727,62.1085976079
2002-05-19,31.4817800402,43.9001905282,-7.20735559334,62.160977228
2002-05-20,30.0525735686,44.6523413362,-8.00003536297,62.8184653744
2002-05-21,29.207451304,44.2419791915,-8.33766891703,62.3799254779
2002-05-22,28.3470015383,44.6740078917,-8.02973987072,62.7131243519
2002-05-23,27.787809851,44.984223662,-6.95767972789,62.5715609941
2002-05-24,27.131845043,44.0240660678,-7.75090734173,62.6685049522
2002-05-25,28.1752391979,42.3455922297,-9.45862185764,61.8084714646
2002-05-26,27.1922058303,44.0267127799,-9.19653080899,60.3744890607
2002-05-27,27.1802559168,42.5956390288,-10.2106259419,59.9502106919
2002-05-28,28.373136139,41.986553341,-9.8139687085,58.2690929019
2002-05-29,27.4271112558,41.7395606619,-8.04004933932,58.2888617051
2002-05-30,27.4315742852,41.7157257213,-8.24946043812,57.8739902808
2002-05-31,27.7167394337,42.1922348333,-8.54866506766,58.129974232
2002-06-01,27.5419741017,41.4914073999,-8.77569047409,58.5893856424
2002-06-02,27.7057263801,43.4898385387,-8.0891993342,59.6493383263
2002-06-03,27.8205232355,41.4932751926,-8.46951503222,60.589937401
2002-06-04,26.1045776003,41.2057017861,-6.29411397828,61.1504926868
2002-06-05,26.4324968875,39.9258795175,-6.27932755122,60.9613483565
2002-06-06,26.5532111262,38.8108656598,-5.10182990962,60.9844658233
2002-06-07,25.7587028286,38.1389399566,-3.20513276253,60.4456198438
2002-06-08,23.8924531286,39.0099832332,-2.79279477135,60.4010718296
2002-06-09,23.0359312466,39.705595673,-1.60072006547,59.3877624635
2002-06-10,23.6393705401,40.8713538502,-1.57707458695,59.1102007614
2002-06-11,24.0613402268,41.9097002104,-2.49582571268,57.5937196119
2002-06-12,23.149766013,42.6346369972,-0.20603860774,59.2024962664
2002-06-13,21.6185314691,42.4272961491,-0.965365041336,59.7969315181
2002-06-14,21.6989753753,44.1596889554,-0.707352784656,60.8371739513
2002-06-15,22.0589164688,42.0640846731,-1.61097728052,59.5854556945
2002-06-16,22.0365150701,42.0307395688,-3.55195535548,59.3175508211
2002-06-17,21.8673698566,43.8232687301,-3.25968008743,60.0247836696
2002-06-18,22.1536337866,43.1130593411,-3.171459024,58.5708858622
2002-06-19,21.7222221398,42.4211273238,-3.59133581609,59.1529701709
2002-06-20,21.6219034154,43.0466122464,-4.77005065442,58.5315552153
2002-06-21,22.4992443012,43.0966705715,-5.39297195731,57.0106073141
2002-06-22,23.1836257745,42.9580386953,-5.48440769833,57.3251948426
2002-06-23,22.472844309,42.6427418518,-8.79745042866,56.0051920258
2002-06-24,23.3584418273,41.8891793522,-9.71386575303,57.1972054841
2002-06-25,22.8994079193,40.720207788,-10.9486574393,58.5189956396
2002-06-26,22.9889215868,39.913414528,-10.8571120338,57.6867564362
2002-06-27,21.7968154663,39.9879152791,-11.2146055702,57.4365420902
2002-06-28,21.8941251059,41.4199576767,-10.4310006314,56.287185845
2002-06-29,21.9508637703,40.0760709175,-10.1329079041,54.7505337652
2002-06-30,23.2833374425,40.9716450609,-9.27811686247,54.2738214513
2002-07-01,25.2047209087,41.4959034934,-11.3693242112,53.1376303093
2002-07-02,25.4737175436,41.4479806364,-12.9442777319,53.5014165986
2002-07-03,27.82453133,39.1282839028,-12.8456680224,53.0574596965
2002-07-04,26.8702084279,38.6362193375,-12.1988074514,51.9953099975
2002-07-05,25.6053132442,38.9200348312,-11.169017718,52.6507680594
2002-07-06,25.1015750816,40.2688882891,-10.8518244295,52.6645437251
2002-07-07,25.1322805389,40.6825138956,-11.4428231578,53.1890099264
2002-07-08,24.7774680279,39.5693907741,-11.9360926592,53.1536591259
2002-07-09,24.4896608288,39.1801000035,-11.3065616342,54.2449024014
2002-07-10,24.9066306224,38.640105366,-11.3481296382,53.8751431528
2002-07-11,22.9608437156,38.5430099812,-12.3074316584,54.9524555399
2002-07-12,22.0572693472,38.4038346709,-11.6134007656,54.556579742
2002-07-13,22.633282652,38.9309858744,-9.62989946431,55.137862141
2002-07-14,21.9440104631,39.3871493407,-9.18813722251,54.9501324963
2002-07-15,21.4665300069,38.6351149617,-9.8750414162,53.5487314958
2002-07-16,20.934509018,38.7934916678,-9.96246258559,55.402392881
2002-07-17,21.88204512,38.4045043427,-10.2789464654,55.4965481979
2002-07-18,21.510787442,38.6742755822,-10.6437138693,53.5420965151
2002-07-19,21.8466183315,39.3757462529,-11.6097185897,51.9145448614
2002-07-20,22.6754496325,38.3887374693,-12.245061592,50.6089688195
2002-07-21,21.2473720445,38.3033045664,-12.2599173707,50.4454550951
2002-07-22,22.329000475,39.4442414392,-11.9984849242,49.1099908716
2002-07-23,22.4382309003,38.0429413781,-11.7330067101,50.1225854361
2002-07-24,21.8228920492,37.4400105787,-13.0445040696,51.007879619
2002-07-25,20.7694427271,38.3707757539,-12.9923147034,50.8474663262
2002-07-26,20.5367413531,38.4578681413,-11.7667128701,51.0771563075
2002-07-27,21.3706403747,39.0881449288,-12.3093472359,49.6466133586
2002-07-28,21.233211535,38.0421718538,-10.645165803,49.3826342319
2002-07-29,20.7676900142,37.6836842714,-11.4654355203,48.753974366
2002-07-30,21.7606645721,38.7602333063,-12.0421392204,48.0402235938
2002-07-31,23.1468416354,38.3424513724,-11.5132092092,47.5117688731
2002-08-01,23.9213639848,38.592693637,-11.180995562,46.5054692277
2002-08-02,24.8674789971,38.9509492546,-11.2313431925,46.5760702149
2002-08-03,25.2815609148,39.1303907375,-9.97104256063,47.4347942585
2002-08-04,24.373919082,41.4163118343,-11.0622160699,46.9451839982
2002-08-05,23.4464188202,42.3021660435,-9.96650001245,46.5109712201
2002-08-06,24.4361754551,40.663355659,-10.2527606516,45.9524969773
2002-08-07,24.0463945665,41.8385898407,-9.35556816077,45.841825272
2002-08-08,24.4742158482,41.3362351772,-10.8007725363,46.0025347226
2002-08-09,24.2306495074,40.6392324548,-10.2259736122,46.7561996314
2002-08-10,25.3764517549,39.0556597582,-11.0706196565,46.2150051463
2002-08-11,26.824957812,39.1561216394,-11.4125556717,47.0408403448
2002-08-12,25.958116668,39.7667599865,-11.9560416026,46.1801645758
2002-08-13,26.595328341,40.904836261,-11.5102013248,46.7280229963
2002-08-14,25.7124246023,40.9608195769,-12.2291826207,45.4820253895
2002-08-15,27.2408170642,39.7649564771,-11.566239913,43.5894438847
2002-08-16,28.4656912793,41.9548442588,-11.0722039718,42.4276119182
2002-08-17,27.8613358664,42.3231704692,-9.44320414648,41.7285403779
2002-08-18,29.4067041567,43.5206212864,-9.40613221466,40.2384012872
2002-08-19,29.3573056791,42.5806019556,-8.36029619867,40.7771035005
2002-08-20,29.5555449379,42.9596202898,-8.68930340604,40.799546394
2002-08-21,29.7166983386,43.9546089646,-9.83712535904,38.6572450442
2002-08-22,30.3303684749,43.2490389302,-10.2620466081,40.7090763504
2002-08-23,30.3498483684,44.0143713183,-9.23645790278,39.7022914631
2002-08-24,30.4203716299,43.768575461,-9.24800291686,38.9352740916
2002-08-25,29.3582516927,42.5449679626,-10.4360065979,39.1090447475
2002-08-26,29.0164281327,42.3406904099,-11.5366115463,39.1947809023
2002-08-27,28.0420021242,41.7986728908,-10.0503522798,38.8371644925
2002-08-28,26.8200530774,42.8791614811,-9.51819885586,39.1606835477
2002-08-29,28.233986708,41.0567794745,-9.47709979887,37.5070974969
2002-08-30,28.2980757814,41.2900628966,-9.60134818889,37.6992063581
2002-08-31,28.1323630828,39.6997984747,-10.6078240894,39.3387724516
2002-09-01,28.2716062453,39.7909553376,-10.196247192,39.9602202839
2002-09-02,26.8028768485,39.4674099334,-8.15854813971,40.2891568119
2002-09-03,26.497946518,40.0474450134,-6.79846219721,42.5436108916
2002-09-04,26.1564423504,40.4598549311,-5.42410632303,44.5932992801
2002-09-05,26.7340054462,39.8240069781,-6.07807222865,47.9207167344
2002-09-06,27.484042072,40.7944241211,-5.58264958984,46.7530108975
2002-09-07,27.3185358298,40.3469578939,-6.31600749919,47.2273066688
2002-09-08,25.9745042095,41.711922569,-8.00969099319,47.6553501687
2002-09-09,25.2924032756,42.2522565767,-8.21874816765,49.0323939902
2002-09-10,24.16496382,42.7017965219,-8.17486958316,48.5245051313
2002-09-11,24.0704146014,40.8642718576,-8.28740908131,46.9965351624
2002-09-12,23.4781644755,41.2211059811,-8.42909805596,46.9678430243
2002-09-13,23.5852286778,41.308483774,-7.62049523858,47.9181791081
2002-09-14,22.7459034859,42.3898856295,-4.70923621398,47.6283263098
2002-09-15,23.2864265116,41.9166503484,-6.82050885254,48.7274878381
2002-09-16,22.8564070227,41.9148084931,-6.26659705068,48.5594654343
2002-09-17,24.3707075865,42.6224208169,-4.62158511988,46.440457111
2002-09-18,23.2795575594,41.1552735495,-5.43428777254,46.6054559697
2002-09-19,24.102556357,40.2323604816,-4.12034133608,47.8322146388
2002-09-20,24.2668914283,40.2855725644,-4.43906660818,47.8658869663
2002-09-21,24.6582052639,41.1998148833,-4.12488802904,48.2664307425
2002-09-22,24.9035695836,41.7033542008,-3.51307565731,49.350484886
2002-09-23,26.1259509258,40.1650654237,-4.7155608503,48.5540941599
2002-09-24,27.0412587473,40.8939842972,-6.17422269121,47.5870676948
2002-09-25,26.2883909819,40.605730017,-5.51404574924,47.0862980696
2002-09-26,25.9419777085,40.9209682165,-5.96659946635,48.721952314
