Date,Symbol,Open,High,Low,Close,Volume ETH,Volume EUR
2019-08-29,ETHEUR,156.3,156.51,150.1,152.74,13493.77,2061876.19
2019-08-28,ETHEUR,168.93,169.8,150,156.3,55742.16,8906321.24
2019-08-27,ETHEUR,169.65,170.41,166.27,168.93,25615.8,4308999.69
2019-08-26,ETHEUR,167.48,174.15,167.29,169.65,21169.35,3606403.71
2019-08-25,ETHEUR,171.34,172.94,164.44,167.48,13437.57,2261543.6
2019-08-24,ETHEUR,174.53,174.57,167.13,171.34,20060.5,3403459.79
2019-08-23,ETHEUR,172.16,177.64,170.15,174.53,24994.98,4347958.13
2019-08-22,ETHEUR,169.08,176.13,165.03,172.16,27996.83,4781979.59
2019-08-21,ETHEUR,177.22,177.67,162.12,169.08,33721.5,5670663.13
2019-08-20,ETHEUR,183,183.09,175.46,177.22,28403.46,5076791.53
2019-08-19,ETHEUR,175.69,183.75,170.81,183,37695.67,6761438.42
2019-08-18,ETHEUR,167.44,178.4,165.45,175.69,31499.79,5479399.13
2019-08-17,ETHEUR,167.21,168.5,164.44,167.44,9376.61,1560541.23
2019-08-16,ETHEUR,169.57,169.6,160.92,167.21,42799.06,7094727.16
2019-08-15,ETHEUR,167.6,170.7,155.79,169.57,69907.88,11483025.46
2019-08-14,ETHEUR,186.66,187.32,162.99,167.6,64752.0,11240849.2
2019-08-13,ETHEUR,188.32,188.69,181.21,186.66,25012.4,4630075.41
2019-08-12,ETHEUR,193.02,193.24,187.68,188.32,16648.98,3154934.63
2019-08-11,ETHEUR,184.08,193.64,183.83,193.02,17024.44,3216656.99
2019-08-10,ETHEUR,187.72,191.47,178.71,184.08,25389.59,4677407.47
2019-08-09,ETHEUR,197.5,197.91,184.49,187.72,28388.38,5376781.31
2019-08-08,ETHEUR,201.53,202.23,191.91,197.5,26951.19,5333719.05
2019-08-07,ETHEUR,201.6,206.25,196.54,201.53,33249.79,6699741.34
2019-08-06,ETHEUR,207.03,213.89,198.55,201.6,42647.81,8755763.94
2019-08-05,ETHEUR,200.49,211.89,200.3,207.03,44206.45,9156227.7
2019-08-04,ETHEUR,199.6,201,195.32,200.49,8081.38,1602737.43
2019-08-03,ETHEUR,196.01,201.94,195.03,199.6,16971.38,3394698.74
2019-08-02,ETHEUR,196.2,201,193.26,196.01,23312.69,4588251.47
2019-08-01,ETHEUR,197.48,197.98,190.81,196.2,25494.45,4947018.45
2019-07-31,ETHEUR,188.15,197.64,187.88,197.48,31616.73,6117496.95
2019-07-30,ETHEUR,188.8,192.66,183.44,188.15,25803.48,4852423.71
2019-07-29,ETHEUR,190.1,193.37,185.27,188.8,23161.9,4368874.48
2019-07-28,ETHEUR,186.27,192,178.11,190.1,31674.09,5877468.04
2019-07-27,ETHEUR,196.98,201.12,182.18,186.27,51025.07,9610121.18
2019-07-26,ETHEUR,196.86,198.36,191.22,196.98,21475.6,4188839.34
2019-07-25,ETHEUR,194.58,202.8,193.69,196.86,34973.82,6946845.6
2019-07-24,ETHEUR,190.28,195.91,181,194.58,42444.89,7980263.14
2019-07-23,ETHEUR,193.9,196.52,186.77,190.28,35226.37,6721299.27
2019-07-22,ETHEUR,201.02,203.51,188.88,193.9,33899.48,6593836.41
2019-07-21,ETHEUR,204.32,205.07,193.77,201.02,28954.61,5764467.54
2019-07-20,ETHEUR,197.44,210.45,196.62,204.32,41651.81,8491804.92
2019-07-19,ETHEUR,201.12,201.49,190.21,197.44,39040.23,7637213.69
2019-07-18,ETHEUR,188.54,204.52,184.2,201.12,70593.11,13762662.39
2019-07-17,ETHEUR,177.04,196.48,172.28,188.54,83258.2,15397161.35
2019-07-16,ETHEUR,202.96,208.87,170.02,177.04,122614.64,22807083.55
2019-07-15,ETHEUR,211.25,211.6,188.55,202.96,67862.97,13595745.08
2019-07-14,ETHEUR,239.51,240,204.61,211.25,87566.86,18773353.2
2019-07-13,ETHEUR,244.75,244.84,232.6,239.51,17547.3,4170877.46
2019-07-12,ETHEUR,239.06,248.5,236.92,244.75,23527.22,5724520.27
2019-07-11,ETHEUR,256.56,256.56,233.11,239.06,77706.18,18747397.14
2019-07-10,ETHEUR,275.06,280.56,252.14,256.56,79033.3,20757344.51
2019-07-09,ETHEUR,279.91,284.09,270.91,275.06,43468.84,12110652.22
2019-07-08,ETHEUR,272.81,281,269.39,279.91,75091.91,20743981.8
2019-07-07,ETHEUR,256.32,276.79,253.33,272.81,35880.85,9660694.82
2019-07-06,ETHEUR,256.68,265.22,254.33,256.32,20914.37,5435143.56
2019-07-05,ETHEUR,251.23,263.1,249.05,256.68,29629.07,7622648.65
2019-07-04,ETHEUR,267.71,268.84,248.67,251.23,29017.51,7558890.6
2019-07-03,ETHEUR,257.73,268.61,257.06,267.71,42178.77,11036722.64
2019-07-02,ETHEUR,260.21,262.27,240.15,257.73,68559.65,17155190.57
2019-07-01,ETHEUR,255.15,265.66,246.69,260.21,63587.56,16230207.26
2019-06-30,ETHEUR,279.01,284.13,252.27,255.15,59265.37,15719035.06
2019-06-29,ETHEUR,272.52,284.65,256.37,279.01,62502.84,16757105.01
2019-06-28,ETHEUR,258.25,275,255,272.52,72706.65,19386655.72
2019-06-27,ETHEUR,287.39,293.05,241.66,258.25,194735.39,51089737.28
2019-06-26,ETHEUR,278.69,314.5,260.83,287.39,217311.27,63750392.74
2019-06-25,ETHEUR,272.81,279,269,278.69,82541.47,22583373.1
2019-06-24,ETHEUR,268.8,274.63,258.7,272.81,57127.93,15427670.09
2019-06-23,ETHEUR,270.93,279,267.02,268.8,53567.98,14602840.76
2019-06-22,ETHEUR,259.99,277,250.53,270.93,104107.87,27976812.89
2019-06-21,ETHEUR,240.99,260.79,240.99,259.99,96913.42,24633296.97
2019-06-20,ETHEUR,239.29,243.49,235.95,240.99,32420.8,7758815.06
2019-06-19,ETHEUR,236.16,241.35,235.14,239.29,24015.07,5733125.88
2019-06-18,ETHEUR,244.06,244.3,233.4,236.16,39035.6,9298834.53
2019-06-17,ETHEUR,239.43,245.49,238.33,244.06,46114.21,11174149.45
2019-06-16,ETHEUR,239.95,248.62,234.51,239.43,66068.17,15970980.36
2019-06-15,ETHEUR,235.45,244,233.24,239.95,39943.88,9497710.18
2019-06-14,ETHEUR,226.59,237.15,224.02,235.45,50003.96,11489555.67
2019-06-13,ETHEUR,232.89,234.29,226,226.59,53253.15,12293253.12
2019-06-12,ETHEUR,216.55,233.36,215,232.89,70191.14,15684523.77
2019-06-11,ETHEUR,219.01,219.99,210.2,216.55,44030.92,9473026.09
2019-06-10,ETHEUR,205.33,219.2,201.47,219.01,51160.22,10929906.5
2019-06-09,ETHEUR,216.53,217,200.6,205.33,46558.17,9659290.49
2019-06-08,ETHEUR,220.6,221.43,213.53,216.53,29424.45,6394751.54
2019-06-07,ETHEUR,221.19,225,217.05,220.6,45551.75,10057461.89
2019-06-06,ETHEUR,219.06,222.5,209,221.19,34962.34,7543907.73
2019-06-05,ETHEUR,214.12,221.99,211.25,219.06,55587.0,12043750.75
2019-06-04,ETHEUR,222.24,223.41,207.21,214.12,112100.99,24205506.44
2019-06-03,ETHEUR,241.25,241.49,220.54,222.24,72328.09,16806992.12
2019-06-02,ETHEUR,237.2,245.29,236.95,241.25,37734.66,9105067.3
2019-06-01,ETHEUR,239.83,246.5,233.96,237.2,54131.62,13005086.8
2019-05-31,ETHEUR,228.78,240.43,220.5,239.83,62420.05,14458005.49
2019-05-30,ETHEUR,242.36,258.64,212.42,228.78,159315.57,38689382.63
2019-05-29,ETHEUR,243,246.67,233.1,242.36,57234.27,13791946.11
2019-05-28,ETHEUR,242.6,247.5,237.38,243,51053.82,12365283.62
2019-05-27,ETHEUR,239.96,249.95,236.49,242.6,83329.68,20114751.34
2019-05-26,ETHEUR,225.43,244.05,220.16,239.96,103440.54,24359133.54
2019-05-25,ETHEUR,223,231.43,221.69,225.43,44246.75,10040400.45
2019-05-24,ETHEUR,219.87,228.72,216.87,223,46172.06,10360902.1
2019-05-23,ETHEUR,218.8,222.48,208.1,219.87,70680.68,15187266.46
2019-05-22,ETHEUR,228.65,234.23,216,218.8,99626.89,22507699.79
2019-05-21,ETHEUR,226.13,237,222.2,228.65,83047.62,19053604.14
2019-05-20,ETHEUR,234.8,234.8,214.16,226.13,108089.19,24200914.93
2019-05-19,ETHEUR,210.43,237.15,209.19,234.8,126265.26,28950107.2
2019-05-18,ETHEUR,219,223.22,208.35,210.43,68907.71,14811586.32
2019-05-17,ETHEUR,236.68,242,200.36,219,263452.45,56131251.79
2019-05-16,ETHEUR,222.23,250.54,217.22,236.68,401077.83,93795167.15
2019-05-15,ETHEUR,193.54,223.4,193.54,222.23,270646.58,57049219.06
2019-05-14,ETHEUR,173.57,196.9,172.74,193.54,215893.94,40043272.37
2019-05-13,ETHEUR,167.04,183.5,165,173.57,188425.42,33322654.34
2019-05-12,ETHEUR,169.32,181.1,162.2,167.04,161397.0,27547939.22
2019-05-11,ETHEUR,153.45,181.52,153.45,169.32,210886.52,35605179.85
2019-05-10,ETHEUR,151.67,156.92,149,153.45,67257.82,10346011.73
2019-05-09,ETHEUR,151.36,154.51,147.62,151.67,41981.77,6326125.2
2019-05-08,ETHEUR,148.81,153.55,146.22,151.36,61097.92,9132000.47
2019-05-07,ETHEUR,152.5,161.37,152.45,158.01,32676.42,5159909.51
2019-05-06,ETHEUR,144.14,157,141.03,152.5,98384.45,14677665.64
2019-05-05,ETHEUR,144.45,146.36,140.44,144.14,25920.13,3722201.69
2019-05-04,ETHEUR,147,150.19,141.35,144.45,49448.86,7159966.42
2019-05-03,ETHEUR,142.13,151.63,141.16,147,77093.89,11336150.14
2019-05-02,ETHEUR,141.42,143.63,139.18,142.13,33284.88,4712340.46
2019-05-01,ETHEUR,142.9,145.12,139.71,141.42,27957.75,3975871.5
2019-04-30,ETHEUR,136.14,144.02,136.14,142.9,45634.5,6395671.44
2019-04-29,ETHEUR,137.73,138.73,133.75,136.14,50407.41,6877482.78
2019-04-28,ETHEUR,140.25,140.84,136.93,137.73,31168.81,4336620.56
2019-04-27,ETHEUR,137.4,142.49,136.93,140.25,33380.41,4655385.68
2019-04-26,ETHEUR,136.82,140.22,133.31,137.4,70488.4,9619773.21
2019-04-25,ETHEUR,148.89,149.68,131.26,136.82,89398.4,12568752.72
2019-04-24,ETHEUR,152.07,152.62,143.7,148.89,91082.26,13425113.59
2019-04-23,ETHEUR,152.47,157.3,150.68,152.07,51505.66,7959427.2
2019-04-22,ETHEUR,151.46,154.52,149.8,152.47,30578.23,4658540.27
2019-04-21,ETHEUR,154.51,155.48,148.3,151.46,21746.2,3291002.15
2019-04-20,ETHEUR,154.54,158.19,152.01,154.51,36380.75,5648661.97
2019-04-19,ETHEUR,155.05,155.27,150.52,154.54,27426.46,4209802.16
2019-04-18,ETHEUR,147.47,156.79,147.19,155.05,48503.88,7450955.54
2019-04-17,ETHEUR,147.38,149.06,145.52,147.47,21995.93,3236813.75
2019-04-16,ETHEUR,141.88,148.88,141.21,147.38,44679.44,6487130.9
2019-04-15,ETHEUR,148.79,149.96,138.4,141.88,65928.87,9489459.24
2019-04-14,ETHEUR,145.56,149.87,143.31,148.79,28082.26,4108909.9
2019-04-13,ETHEUR,145.6,147.27,144.09,145.56,15760.35,2292361.45
2019-04-12,ETHEUR,146.9,148.46,142.5,145.6,45446.14,6621962.67
2019-04-11,ETHEUR,157.58,157.94,142.25,146.9,106086.81,15752470.83
2019-04-10,ETHEUR,156.33,165.28,150.5,157.58,81151.39,12927724.56
2019-04-09,ETHEUR,160.78,160.79,155.25,156.33,49230.22,7755791.25
2019-04-08,ETHEUR,156.26,166.8,154.99,160.78,141266.47,22683687.39
2019-04-07,ETHEUR,147.45,157.98,146.58,156.26,58486.23,8929478.43
2019-04-06,ETHEUR,147.85,154.51,141.3,147.45,71824.14,10644589.52
2019-04-05,ETHEUR,140.36,150,139.05,147.85,63765.35,9324211.23
2019-04-04,ETHEUR,143.36,146.58,136.44,140.36,90209.88,12831178.01
2019-04-03,ETHEUR,146.77,164,135.72,143.36,243077.73,36663060.06
2019-04-02,ETHEUR,126.08,148.8,125.88,146.77,199455.65,27484507.1
2019-04-01,ETHEUR,125.66,127.37,123.2,126.08,47615.4,6003122.14
2019-03-19,ETHEUR,120.89,122.29,120.7,121.51,1158.9,140815.92
2019-03-18,ETHEUR,122,124.71,119.31,120.89,39190.26,4750386.01
2019-03-17,ETHEUR,123.96,123.97,120.09,122,32770.23,3997545.69
2019-03-16,ETHEUR,119.8,126.32,119.76,123.96,66406.45,8195658.24
2019-03-15,ETHEUR,116.29,120.99,116.29,119.8,44016.75,5241878.48
2019-03-14,ETHEUR,115.81,119.4,113.52,116.29,38953.59,4521776.78
2019-03-13,ETHEUR,117.7,117.83,115.17,115.81,28197.11,3277007.44
2019-03-12,ETHEUR,117.26,119.29,113.45,117.7,58767.89,6863198.03
2019-03-11,ETHEUR,119.97,120.5,115.91,117.26,46415.24,5452470.27
2019-03-10,ETHEUR,121.45,121.69,118.75,119.97,23296.04,2791620.23
2019-03-09,ETHEUR,118.21,123,117.62,121.45,27860.74,3374841.24
2019-03-08,ETHEUR,121.74,123.74,115.06,118.21,57564.46,6913669.34
2019-03-07,ETHEUR,121.2,123.52,119.05,121.74,40900.01,4976229.87
2019-03-06,ETHEUR,120.53,124.64,117.49,121.2,84739.34,10279290.65
2019-03-05,ETHEUR,110.5,121.71,110.19,120.53,107922.61,12663308.73
2019-03-04,ETHEUR,114.41,114.89,108.15,110.5,96057.2,10631984.09
2019-03-03,ETHEUR,116.5,118.5,112.22,114.41,27606.64,3192192.07
2019-03-02,ETHEUR,118.86,119.55,114.35,116.5,41325.49,4808872.7
2019-03-01,ETHEUR,118.65,121.84,118.06,118.86,46611.6,5569785.91
2019-02-28,ETHEUR,118.09,122.39,115.76,118.65,87639.69,10460264.66
2019-02-27,ETHEUR,119.44,122.99,110.58,118.09,99705.79,11675340.18
2019-02-26,ETHEUR,120.83,121.55,117.21,119.44,55681.29,6643397.58
2019-02-25,ETHEUR,116.37,124.87,115.56,120.83,108846.92,13131337.41
2019-02-24,ETHEUR,139.11,146,116.04,116.37,238733.36,31069902.4
2019-02-23,ETHEUR,129.37,140.35,128.1,139.11,116047.5,15699101.99
2019-02-22,ETHEUR,127.17,130.26,125.29,129.37,47665.27,6138563.48
2019-02-21,ETHEUR,130.2,131.35,125.18,127.17,61861.48,7876336.59
2019-02-20,ETHEUR,125.96,130.98,123.34,130.2,65311.24,8319542.29
2019-02-19,ETHEUR,127.86,131.93,125.52,125.96,90069.83,11617215.35
2019-02-18,ETHEUR,117.66,130.91,116.23,127.86,183746.9,22886642.94
2019-02-17,ETHEUR,107.79,118.82,107.68,117.66,133668.15,15071118.35
2019-02-16,ETHEUR,107,109.36,106.92,107.79,26927.36,2910463.39
2019-02-15,ETHEUR,105.99,109.36,105.55,107,36433.08,3916381.2
2019-02-14,ETHEUR,107.3,109.17,105.5,105.99,39932.82,4283363.72
2019-02-13,ETHEUR,106.94,111,106.13,107.3,53532.72,5771193.77
2019-02-12,ETHEUR,106.31,108.1,103.85,106.94,53102.3,5641612.05
2019-02-11,ETHEUR,109.66,109.9,104.37,106.31,69091.15,7343464.24
2019-02-10,ETHEUR,104.47,110.5,101.6,109.66,57219.3,6050980.0
2019-02-09,ETHEUR,104.22,106,103,104.47,40282.82,4201749.68
2019-02-08,ETHEUR,90.97,108,90.3,104.22,144440.04,14326777.8
2019-02-07,ETHEUR,91,92.54,90.4,90.97,38711.09,3532207.95
2019-02-06,ETHEUR,93.16,93.5,88,91,102100.34,9194682.36
2019-02-05,ETHEUR,92.79,93.46,92.02,93.16,19823.76,1839711.38
2019-02-04,ETHEUR,92.62,94.24,92,92.79,39060.11,3629915.49
2019-02-03,ETHEUR,95.42,96,91.09,92.62,35311.66,3303273.8
2019-02-02,ETHEUR,92.5,96.31,92.05,95.42,28105.56,2627786.41
2019-02-01,ETHEUR,92.33,93.9,90.32,92.5,54747.9,5029380.61
2019-01-31,ETHEUR,93.9,96.2,91.29,92.33,57463.64,5356158.22
2019-01-30,ETHEUR,91.09,97.3,90.2,93.9,99570.61,9340494.81
2019-01-29,ETHEUR,92.4,93.01,89.47,91.09,60951.23,5564594.4
2019-01-28,ETHEUR,97.54,98.31,88.59,92.4,155216.54,14289105.27
2019-01-27,ETHEUR,101,101.39,96.67,97.54,74212.19,7342753.85
2019-01-26,ETHEUR,100.95,103,100.8,101,25830.79,2629363.25
2019-01-25,ETHEUR,103.16,103.82,100.08,100.95,80853.94,8215410.52
2019-01-24,ETHEUR,102.44,103.86,100.55,103.16,34052.3,3484242.63
2019-01-23,ETHEUR,103.94,105,101.03,102.44,51281.66,5288655.14
2019-01-22,ETHEUR,102.1,105.68,95,103.94,90539.66,9247618.35
2019-01-21,ETHEUR,103.27,104.2,100.21,102.1,52754.39,5397155.3
2019-01-20,ETHEUR,108.53,108.85,100.1,103.27,75132.26,7848579.5
2019-01-19,ETHEUR,105.22,111.83,105.22,108.53,54760.34,5958601.1
2019-01-18,ETHEUR,107.4,107.76,104.01,105.22,50040.46,5292957.07
2019-01-17,ETHEUR,107.31,108.9,103.2,107.4,78861.82,8380508.71
2019-01-16,ETHEUR,105.5,112.87,104.86,107.31,83491.15,8967212.9
2019-01-15,ETHEUR,112.12,114.82,102.45,105.5,119814.06,13089167.78
2019-01-14,ETHEUR,101.11,115,100.79,112.12,147699.2,15964361.33
2019-01-13,ETHEUR,108.99,110.22,99.06,101.11,90440.89,9343327.0
2019-01-12,ETHEUR,110.06,111.64,107.76,108.99,40633.01,4454810.0
2019-01-11,ETHEUR,110.28,112.42,106.22,110.06,97398.28,10680921.55
2019-01-10,ETHEUR,129.8,130.99,105.8,110.28,193482.44,22145831.23
2019-01-09,ETHEUR,130.31,134,129.09,129.8,78798.81,10327509.98
2019-01-08,ETHEUR,131.83,134,128.3,130.31,103512.98,13567061.62
2019-01-07,ETHEUR,136.87,138.49,129.17,131.83,91842.48,12251946.88
2019-01-06,ETHEUR,135.65,141.08,130,136.87,133937.29,18175371.84
2019-01-05,ETHEUR,135.13,141.7,134.61,135.65,149635.85,20707962.43
2019-01-04,ETHEUR,129.54,137.11,127.58,135.13,146951.08,19558905.39
2019-01-03,ETHEUR,135.57,136.25,126.59,129.54,116932.32,15310915.61
2019-01-02,ETHEUR,122.46,138.8,121.25,135.57,191107.6,25167493.56
2019-01-01,ETHEUR,114.96,123.9,114,122.46,64294.8,7705164.33
2018-12-31,ETHEUR,121.99,122.3,113,114.96,70406.96,8316841.44
2018-12-30,ETHEUR,117.89,123.75,112.78,121.99,109798.87,13113378.35
2018-12-29,ETHEUR,120.16,130,115.91,117.89,154650.36,18787395.56
2018-12-28,ETHEUR,100.76,121.73,99.25,120.16,186397.52,20719625.0
2018-12-27,ETHEUR,114.81,116.21,98.11,100.76,167597.57,17663914.85
2018-12-26,ETHEUR,113.13,120,107.41,114.81,134038.63,15238760.8
2018-12-25,ETHEUR,122.24,123.02,107.01,113.13,214329.77,24067707.26
2018-12-24,ETHEUR,114.19,139.53,114.13,122.24,345522.06,43962716.63
2018-12-23,ETHEUR,102.3,117.5,102.24,114.19,169076.99,18998099.44
2018-12-22,ETHEUR,94.75,102.3,93.01,102.3,104723.39,10326218.49
2018-12-21,ETHEUR,99.99,103.5,92.41,94.75,157356.3,15479238.04
2018-12-20,ETHEUR,87.33,102.97,86.68,99.99,213520.9,20640501.61
2018-12-19,ETHEUR,88.75,94.98,86.19,87.33,223430.53,20275240.11
2018-12-18,ETHEUR,83.04,89.91,80.55,88.75,137421.04,11518961.99
2018-12-17,ETHEUR,74.22,85.23,73.97,83.04,152134.52,12252546.73
2018-12-16,ETHEUR,73.52,76.78,73.41,74.22,43856.36,3312097.77
2018-12-15,ETHEUR,73.36,74.59,71.77,73.52,49807.29,3646430.44
2018-12-14,ETHEUR,75.17,75.8,71.9,73.36,81436.9,6035715.67
2018-12-13,ETHEUR,78.57,80.2,72.8,75.17,152398.82,11617048.4
2018-12-12,ETHEUR,76.85,80.2,75.84,78.57,75896.46,5958172.21
2018-12-11,ETHEUR,78.8,79.98,74.64,77.24,81878.58,6306208.36
2018-12-10,ETHEUR,81.38,82.99,76.88,78.8,149819.94,11807832.01
2018-12-09,ETHEUR,79.14,86.7,77.46,81.38,171042.89,14048967.94
2018-12-08,ETHEUR,81.45,85.94,73.68,79.14,176194.91,13869391.72
2018-12-07,ETHEUR,78.69,85,71.3,81.45,326494.09,25083596.34
2018-12-06,ETHEUR,88.8,91.16,78.55,78.69,245876.09,20958321.91
2018-12-05,ETHEUR,95.94,96.4,88.74,88.8,94364.14,8687212.65
2018-12-04,ETHEUR,94.6,98.75,92.14,95.94,69812.66,6719516.1
2018-12-03,ETHEUR,101.42,101.72,92.49,94.6,101524.58,9777670.4
2018-12-02,ETHEUR,103.48,105.77,100.81,101.42,43541.73,4461986.5
2018-12-01,ETHEUR,99.16,106.85,97.24,103.48,63122.9,6507962.63
2018-11-30,ETHEUR,102.37,104.67,96.82,98.88,65458.26,6550370.21
2018-11-29,ETHEUR,107.23,108.77,99.14,102.37,122958.58,12798310.4
2018-11-28,ETHEUR,96.25,111.27,96.18,107.23,210390.14,21941165.77
2018-11-27,ETHEUR,94.27,98.75,87.61,96.25,125807.28,11673579.91
2018-11-26,ETHEUR,100.83,102.99,90.6,94.27,231547.0,22207288.03
2018-11-25,ETHEUR,97.64,105,87,100.83,276140.07,26245689.82
2018-11-24,ETHEUR,107,111.49,95,97.64,175731.58,17887303.57
2018-11-23,ETHEUR,108.08,109.99,101.25,107,143052.79,15178078.06
2018-11-22,ETHEUR,118.3,119.72,107.28,108.08,100112.32,11350364.58
2018-11-21,ETHEUR,112.21,120.5,107.23,118.3,144093.46,16686845.27
2018-11-20,ETHEUR,123.89,128.99,103,112.21,360349.63,41602814.41
2018-11-19,ETHEUR,153.87,153.87,121.7,123.89,260119.69,34647232.8
2018-11-18,ETHEUR,150.6,157.45,150.6,153.87,32482.91,4974912.08
2018-11-17,ETHEUR,150.65,152.13,149.14,150.6,24027.56,3617920.66
2018-11-16,ETHEUR,157.42,158.49,147.86,150.65,67595.59,10402285.58
2018-11-15,ETHEUR,157.51,159.99,146.04,157.42,128806.42,19753557.47
2018-11-14,ETHEUR,180.2,181.84,145.46,157.51,200771.21,32187222.61
2018-11-13,ETHEUR,186,186.11,180,180.2,31874.34,5827640.91
2018-11-12,ETHEUR,185.25,187.2,183.55,186,20145.97,3743730.09
2018-11-11,ETHEUR,185.56,186.4,180.69,185.25,18813.41,3467549.38
2018-11-10,ETHEUR,183.67,187.9,183.51,185.56,8647.55,1608193.13
2018-11-09,ETHEUR,185.21,187.39,182,183.67,22434.21,4141549.23
2018-11-08,ETHEUR,189.84,191.35,184,185.21,35140.25,6564749.05
2018-11-07,ETHEUR,191.41,195.48,186.73,189.84,50110.23,9568586.34
2018-11-06,ETHEUR,182.35,192.18,181.52,191.41,54964.63,10305910.63
2018-11-05,ETHEUR,184.23,185.54,180.4,182.35,39962.81,7293240.79
2018-11-04,ETHEUR,174.1,190.94,173.3,184.23,42023.05,7640992.15
2018-11-03,ETHEUR,175.59,175.79,173.11,174.1,10324.41,1799941.16
2018-11-02,ETHEUR,173.46,176.6,173,175.59,16490.03,2885632.07
2018-11-01,ETHEUR,173.96,174.39,172.21,173.46,15244.22,2638168.29
2018-10-31,ETHEUR,172.26,175.74,169.51,173.96,25928.33,4473469.65
2018-10-30,ETHEUR,170.79,173.83,170.22,172.26,18748.83,3214546.39
2018-10-29,ETHEUR,178.29,178.31,162,170.79,57206.87,9796928.47
2018-10-28,ETHEUR,176.86,178.48,176.28,178.29,16293.83,2890739.17
2018-10-27,ETHEUR,176.09,177.18,175.6,176.86,5681.36,1002252.37
2018-10-26,ETHEUR,175.47,179.98,174.71,176.09,31707.9,5611820.77
2018-10-25,ETHEUR,176.17,176.48,174.2,175.47,30010.88,5266669.79
2018-10-24,ETHEUR,175.29,177.25,175.03,176.17,19959.5,3522792.09
2018-10-23,ETHEUR,175.79,176.69,172.36,175.29,27298.97,4761883.42
2018-10-22,ETHEUR,175.49,176.57,174.32,175.79,18591.05,3260343.9
2018-10-21,ETHEUR,176.45,178.61,174.8,175.49,13653.4,2412411.05
2018-10-20,ETHEUR,174.55,177.4,173.45,176.45,12251.19,2155750.92
2018-10-19,ETHEUR,173.97,175.6,172.4,174.55,21848.09,3803318.28
2018-10-18,ETHEUR,177.21,178.43,172.03,173.97,33163.4,5801221.97
2018-10-17,ETHEUR,177.98,178.47,173.38,177.21,23160.35,4092882.36
2018-10-16,ETHEUR,176.44,176.44,175.85,175.85,0.0,0.0
2018-10-15,ETHEUR,166.15,189.99,164.4,176.44,160026.47,28396797.31
2018-10-14,ETHEUR,171.07,172.45,164.37,166.15,24387.52,4136525.08
2018-10-13,ETHEUR,168.03,173,167.29,171.07,18185.4,3111664.07
2018-10-12,ETHEUR,162.67,171.95,161.27,168.03,38908.26,6537426.82
2018-10-11,ETHEUR,193.7,193.7,160.1,162.67,151976.05,26329021.38
2018-10-10,ETHEUR,197.05,197.05,192.49,193.7,27146.76,5266626.21
2018-10-09,ETHEUR,198.29,199.5,196.61,197.05,17576.96,3476970.4
2018-10-08,ETHEUR,195.29,201.19,193.27,198.29,39595.88,7831800.41
2018-10-07,ETHEUR,194.14,196.58,190.86,195.29,19697.99,3809345.55
2018-10-06,ETHEUR,196.85,197.52,192.82,194.14,13169.93,2565500.33
2018-10-05,ETHEUR,192.1,200,190,196.85,33573.79,6527155.46
2018-10-04,ETHEUR,190.91,196,190.07,192.1,21563.67,4176598.15
2018-10-03,ETHEUR,194.52,194.79,185.5,190.91,45620.65,8633040.05
2018-10-02,ETHEUR,198.8,200,192.6,194.52,29758.06,5834875.73
2018-10-01,ETHEUR,199.76,202.21,192.41,198.8,44649.15,8822559.32
2018-09-30,ETHEUR,198.85,205.96,193.51,199.76,46016.1,9213763.92
2018-09-29,ETHEUR,190.9,204.38,184.27,198.85,65343.94,12914612.83
2018-09-28,ETHEUR,196.73,201,184.22,190.9,79861.47,15427056.64
2018-09-27,ETHEUR,182.39,200.48,179.04,196.73,69489.31,13214315.21
2018-09-26,ETHEUR,186.4,190.36,176.3,182.39,77825.72,14313431.07
2018-09-25,ETHEUR,194,194,172.41,186.4,117517.36,21288203.49
2018-09-24,ETHEUR,207.74,209.4,191.6,194,77434.57,15386711.8
2018-09-23,ETHEUR,204.49,212.42,201.11,207.74,43765.25,9047665.37
2018-09-22,ETHEUR,210.34,215.99,196.36,204.49,65492.72,13312497.96
2018-09-21,ETHEUR,190.41,214.99,187.24,210.34,140760.38,28028441.24
2018-09-20,ETHEUR,180.1,194,175.76,190.41,62846.54,11411163.28
2018-09-19,ETHEUR,178.53,184.5,169.12,180.1,81575.73,14497424.99
2018-09-18,ETHEUR,168.16,183.91,166.09,178.53,74940.44,13203016.28
2018-09-17,ETHEUR,189.13,193.77,164.22,168.16,123822.56,22014082.96
2018-09-16,ETHEUR,190.83,193.13,176.44,189.13,52015.88,9705808.46
2018-09-15,ETHEUR,179.37,195.72,179.02,190.83,63447.16,11999308.66
2018-09-14,ETHEUR,181.16,193.63,173.05,179.37,136094.53,24935984.39
2018-09-13,ETHEUR,157.33,184.59,157.3,181.16,173298.16,29775041.09
2018-09-12,ETHEUR,159.68,159.68,143.31,157.33,206864.39,31051336.83
2018-09-11,ETHEUR,170.03,171.96,151.46,159.68,116873.02,18846286.04
2018-09-10,ETHEUR,169.6,175.32,161.02,170.03,82105.18,13816989.24
2018-09-09,ETHEUR,170.29,180.82,160.83,169.6,83205.66,14175365.27
2018-09-08,ETHEUR,185.97,190.81,164,170.29,101147.95,17594130.58
2018-09-07,ETHEUR,197.76,202.23,182.7,185.97,66090.95,12590769.35
2018-09-06,ETHEUR,196.21,199.72,181.13,197.76,131923.07,25417722.21
2018-09-05,ETHEUR,245.99,247.61,194.56,196.21,107891.48,23445659.45
2018-09-04,ETHEUR,248.49,252.83,243.31,245.99,27009.68,6693922.04
2018-09-03,ETHEUR,253.98,254.9,245.72,248.49,24858.09,6177267.27
2018-09-02,ETHEUR,253.91,257,248.23,253.98,19996.7,5051098.01
2018-09-01,ETHEUR,242.47,259.93,242.24,253.91,27464.68,6917974.94
2018-08-31,ETHEUR,243.33,245,235.59,242.47,26862.92,6451329.99
2018-08-30,ETHEUR,246.74,248.6,233.46,243.33,33116.99,7947928.44
2018-08-29,ETHEUR,252.36,254.5,242.88,246.74,38322.11,9549924.6
2018-08-28,ETHEUR,246.32,254.6,242.01,252.36,43493.91,10744753.17
2018-08-27,ETHEUR,235.91,246.53,233.94,246.32,24531.94,5859473.57
2018-08-26,ETHEUR,238.97,238.99,231.69,235.91,14230.65,3351830.99
2018-08-25,ETHEUR,242.2,243.74,238.13,238.97,12849.61,3088036.79
2018-08-24,ETHEUR,239.14,244.18,232.76,242.2,25437.13,6081529.44
2018-08-23,ETHEUR,233.13,242.84,231.67,239.14,35016.87,8282664.26
2018-08-22,ETHEUR,242.75,258.74,224,233.13,70378.0,16848309.51
2018-08-21,ETHEUR,235.89,248.45,234.49,242.75,40255.52,9705927.25
2018-08-20,ETHEUR,261.9,265.8,234.49,235.89,46030.68,11413279.82
2018-08-19,ETHEUR,257.9,268.32,253.27,261.9,22391.85,5842652.79
2018-08-18,ETHEUR,277.77,281.71,247.27,257.9,36395.66,9521286.4
2018-08-17,ETHEUR,252.78,277.77,251.54,277.77,42771.15,11360950.3
2018-08-16,ETHEUR,248.18,263.33,245.33,252.78,43775.05,11160081.08
2018-08-15,ETHEUR,245.31,270.06,244.72,248.18,80087.39,20385576.72
2018-08-14,ETHEUR,249.28,249.4,220,245.31,139086.02,32238113.87
2018-08-13,ETHEUR,279.4,284.25,246,249.28,76803.79,20075248.12
2018-08-12,ETHEUR,272.45,272.45,272.45,272.45,0.0,0.0
2018-08-11,ETHEUR,290.8,291.29,271.51,272.45,30626.97,8531636.21
2018-08-10,ETHEUR,315.47,317.75,285.84,290.8,40776.72,12310592.77
2018-08-09,ETHEUR,306.66,321.56,303,315.47,28329.45,8855406.5
2018-08-08,ETHEUR,325.47,328.11,300.67,306.66,63371.01,19879646.53
2018-08-07,ETHEUR,349.94,354.74,317.53,325.47,41485.92,14080504.74
2018-08-06,ETHEUR,352.92,356.91,347,349.94,10671.51,3746372.99
2018-08-05,ETHEUR,350.52,357,345.5,352.92,13785.91,4835783.19
2018-08-04,ETHEUR,360.78,361.99,346.1,350.52,13873.43,4892025.33
2018-08-03,ETHEUR,353.82,362.49,343,360.78,23641.32,8326564.57
2018-08-02,ETHEUR,359.05,363.47,351.32,353.82,18201.33,6478078.07
2018-08-01,ETHEUR,368.69,370.9,348.9,359.05,29024.98,10392827.77
2018-07-31,ETHEUR,388.98,389.95,365,368.69,31387.55,11665198.21
2018-07-30,ETHEUR,399.42,402.38,381,388.98,21190.47,8273064.53
2018-07-29,ETHEUR,401.78,404.12,395.5,399.42,8251.75,3293644.64
2018-07-28,ETHEUR,402.05,403.44,395.78,401.78,7539.23,3014029.26
2018-07-27,ETHEUR,396.51,406.31,391.36,402.05,19692.99,7849780.19
2018-07-26,ETHEUR,401.34,413.17,393.67,396.51,20423.64,8284242.26
2018-07-25,ETHEUR,409.69,415.05,396,401.34,19858.15,8053455.82
2018-07-24,ETHEUR,384.73,414.27,383.71,409.69,38567.82,15540014.5
2018-07-23,ETHEUR,388.95,399.75,382,384.73,20781.36,8144489.1
2018-07-22,ETHEUR,392.19,401.38,386.92,388.95,19146.41,7545491.21
2018-07-21,ETHEUR,381.71,398.45,376.15,392.19,23792.73,9305477.73
2018-07-20,ETHEUR,401.98,402.44,375.2,381.71,52198.19,20377438.34
2018-07-19,ETHEUR,411.08,417,398.1,401.98,31141.58,12656852.43
2018-07-18,ETHEUR,427.26,441,403.82,411.08,38201.42,16150638.87
2018-07-17,ETHEUR,408,437.97,397.39,427.26,48627.18,20212161.61
2018-07-16,ETHEUR,384.41,409.37,380.25,408,31366.85,12543613.17
2018-07-15,ETHEUR,371.31,389.63,369.08,384.41,17821.65,6810436.88
2018-07-14,ETHEUR,369.15,376.83,366.83,371.31,7169.99,2662138.76
2018-07-13,ETHEUR,369.15,379.83,363.53,369.15,19973.96,7452772.13
2018-07-12,ETHEUR,381.22,381.3,358.01,369.15,31760.15,11686061.55
2018-07-11,ETHEUR,369.37,381.91,362.54,381.22,25425.89,9480941.65
2018-07-10,ETHEUR,400.13,402.48,365,369.37,46955.77,17843090.33
2018-07-09,ETHEUR,413.72,414.72,400,400.13,18079.12,7338386.82
2018-07-08,ETHEUR,412.67,422.24,410.1,413.72,15552.23,6451292.47
2018-07-07,ETHEUR,399.29,413.84,392.53,412.67,21477.72,8663207.25
2018-07-06,ETHEUR,399.76,404.58,385.67,399.29,20774.97,8215657.29
2018-07-05,ETHEUR,400.46,409.59,392.2,399.76,23101.52,9257454.33
2018-07-04,ETHEUR,396,414,387.08,400.46,30004.68,12048060.87
2018-07-03,ETHEUR,409.42,417.98,393.83,396,31151.37,12596295.31
2018-07-02,ETHEUR,386.27,415,380.15,409.42,38745.83,15574957.61
2018-07-01,ETHEUR,387.69,389.7,380.1,386.27,19908.59,7661106.94
2018-06-30,ETHEUR,372.38,393.24,372.38,387.69,33204.49,12775232.22
2018-06-29,ETHEUR,362.82,377.8,347.59,372.38,46161.76,16471057.26
2018-06-28,ETHEUR,381.66,383.3,360,362.82,34921.53,12993746.68
2018-06-27,ETHEUR,368.83,385.67,361.28,381.66,50664.35,18805035.39
2018-06-26,ETHEUR,392.17,394.23,368.39,368.83,44569.86,17031692.38
2018-06-25,ETHEUR,390.2,408.06,380.96,392.17,42422.34,16694502.43
2018-06-24,ETHEUR,407.43,409.24,361.15,390.2,92935.16,35411469.69
2018-06-23,ETHEUR,397.27,414.22,391.11,407.43,27379.83,11049164.37
2018-06-22,ETHEUR,453.46,453.46,365,397.27,142910.84,58859626.81
2018-06-21,ETHEUR,462.85,471.25,450,453.46,27687.32,12727852.29
2018-06-20,ETHEUR,465.83,468.08,447.11,462.85,31930.68,14608724.29
2018-06-19,ETHEUR,444.96,511.51,442.39,465.83,52788.6,24309714.35
2018-06-18,ETHEUR,427.59,453.18,420.32,444.96,35390.45,15414306.22
2018-06-17,ETHEUR,427.96,436.89,425,427.59,11100.99,4777729.28
2018-06-16,ETHEUR,421.27,433.95,416.85,427.96,25684.94,10963932.16
2018-06-15,ETHEUR,450.87,451.31,416.85,421.27,49238.03,21253377.62
2018-06-14,ETHEUR,403.95,454.87,395.02,450.87,94946.5,40893596.28
2018-06-13,ETHEUR,421.63,426.44,382.71,403.95,94080.1,37876241.06
2018-06-12,ETHEUR,452.28,458.84,412.2,421.63,55636.87,24123269.63
2018-06-11,ETHEUR,446.92,455.09,432.36,452.28,49551.67,22047532.37
2018-06-10,ETHEUR,504.5,504.5,427.87,446.92,79689.19,36800427.65
2018-06-09,ETHEUR,509,517.68,504,504.5,11285.41,5761134.99
2018-06-08,ETHEUR,511.47,514.9,503.52,509,13817.62,7034681.46
2018-06-07,ETHEUR,514.75,521.8,505.73,511.47,23613.11,12121492.43
2018-06-06,ETHEUR,518.48,522,503.11,514.75,27953.48,14324282.18
2018-06-05,ETHEUR,505.13,523.59,492.36,518.48,33621.06,17118895.12
2018-06-04,ETHEUR,531.09,535.45,494.46,505.13,35141.7,17930480.22
2018-06-03,ETHEUR,505.7,540.71,505,531.09,37661.54,19888111.66
2018-06-02,ETHEUR,496.06,513.82,491.71,505.7,29656.58,14965950.36
2018-06-01,ETHEUR,493.03,505,483.26,496.06,34216.88,16867811.2
2018-05-31,ETHEUR,477.72,500,474.85,493.03,63803.03,31294485.69
2018-05-30,ETHEUR,490.99,507.16,465.65,477.72,46946.69,22742220.89
2018-05-29,ETHEUR,440.1,499,440.1,490.99,61394.4,29114747.37
2018-05-28,ETHEUR,487.14,491.3,436,440.1,58343.7,26447866.75
2018-05-27,ETHEUR,502.6,507.23,475.44,487.14,27981.42,13684135.89
2018-05-26,ETHEUR,502.8,520,496.74,502.6,24977.24,12770868.36
2018-05-25,ETHEUR,513.46,526.83,488.59,502.8,47600.97,24209945.43
2018-05-24,ETHEUR,493.42,522.7,463,513.46,95426.46,47180596.07
2018-05-23,ETHEUR,544.99,552.57,482.88,493.42,105646.7,54307818.4
2018-05-22,ETHEUR,591.58,593.9,542.44,544.99,41640.31,23620264.71
2018-05-21,ETHEUR,607.15,615.45,584.3,591.58,32550.4,19521746.88
2018-05-20,ETHEUR,592.05,613.89,584.8,607.15,27130.63,16382138.1
2018-05-19,ETHEUR,588.12,609.83,579.76,592.05,24801.43,14708825.59
2018-05-18,ETHEUR,567.9,588.98,557.2,588.12,31086.06,17839833.19
2018-05-17,ETHEUR,598.78,609.8,559.72,567.9,40670.47,23927358.24
2018-05-16,ETHEUR,597.07,602.97,572.87,598.78,38367.19,22511105.81
2018-05-15,ETHEUR,609.6,624.36,587.5,597.07,36630.11,22290819.1
2018-05-14,ETHEUR,610.22,621.74,571.63,609.6,82961.46,49615222.86
2018-05-13,ETHEUR,571.53,619.9,559.96,610.22,51573.65,30644570.16
2018-05-12,ETHEUR,566.09,579,533.95,571.53,53439.16,29651525.9
2018-05-11,ETHEUR,607.73,617.77,555.62,566.09,78915.77,45636968.04
2018-05-10,ETHEUR,632.97,645.25,607.12,607.73,36518.76,22998145.12
2018-05-09,ETHEUR,629.18,640,591,632.97,57911.22,35831052.8
2018-05-08,ETHEUR,632.04,649.89,606.8,629.18,44597.23,27930530.53
2018-05-07,ETHEUR,657.62,659.98,583,632.04,101533.34,62220080.51
2018-05-06,ETHEUR,680,694.8,626.6,657.62,57395.33,37678956.95
2018-05-05,ETHEUR,651.98,690,649.6,680,50416.86,34004106.17
2018-05-04,ETHEUR,645.96,674.34,631.2,651.98,68656.23,44880391.71
2018-05-03,ETHEUR,573,656,571.5,645.96,104176.95,63927460.44
2018-05-02,ETHEUR,556.9,577.03,551.6,573,35246.04,19904159.44
2018-05-01,ETHEUR,553.4,560,520.01,556.9,58074.4,31641507.85
2018-04-30,ETHEUR,569,571.9,546.65,553.4,34715.53,19493556.64
2018-04-29,ETHEUR,562.25,576.99,550,569,36230.62,20405341.81
2018-04-28,ETHEUR,530.56,572,526.9,562.25,47079.69,26314536.89
2018-04-27,ETHEUR,545.27,567.12,526.94,530.56,63462.88,34947112.73
2018-04-26,ETHEUR,506.7,549,492.3,545.27,72693.16,37711334.94
2018-04-25,ETHEUR,575.22,575.75,474.1,506.7,166236.95,86132428.13
2018-04-24,ETHEUR,527.71,582.59,527.02,575.22,84362.22,47739417.15
2018-04-23,ETHEUR,505.96,531.75,503.23,527.71,50461.97,26385649.55
2018-04-22,ETHEUR,493.03,525.15,482.7,505.96,54627.43,27920595.95
2018-04-21,ETHEUR,503.8,512.49,469.5,493.03,61455.42,30024911.46
2018-04-20,ETHEUR,460.04,507.19,452.65,503.8,79445.49,38139343.43
2018-04-19,ETHEUR,424,489,421.24,460.04,56502.6,25122098.7
2018-04-18,ETHEUR,406.49,424.95,404.83,424,27061.07,11251154.24
2018-04-17,ETHEUR,412.75,422.05,404.94,406.49,42188.78,17381844.33
2018-04-16,ETHEUR,433,436,401.01,412.75,76247.28,31385484.44
2018-04-15,ETHEUR,408.46,433.9,408.46,433,43511.8,18383807.89
2018-04-14,ETHEUR,401.16,418.51,395.1,408.46,45462.38,18537311.8
2018-04-13,ETHEUR,400.84,430.22,390.6,401.16,111161.53,45786973.28
2018-04-12,ETHEUR,347.47,403.14,335.17,400.84,110627.39,41202063.09
2018-04-11,ETHEUR,336.2,350.28,332.05,347.47,46462.64,15806875.95
2018-04-10,ETHEUR,324.04,338.7,318.53,336.2,30167.67,9881057.82
2018-04-09,ETHEUR,326.03,350,315.04,324.04,75811.59,25077516.6
2018-04-08,ETHEUR,313,329.68,313,326.03,28122.97,9074179.2
2018-04-07,ETHEUR,301.09,320.31,300.69,313,37133.28,11564674.86
2018-04-06,ETHEUR,310.83,314.26,296.05,301.09,58906.35,17744924.15
2018-04-05,ETHEUR,307.82,318.03,298.82,310.83,55465.98,17126463.16
2018-04-04,ETHEUR,339.2,340.17,301.5,307.82,54843.56,17271759.25
2018-04-03,ETHEUR,312.29,346,309.52,339.2,69267.14,22810787.46
2018-04-02,ETHEUR,306.7,319,303.92,312.29,36403.47,11393468.21
2018-04-01,ETHEUR,319.09,324.23,290.5,306.7,59704.61,18140372.83
2018-03-31,ETHEUR,318.41,339.72,315.11,319.09,54639.9,17731994.77
2018-03-30,ETHEUR,311.21,334.1,291.7,318.41,159216.85,49367143.86
2018-03-29,ETHEUR,361.55,364.12,307.1,311.21,163483.22,53781217.85
2018-03-28,ETHEUR,362.51,377.12,355.91,361.55,43812.13,15955389.31
2018-03-27,ETHEUR,390.44,396.39,360.6,362.51,71543.72,26641123.59
2018-03-26,ETHEUR,425.03,427.6,375,390.44,66647.49,26169338.29
2018-03-25,ETHEUR,420.91,434.84,415.9,425.03,18743.43,7943591.04
2018-03-24,ETHEUR,441.32,444,420.2,420.91,29240.79,12663592.24
2018-03-23,ETHEUR,438.8,441.32,400,441.32,44876.29,18844137.1
2018-03-22,ETHEUR,454.48,467,420.3,438.8,41505.58,18258319.29
2018-03-21,ETHEUR,457.27,483.58,441,454.48,62202.95,28871779.25
2018-03-20,ETHEUR,449.9,467.29,421,457.27,56407.8,25182454.22
2018-03-19,ETHEUR,438.2,456.59,419.16,449.9,89917.89,39573176.24
2018-03-18,ETHEUR,446.5,450,367,438.2,194199.85,79104678.54
2018-03-17,ETHEUR,487.96,499.41,440.52,446.5,54218.5,25153778.63
2018-03-16,ETHEUR,497,508.1,474.06,487.96,43552.19,21580664.74
2018-03-15,ETHEUR,495,504.67,462,497,62147.05,30263319.44
2018-03-14,ETHEUR,558.24,567,470.4,495,78407.0,40077022.56
2018-03-13,ETHEUR,565.75,579.99,550.22,558.24,26183.39,14691151.29
2018-03-12,ETHEUR,585.44,599.97,550.01,565.75,27906.44,16173703.65
2018-03-11,ETHEUR,553.91,594.77,537.62,585.44,23410.34,13331101.94
2018-03-10,ETHEUR,590.01,608.39,549.57,553.91,28106.29,16481520.56
2018-03-09,ETHEUR,568.06,595,522.92,590.01,57119.08,31708148.46
2018-03-08,ETHEUR,609.3,628.91,560,568.06,47099.9,27784674.95
2018-03-07,ETHEUR,655.32,664,585,609.3,44656.22,27440870.3
2018-03-06,ETHEUR,686.14,688.7,645.64,655.32,26031.55,17351933.25
2018-03-05,ETHEUR,698.5,703.99,686.14,686.14,12442.87,8674392.68
2018-03-04,ETHEUR,689,699,680,698.5,10358.16,7166264.19
2018-03-03,ETHEUR,693.41,701.39,687,689,10193.6,7094584.83
2018-03-02,ETHEUR,706.41,711.22,688.94,693.41,13887.24,9694841.6
2018-03-01,ETHEUR,695.21,718.03,691.16,706.41,18022.2,12765579.5
2018-02-28,ETHEUR,710.08,724.99,693.23,695.21,24079.76,17078073.8
2018-02-27,ETHEUR,702.6,725,698.18,710.08,26747.66,19103579.17
2018-02-26,ETHEUR,683.64,715,678.36,702.6,31485.53,22054314.24
2018-02-25,ETHEUR,677.81,693.69,666.01,683.64,18197.55,12351790.2
2018-02-24,ETHEUR,694.59,712.49,658.34,677.81,28387.42,19377617.45
2018-02-23,ETHEUR,653,715.92,637.92,694.59,40666.59,28081277.51
2018-02-22,ETHEUR,684.24,712.7,638.69,653,71364.35,47246210.89
2018-02-21,ETHEUR,718.64,737.32,654.19,684.24,68350.77,47418339.43
2018-02-20,ETHEUR,758.58,775.5,711,718.64,35187.47,26430799.21
2018-02-19,ETHEUR,740.26,769.98,736.66,758.58,24305.89,18458580.14
2018-02-18,ETHEUR,789.83,793,735.92,740.26,32508.44,24667807.01
2018-02-17,ETHEUR,756.11,789.83,754.23,789.83,21704.41,16861877.87
2018-02-16,ETHEUR,745.9,759.99,730.25,756.11,22382.52,16716964.92
2018-02-15,ETHEUR,740.46,767,727.14,745.9,52083.83,38962672.55
2018-02-14,ETHEUR,679.89,744.77,678.3,740.46,47931.81,34510374.16
2018-02-13,ETHEUR,703.8,706.32,670.55,679.89,30773.54,21040366.23
2018-02-12,ETHEUR,661.2,713.23,660.25,703.8,42379.86,29570518.81
2018-02-11,ETHEUR,695.6,699,636.21,661.2,47521.34,31922033.56
2018-02-10,ETHEUR,715.49,745,669.5,695.6,68883.19,48712361.59
2018-02-09,ETHEUR,668.24,720,640.8,715.49,77412.73,53397982.06
2018-02-08,ETHEUR,612.13,694.35,603,668.24,85721.29,56808800.32
2018-02-07,ETHEUR,631.53,706.99,577,612.13,150396.8,98358890.01
2018-02-06,ETHEUR,546.46,649.99,446.23,631.53,351245.61,188910436.52
2018-02-05,ETHEUR,658.73,683.24,501,546.46,280782.5,162052035.78
2018-02-04,ETHEUR,783.29,783.29,623,658.73,100489.63,69010937.09
2018-02-03,ETHEUR,738.02,804.72,677.4,783.29,67600.39,51400228.28
2018-02-02,ETHEUR,811.4,811.4,581.29,738.02,257537.0,181266853.09
2018-02-01,ETHEUR,888.98,925,750,811.4,133542.86,111993912.84
2018-01-31,ETHEUR,855,899.99,822.01,888.98,80880.24,70359129.25
2018-01-30,ETHEUR,943.42,953.99,830.5,855,106347.67,94566707.32
2018-01-29,ETHEUR,985,993,925.98,943.42,52456.38,49885471.27
2018-01-28,ETHEUR,891.46,990.02,885.65,985,89307.15,85416443.94
2018-01-27,ETHEUR,849.03,900,835.06,891.46,45240.8,39582743.65
2018-01-26,ETHEUR,847.78,870,797.85,849.03,60693.94,50560881.83
2018-01-25,ETHEUR,860.16,894.97,828.77,847.78,64031.7,54895498.99
2018-01-24,ETHEUR,803.49,865.99,780.01,860.16,54825.03,45436809.16
2018-01-23,ETHEUR,819.21,839.13,736.91,803.49,70631.24,56138821.59
2018-01-22,ETHEUR,868,899.33,750,819.21,106245.68,86979882.05
2018-01-21,ETHEUR,948.95,950,833,868,77661.82,68739096.5
2018-01-20,ETHEUR,863.15,959.8,861.89,948.95,64091.03,59200925.47
2018-01-19,ETHEUR,849.92,915.91,826.19,863.15,68081.28,59628222.65
2018-01-18,ETHEUR,842.31,922,791.56,849.92,111228.51,96434664.29
2018-01-17,ETHEUR,859.08,910,620,842.31,221285.39,167745740.46
2018-01-16,ETHEUR,1045.89,1048.36,706,859.08,228150.17,200960064.35
2018-01-15,ETHEUR,1119,1147.31,1040,1045.89,56335.78,61351972.09
2018-01-14,ETHEUR,1141.31,1150,1048.44,1119,47814.32,52361495.23
2018-01-13,ETHEUR,1003.02,1003.02,1003.02,1003.02,0.0,0.0
2018-01-12,ETHEUR,1003.02,1003.02,1003.02,1003.02,0.0,0.0
2018-01-11,ETHEUR,1031.03,1099.24,961.02,1003.02,20710.0,20891729.82
2018-01-10,ETHEUR,1069.01,1150.4,1000,1031.03,69962.79,75463881.62
2018-01-09,ETHEUR,959,1079.5,952.12,1069.01,93802.79,94229042.52
2018-01-08,ETHEUR,899.02,989.68,841.18,959,95699.4,89091586.35
2018-01-07,ETHEUR,830.56,899.02,818,899.02,55209.68,48130902.3
2018-01-06,ETHEUR,807.55,835,794.04,830.56,33426.22,27439656.61
2018-01-05,ETHEUR,791.98,840,768,807.55,58922.23,47871429.04
2018-01-04,ETHEUR,779.44,831.49,750.26,791.98,75603.1,59954118.66
2018-01-03,ETHEUR,713,781,703.07,779.44,47357.26,35237863.18
2018-01-02,ETHEUR,638.01,728,638.01,713,73934.85,51739111.1
2018-01-01,ETHEUR,639,650,620.3,638.01,30982.06,19794147.46
2017-12-31,ETHEUR,587.36,639,586,639,26415.45,16152568.88
2017-12-30,ETHEUR,629.76,630.6,580,587.36,45209.69,27259540.34
2017-12-29,ETHEUR,607.69,639.87,604.89,629.92,39476.89,24629131.16
2017-12-28,ETHEUR,623.8,624.95,585.1,607.69,50815.31,30520531.88
2017-12-27,ETHEUR,623.97,628.99,595.64,623.8,39200.38,24258321.91
2017-12-26,ETHEUR,605,630,602.73,623.97,26162.33,16250602.41
2017-12-25,ETHEUR,573.96,627.79,571.32,605,49816.54,30139700.01
2017-12-24,ETHEUR,587.53,593.51,508.01,573.96,54663.35,30208121.75
2017-12-23,ETHEUR,557.82,628.96,550.07,587.53,58156.39,34870966.42
2017-12-22,ETHEUR,631.9,640,430.02,557.82,128795.16,70067738.35
2017-12-21,ETHEUR,674.01,699.62,563.72,631.9,62653.53,41163301.28
2017-12-20,ETHEUR,691.93,704.2,630,674.01,73730.42,49577262.62
2017-12-19,ETHEUR,654.67,725,637.07,691.93,83307.21,57216476.24
2017-12-18,ETHEUR,582.04,662.46,560,654.67,69506.91,42565093.44
2017-12-17,ETHEUR,576.04,597.74,574.1,582.04,32175.91,18929436.83
2017-12-16,ETHEUR,564.64,592,560.14,576.04,34870.62,20120441.85
2017-12-15,ETHEUR,570.58,576.76,496.82,564.64,43689.35,23867642.94
2017-12-14,ETHEUR,559,595,544,570.58,54364.87,31237877.27
2017-12-13,ETHEUR,508.84,575,468.83,559,88377.89,46886729.49
2017-12-12,ETHEUR,410,509,401,508.84,137077.94,60604215.42
2017-12-11,ETHEUR,358.75,412,357.24,410,62301.96,24120681.4
2017-12-10,ETHEUR,384.24,385.31,353.01,358.75,39420.39,14462026.8
2017-12-09,ETHEUR,371.99,411,368.33,384.24,67395.16,26321186.34
2017-12-08,ETHEUR,352.54,383.45,342.4,371.99,59073.31,21701633.54
2017-12-07,ETHEUR,353,368,342.12,352.54,68361.34,24136689.57
2017-12-06,ETHEUR,383.6,385.99,351,353,69194.51,25795787.12
2017-12-05,ETHEUR,390.55,393,381.89,383.6,37871.0,14690864.03
2017-12-04,ETHEUR,383,394,379.02,390.55,39938.07,15452171.37
2017-12-03,ETHEUR,383.17,395.21,371.94,383,45788.07,17718543.15
2017-12-02,ETHEUR,387.3,394.9,377.1,383.17,23426.19,9061571.07
2017-12-01,ETHEUR,371,397,358,387.3,52655.13,19841274.33
2017-11-30,ETHEUR,361.1,388.71,337,371,104750.72,37771533.95
2017-11-29,ETHEUR,387.99,424.49,338.2,361.1,117788.89,45758552.39
2017-11-28,ETHEUR,393.4,394.1,385.52,387.99,46111.92,18006323.33
2017-11-27,ETHEUR,383,399.24,375,393.73,55851.15,21916534.06
2017-11-26,ETHEUR,384.21,386.76,371.16,383,39094.59,14805617.32
2017-11-25,ETHEUR,394.7,396.77,381.54,384.21,56433.35,21974105.51
2017-11-24,ETHEUR,346.68,397.8,336,394.7,102733.65,37837972.35
2017-11-23,ETHEUR,321.41,355.97,318.19,346.68,109487.29,37175428.4
2017-11-22,ETHEUR,306.01,321.5,305,321.41,45875.11,14358379.65
2017-11-21,ETHEUR,306.7,314,298.95,306.01,51370.84,15831131.42
2017-11-20,ETHEUR,298.89,314,296.92,306.7,60386.56,18493309.32
2017-11-19,ETHEUR,292.3,307.9,289.89,298.89,74766.49,22466339.74
2017-11-18,ETHEUR,282.8,294,278.5,292.3,35122.15,10068959.69
2017-11-17,ETHEUR,278.51,284,277.27,282.8,21132.55,5939713.96
2017-11-16,ETHEUR,281.09,284.88,273.7,278.51,40070.25,11171725.59
2017-11-15,ETHEUR,286.71,288.2,278.27,281.09,43602.01,12392214.78
2017-11-14,ETHEUR,270.5,287.8,270.1,286.71,74381.86,20958257.6
2017-11-13,ETHEUR,261.05,273,260.02,270.5,37115.68,9983719.79
2017-11-12,ETHEUR,265.87,267,250,261.05,61366.0,15846564.19
2017-11-11,ETHEUR,254.5,269.69,247.12,265.87,52080.57,13429354.33
2017-11-10,ETHEUR,276.63,277.96,251.01,254.5,68892.63,18151886.71
2017-11-09,ETHEUR,267.15,283.07,265.07,276.63,78250.32,21594399.97
2017-11-08,ETHEUR,251.24,275.15,250.27,267.15,65647.97,17411385.81
2017-11-07,ETHEUR,257.9,262,246.6,251.24,50994.43,12881492.5
2017-11-06,ETHEUR,254.35,262.42,252,257.9,24344.79,6279009.48
2017-11-05,ETHEUR,256.82,258.05,252.05,254.35,12494.22,3184090.26
2017-11-04,ETHEUR,261.1,262.17,254.21,256.82,15600.2,4020547.85
2017-11-03,ETHEUR,243.53,264,243.2,261.1,38741.67,9911476.6
2017-11-02,ETHEUR,249.94,251.99,240.21,243.53,44591.03,10941585.16
2017-11-01,ETHEUR,261.57,261.77,249.2,249.94,41366.58,10607732.57
2017-10-31,ETHEUR,263,265.97,258.51,261.57,22690.55,5966739.82
2017-10-30,ETHEUR,261.18,264.99,260.11,263,21744.02,5717410.9
2017-10-29,ETHEUR,253.57,266.64,253,261.18,30324.49,7909384.24
2017-10-28,ETHEUR,256.09,256.29,250.71,253.57,11382.12,2892431.99
2017-10-27,ETHEUR,254.29,256.4,252.53,256.09,19431.97,4957839.02
2017-10-26,ETHEUR,253,256.59,250.96,254.29,19711.24,4998738.68
2017-10-25,ETHEUR,252.21,258.89,249,253,24978.86,6344595.1
2017-10-24,ETHEUR,241.77,266.49,238.61,252.21,51172.29,13257660.54
2017-10-23,ETHEUR,250.44,250.51,235.82,241.77,47451.93,11460331.54
2017-10-22,ETHEUR,254.26,259.79,247.51,250.44,14986.16,3774070.65
2017-10-21,ETHEUR,255,256.5,247.21,254.26,29247.4,7362421.84
2017-10-20,ETHEUR,260.18,263.93,252.5,255,25088.97,6493284.09
2017-10-19,ETHEUR,267.59,269.5,259,260.18,26669.17,6998014.35
2017-10-18,ETHEUR,268.54,268.86,246,267.59,73341.86,18946612.76
2017-10-17,ETHEUR,281.65,281.98,263.47,268.54,57628.92,15756190.04
2017-10-16,ETHEUR,280.99,293.06,278.9,281.65,49641.05,14213790.12
2017-10-15,ETHEUR,283.57,286.8,270,280.99,63591.45,17609535.85
2017-10-14,ETHEUR,283.51,291.9,281.4,283.57,33575.58,9656510.01
2017-10-13,ETHEUR,252.83,289.7,249,283.51,119263.77,32837680.61
2017-10-12,ETHEUR,255.08,258.2,252.21,252.83,36967.62,9446289.29
2017-10-11,ETHEUR,251.92,256.72,251.55,255.08,19164.87,4874139.04
2017-10-10,ETHEUR,250.8,256.96,246.5,251.92,31204.6,7918067.35
2017-10-09,ETHEUR,261.15,262.16,241.21,250.8,61108.18,15450258.27
2017-10-08,ETHEUR,264,265.25,260.18,261.15,20994.13,5527544.87
2017-10-07,ETHEUR,261.89,267.23,258.25,264,28185.89,7408349.8
2017-10-06,ETHEUR,251.63,262.29,251,261.89,29595.36,7593867.9
2017-10-05,ETHEUR,249.17,253.69,246,251.63,26484.45,6607338.65
2017-10-04,ETHEUR,248.43,251.57,246.01,249.17,20258.88,5050787.04
2017-10-03,ETHEUR,251.71,255,245,248.43,34289.92,8516135.11
2017-10-02,ETHEUR,255.39,257.02,250,251.71,23356.21,5918439.1
2017-10-01,ETHEUR,254.8,255.89,248.5,255.39,20687.97,5223895.1
2017-09-30,ETHEUR,245.93,258.17,244.94,254.8,26125.17,6638051.77
2017-09-29,ETHEUR,256.44,257.31,235.31,245.93,70382.3,17207662.58
2017-09-28,ETHEUR,261.75,262.99,252.06,256.44,46224.37,11884593.92
2017-09-27,ETHEUR,242.5,266.58,241.94,261.75,82181.82,20790011.68
2017-09-26,ETHEUR,248.83,249.57,240.5,242.5,53798.32,13185938.31
2017-09-25,ETHEUR,237.51,251.3,237.51,248.83,70363.02,17322384.63
2017-09-24,ETHEUR,239.87,245.69,232.78,237.51,42227.35,10065440.86
2017-09-23,ETHEUR,222.5,239.9,219,239.87,63350.42,14668476.05
2017-09-22,ETHEUR,216.4,227.78,211,222.5,81227.46,17776505.41
2017-09-21,ETHEUR,238.06,242.31,209,216.4,105623.73,23635802.73
2017-09-20,ETHEUR,236.3,245.2,232,238.06,47285.85,11347784.27
2017-09-19,ETHEUR,251.35,252.38,232.96,236.3,77595.77,18634975.63
2017-09-18,ETHEUR,217,252.5,217,251.35,153683.8,37171746.53
2017-09-17,ETHEUR,214.33,223.99,202.21,217,72487.98,15530750.61
2017-09-16,ETHEUR,218.9,228.8,206,214.33,104177.74,22601453.53
2017-09-15,ETHEUR,188.01,227.8,167.22,218.9,318723.67,62881364.39
2017-09-14,ETHEUR,231.72,288,188,188.01,251987.54,51836382.55
2017-09-13,ETHEUR,245.33,245.63,210,231.72,191240.61,43480946.51
2017-09-12,ETHEUR,250.2,267.48,241.31,245.33,110241.52,28112740.67
2017-09-11,ETHEUR,251.78,288,243.14,250.2,56005.81,13942839.22
2017-09-10,ETHEUR,254.79,260.11,237,251.78,67168.42,16647774.13
2017-09-09,ETHEUR,259.88,262.89,245,254.79,42298.53,10756803.47
2017-09-08,ETHEUR,280.7,288,250,259.88,105800.19,27742677.51
2017-09-07,ETHEUR,287.08,287.5,273,280.7,59983.5,16795985.05
2017-09-06,ETHEUR,273.48,292.73,273,287.08,85963.16,24496035.8
2017-09-05,ETHEUR,258.5,288,240,273.48,118234.12,30985284.3
2017-09-04,ETHEUR,299.85,300,235.15,258.5,210838.49,54941010.15
2017-09-03,ETHEUR,295.48,314.7,284,299.85,68049.26,20219943.43
2017-09-02,ETHEUR,327.32,328.82,274,295.48,146649.05,43708914.0
2017-09-01,ETHEUR,326.3,332.18,325.2,327.32,61484.88,20271538.54
2017-08-31,ETHEUR,321,329,318.5,326.3,59139.76,19158234.14
2017-08-30,ETHEUR,309,324.47,305,321,96827.36,30693612.72
2017-08-29,ETHEUR,290.12,310,289.8,309,92049.33,27661454.47
2017-08-28,ETHEUR,290.46,293,280,290.12,53687.01,15413914.9
2017-08-27,ETHEUR,279,290.46,277.89,290.46,40883.29,11570793.9
2017-08-26,ETHEUR,277.9,282,273.45,279,43698.45,12107720.28
2017-08-25,ETHEUR,277.5,286,275,277.9,56192.55,15856352.82
2017-08-24,ETHEUR,271.96,278.9,270.2,277.5,31693.95,8727134.76
2017-08-23,ETHEUR,268.53,279.44,267.2,271.96,51278.99,14014499.04
2017-08-22,ETHEUR,272.5,282,250.1,268.53,106767.38,28257453.18
2017-08-21,ETHEUR,255.55,293.1,253.76,272.5,150869.53,41743579.65
2017-08-20,ETHEUR,250.59,255.55,247.37,255.55,26596.63,6694877.69
2017-08-19,ETHEUR,251.2,254.9,241.23,250.59,30145.59,7487706.95
2017-08-18,ETHEUR,256.87,262,245.1,251.2,53093.43,13524383.9
2017-08-17,ETHEUR,258,266.47,254,256.87,51626.39,13490929.88
2017-08-16,ETHEUR,244.16,261.25,239.3,258,62278.06,15837961.09
2017-08-15,ETHEUR,255,256,227,244.16,81374.37,19700919.05
2017-08-14,ETHEUR,252.54,262.2,251.47,255,36949.23,9493290.74
2017-08-13,ETHEUR,262.3,262.9,242,252.54,80394.82,20111330.79
2017-08-12,ETHEUR,264.65,269.98,255.05,262.3,77127.85,20456055.49
2017-08-11,ETHEUR,253,265.5,252.1,264.65,62043.22,16051644.6
2017-08-10,ETHEUR,252.5,268.18,249.1,253,88535.56,23065842.23
2017-08-09,ETHEUR,252,269.98,241,252.5,174787.74,44266962.99
2017-08-08,ETHEUR,228.95,255.98,226,252,124659.39,30160341.37
2017-08-07,ETHEUR,225,232.4,220.01,228.95,90958.25,20613226.25
2017-08-06,ETHEUR,214.02,231.99,211.06,225,104438.64,23179610.6
2017-08-05,ETHEUR,187.25,214.98,186,214.02,133014.83,27002640.29
2017-08-04,ETHEUR,191.9,193,186,187.25,36765.06,6952402.84
2017-08-03,ETHEUR,184,193.6,183.56,191.9,53719.82,10194798.85
2017-08-02,ETHEUR,193.02,195.46,182.5,184,82901.14,15493524.91
2017-08-01,ETHEUR,173.36,197.5,173.36,193.02,157886.57,29726898.21
2017-07-31,ETHEUR,168.99,173.95,163.1,173.36,69719.69,11809382.81
2017-07-30,ETHEUR,177.5,179.4,168,168.99,52510.32,9085507.17
2017-07-29,ETHEUR,163.51,179.41,153.22,177.5,127810.57,20836876.39
2017-07-28,ETHEUR,175.47,175.9,163,163.51,81876.8,13765871.53
2017-07-27,ETHEUR,175,178,170.71,175.47,79821.77,13959081.31
2017-07-26,ETHEUR,177,181,167.11,175,93529.64,16283692.05
2017-07-25,ETHEUR,194.73,195.59,168.85,177,170233.73,30433366.7
2017-07-24,ETHEUR,196.7,198.44,192.25,194.73,61014.6,11923969.43
2017-07-23,ETHEUR,198.23,200.3,188.71,196.7,75139.1,14647392.09
2017-07-22,ETHEUR,186.9,201.99,185.3,198.23,76229.9,14826704.38
2017-07-21,ETHEUR,196.58,204.5,181.5,186.9,138727.64,26778894.55
2017-07-20,ETHEUR,168,204.6,168,196.58,244069.99,46456063.77
2017-07-19,ETHEUR,197.73,215.9,164.2,168,354897.38,67502867.25
2017-07-18,ETHEUR,165.3,228.85,155,197.73,430068.9,79218569.92
2017-07-17,ETHEUR,136.03,165.8,134.9,165.3,375286.85,56843642.53
2017-07-16,ETHEUR,147.94,149.48,117.37,136.03,513521.75,67830879.67
2017-07-15,ETHEUR,172.58,173.98,147.94,147.94,210162.62,33098004.59
2017-07-14,ETHEUR,180.34,181.8,161.21,172.58,177556.01,29954119.87
2017-07-13,ETHEUR,196.23,198,170.1,180.34,174667.12,31723821.71
2017-07-12,ETHEUR,166.59,200,160,196.23,219111.57,39989323.66
2017-07-11,ETHEUR,181.58,190.99,151.01,166.59,355524.66,60303381.69
2017-07-10,ETHEUR,209,211.26,168.36,181.58,228675.77,43522858.4
2017-07-09,ETHEUR,216,220.83,208.4,209,45110.64,9668248.16
2017-07-08,ETHEUR,212.5,218.49,203.76,216,98788.29,20934094.66
2017-07-07,ETHEUR,233.55,234.41,207.6,212.5,123967.67,27179379.29
2017-07-06,ETHEUR,233.98,242.32,229.11,233.55,71802.08,16867444.96
2017-07-05,ETHEUR,237,242,225,233.98,102316.1,23688081.97
2017-07-04,ETHEUR,243.8,252,234.51,237,104874.9,25489201.91
2017-07-03,ETHEUR,249.56,251,237.5,243.8,93724.47,22972712.17
2017-07-02,ETHEUR,227.85,258.58,221,249.56,168983.09,40152708.17
2017-07-01,ETHEUR,245.2,247,219.73,227.85,147207.7,34065961.27
2017-06-30,ETHEUR,255.93,268,233.33,245.2,157321.06,39729119.8
2017-06-29,ETHEUR,278.09,283,250.21,255.93,169858.38,45102318.78
2017-06-28,ETHEUR,248,284,227,278.09,285531.73,73162256.78
2017-06-27,ETHEUR,224.17,248,187,248,406144.77,85477827.12
2017-06-26,ETHEUR,246.12,257,180.25,224.17,483185.2,103055311.12
2017-06-25,ETHEUR,271,277.43,223.26,246.12,201232.95,50311819.39
2017-06-24,ETHEUR,291.4,294.94,264.5,271,90217.21,25083055.94
2017-06-23,ETHEUR,285.44,298,282.98,291.4,71231.07,20864539.38
2017-06-22,ETHEUR,288.45,295,276,285.44,119519.02,34247688.09
2017-06-21,ETHEUR,313.1,317.23,258.32,288.45,228215.74,64621686.16
2017-06-20,ETHEUR,315.89,328.95,297,313.1,144010.79,45548885.08
2017-06-19,ETHEUR,310.59,320.88,306.8,315.89,87763.45,27663332.43
2017-06-18,ETHEUR,328.04,338.2,304,310.59,96121.9,30829549.95
2017-06-17,ETHEUR,316.5,328.8,305.1,328.04,75662.27,24205450.07
2017-06-16,ETHEUR,308.47,324.5,286.01,316.5,141139.92,44223095.31
2017-06-15,ETHEUR,309.7,315,250,308.47,397343.87,111908077.33
2017-06-14,ETHEUR,343,347.4,291.01,309.7,200657.64,65074503.87
2017-06-13,ETHEUR,342.97,350,318,343,161964.3,54955876.26
2017-06-12,ETHEUR,298.04,351.5,276.3,342.97,314255.98,101912309.32
2017-06-11,ETHEUR,290.8,313.47,275,298.04,152457.38,45554270.71
2017-06-10,ETHEUR,251,296.5,251,290.8,187546.06,51063024.57
2017-06-09,ETHEUR,231.9,252.66,231.5,251,105784.68,25648046.31
2017-06-08,ETHEUR,228.36,233.9,223.72,231.9,75673.12,17422144.26
2017-06-07,ETHEUR,234.2,236,222.51,228.36,96111.04,22239877.5
2017-06-06,ETHEUR,219.78,237.98,216.2,234.2,193350.87,44263755.38
2017-06-05,ETHEUR,218.74,221.94,214.5,219.78,70501.23,15379486.69
2017-06-04,ETHEUR,199.65,223.9,199.03,218.74,156999.46,33690074.5
2017-06-03,ETHEUR,198.14,200.9,195.2,199.65,55048.84,10918548.99
2017-06-02,ETHEUR,194,203,193.55,198.14,95861.51,19027176.34
2017-06-01,ETHEUR,202.5,208.2,185.84,194,182771.64,36119893.11
2017-05-31,ETHEUR,199.98,211.97,188.38,202.5,271122.79,54648923.49
2017-05-30,ETHEUR,175,205,166,199.98,373078.95,69977918.21
2017-05-29,ETHEUR,149.2,177.5,143.8,175,255091.04,41278908.81
2017-05-28,ETHEUR,135.9,160.2,135.9,149.2,214401.13,31640668.09
2017-05-27,ETHEUR,141.45,148.98,101,135.9,499514.15,62808431.38
2017-05-26,ETHEUR,147.55,171,129.69,141.45,227305.15,34632394.92
2017-05-25,ETHEUR,163.19,182.39,139.5,147.55,257933.46,42362953.15
2017-05-24,ETHEUR,148.89,389.01,94.98,163.19,248362.69,41154424.27
2017-05-23,ETHEUR,137.13,156.57,129.1,148.89,160940.64,23129536.49
2017-05-22,ETHEUR,130.31,157.87,120.01,137.13,390670.53,55367362.54
2017-05-21,ETHEUR,108.2,131.75,107.51,130.31,201428.64,24293679.65
2017-05-20,ETHEUR,110.85,114.5,107,108.2,113262.76,12513362.78
2017-05-19,ETHEUR,86.15,115.4,84.6,110.85,323885.07,32749038.34
2017-05-18,ETHEUR,78.82,86.6,78.82,86.15,162450.72,13720537.57
2017-05-17,ETHEUR,79.75,80.5,75.7,78.82,87435.19,6920805.69
2017-05-16,ETHEUR,83.66,84.25,79.1,79.75,80263.36,6539299.69
2017-05-15,ETHEUR,81.3,86,81.18,83.66,105165.99,8825849.35
2017-05-14,ETHEUR,80.74,82.26,80,81.3,42906.41,3479690.32
2017-05-13,ETHEUR,78.22,81.1,76,80.74,53108.18,4200209.76
2017-05-12,ETHEUR,81.33,83.15,77,78.22,96917.85,7824003.44
2017-05-11,ETHEUR,80.39,82.95,79,81.33,65145.55,5302359.65
2017-05-10,ETHEUR,79.43,83,76.96,80.39,97483.33,7902806.73
2017-05-09,ETHEUR,78.78,80.23,67.25,79.43,258908.14,19399574.37
2017-05-08,ETHEUR,82.5,83,76.73,78.78,151280.17,12190318.2
2017-05-07,ETHEUR,85,86.5,71.11,82.5,129911.05,10665088.35
2017-05-06,ETHEUR,81.3,85.42,80.01,85,73396.95,6083483.7
2017-05-05,ETHEUR,84.71,87.98,78.98,81.3,241700.69,20301798.58
2017-05-04,ETHEUR,73.2,85.78,72.4,84.71,280783.03,22408071.47
2017-05-03,ETHEUR,69.4,73.5,68.02,73.2,109192.56,7811393.74
2017-05-02,ETHEUR,66.66,71,66.54,69.4,125301.11,8684086.22
2017-05-01,ETHEUR,71,73.67,61.25,66.66,256587.41,17809208.69
2017-04-30,ETHEUR,62.39,71.68,62.18,71,163060.2,11034712.41
2017-04-29,ETHEUR,64.6,65.87,60.5,62.39,123440.7,7806563.67
2017-04-28,ETHEUR,57.2,65.9,56.69,64.6,279228.02,16914310.1
2017-04-27,ETHEUR,48.33,57.49,47.65,57.2,246109.51,13109457.95
2017-04-26,ETHEUR,45.84,49.5,45.75,48.33,132991.12,6364730.65
2017-04-25,ETHEUR,46.03,46.3,45.6,45.84,51742.73,2378393.06
2017-04-24,ETHEUR,44.64,46.3,44.64,46.03,69797.2,3198891.42
2017-04-23,ETHEUR,44.91,45.39,44.36,44.64,49738.34,2227897.08
2017-04-22,ETHEUR,44.92,45.26,44.55,44.91,35283.26,1585889.36
2017-04-21,ETHEUR,45.9,46,44.65,44.92,35109.08,1591863.86
2017-04-20,ETHEUR,44.7,46.1,44.5,45.9,64242.6,2906101.11
2017-04-19,ETHEUR,46.55,46.86,44,44.7,76386.37,3506812.61
2017-04-18,ETHEUR,44.67,47.09,44.58,46.55,71322.33,3287910.53
2017-04-17,ETHEUR,45.42,45.51,44.23,44.67,35225.07,1587640.41
2017-04-16,ETHEUR,45.59,45.69,44.85,45.42,18728.68,847178.41
2017-04-15,ETHEUR,44.58,46.34,43.96,45.59,44801.62,2022281.41
2017-04-14,ETHEUR,46.85,46.85,43.3,44.58,70906.5,3171142.11
2017-04-13,ETHEUR,43.4,47.8,43.32,46.85,145268.76,6656725.86
2017-04-12,ETHEUR,41.1,44.5,40.8,43.4,84303.8,3589916.31
2017-04-11,ETHEUR,41.17,41.9,41,41.1,31624.68,1309198.96
2017-04-10,ETHEUR,40.95,41.88,40.25,41.17,46569.95,1903742.48
2017-04-09,ETHEUR,41.69,41.95,40.5,40.95,42738.34,1755866.47
2017-04-08,ETHEUR,39.66,42.9,39.66,41.69,75732.91,3181441.41
2017-04-07,ETHEUR,41.02,42,39.35,39.66,57149.33,2313158.36
2017-04-06,ETHEUR,42.23,43,38.72,41.02,127840.55,5240382.8
2017-04-05,ETHEUR,41.38,44.26,41.25,42.23,104703.87,4521991.0
2017-04-04,ETHEUR,41.29,42.98,38.4,41.38,215877.27,8740902.09
2017-04-03,ETHEUR,45.04,45.18,40.34,41.29,202537.63,8644554.59
2017-04-02,ETHEUR,47.14,47.76,44.36,45.04,125796.47,5789960.39
2017-04-01,ETHEUR,46.41,48.26,45,47.14,76801.2,3604345.25
2017-03-31,ETHEUR,48.1,48.89,44,46.41,186348.48,8601905.39
2017-03-30,ETHEUR,48.75,49.29,47.5,48.1,103897.02,5031932.78
2017-03-29,ETHEUR,46.14,49.49,45.8,48.75,182015.11,8745647.15
2017-03-28,ETHEUR,44.69,46.35,44.09,46.14,141239.42,6396390.72
2017-03-27,ETHEUR,45.99,47.1,44,44.69,120997.66,5513221.85
2017-03-26,ETHEUR,46.1,47,44.38,45.99,106915.1,4887098.85
2017-03-25,ETHEUR,48.1,48.4,43.9,46.1,226836.03,10430144.46
2017-03-24,ETHEUR,39.85,48.73,39.27,48.1,361125.97,15798987.44
2017-03-23,ETHEUR,37.8,40.96,37.02,39.85,148024.32,5771152.04
2017-03-22,ETHEUR,39.1,39.61,35.11,37.8,208977.79,7758624.37
2017-03-21,ETHEUR,38.7,40.25,38.19,39.1,148178.32,5831783.76
2017-03-20,ETHEUR,39.62,41.8,37.15,38.7,276140.3,11010440.09
2017-03-19,ETHEUR,31,41.99,30.1,39.62,418502.73,15461083.56
2017-03-18,ETHEUR,41.45,42.17,28,31,521196.65,17659171.91
2017-03-17,ETHEUR,41,47,31.52,41.45,719499.99,29219068.52
2017-03-16,ETHEUR,32.51,42.96,30.79,41,603645.09,22574578.86
2017-03-15,ETHEUR,26.71,32.51,26.28,32.51,368416.37,10815212.57
2017-03-14,ETHEUR,26.36,28,24.45,26.71,269427.23,7152613.16
2017-03-13,ETHEUR,21.75,28.5,20.54,26.36,671096.84,17124794.97
2017-03-12,ETHEUR,20,21.77,19.86,21.75,199438.49,4177388.98
2017-03-11,ETHEUR,18.03,20.25,17.4,20,279219.66,5330645.69
2017-03-10,ETHEUR,16.71,18.45,16.15,18.03,322621.44,5578784.74
2017-03-09,ETHEUR,15.3,16.9,15.15,16.71,173011.44,2813903.17
2017-03-08,ETHEUR,17.87,17.9,15.3,15.3,232777.65,3895350.95
2017-03-07,ETHEUR,18.5,18.54,17.5,17.87,160737.27,2891623.74
2017-03-06,ETHEUR,17.95,18.99,17.8,18.5,150723.11,2786565.56
2017-03-05,ETHEUR,17.33,18.2,17.05,17.95,104470.86,1852769.89
2017-03-04,ETHEUR,18.2,18.8,17.33,17.33,104134.03,1883059.39
2017-03-03,ETHEUR,17.98,19.62,16.2,18.2,490461.1,9009636.17
2017-03-02,ETHEUR,16.28,18.29,15.5,17.98,385091.77,6699456.17
2017-03-01,ETHEUR,14.81,16.28,14.64,16.28,164481.12,2520821.66
2017-02-28,ETHEUR,14.62,14.99,14.14,14.81,213388.17,3142526.35
2017-02-27,ETHEUR,13.78,14.88,13.51,14.62,147295.85,2064434.56
2017-02-26,ETHEUR,12.82,13.85,12.64,13.78,78804.18,1047854.99
2017-02-25,ETHEUR,12.4,13.12,12.28,12.82,76533.12,978268.33
2017-02-24,ETHEUR,12.39,12.6,12.14,12.4,75273.8,931351.27
2017-02-23,ETHEUR,11.96,12.55,11.95,12.39,69786.11,852273.65
2017-02-22,ETHEUR,11.92,12.2,11.87,11.96,41318.16,498637.74
2017-02-21,ETHEUR,11.65,12.16,11.42,11.92,89462.61,1067916.76
2017-02-20,ETHEUR,12.06,12.22,11.65,11.65,52528.88,631127.08
2017-02-19,ETHEUR,12.08,12.16,11.98,12.06,16924.52,204172.67
2017-02-18,ETHEUR,11.98,12.1,11.9,12.08,22105.79,265880.4
2017-02-17,ETHEUR,12.18,12.18,11.9,11.98,50538.47,607452.66
2017-02-16,ETHEUR,12.27,12.27,11.91,12.18,71695.58,869868.44
2017-02-15,ETHEUR,12.29,12.47,11.9,12.27,78005.0,951401.88
2017-02-14,ETHEUR,10.72,12.8,10.67,12.29,265465.91,3142463.0
2017-02-13,ETHEUR,10.77,10.77,10.54,10.72,37094.51,394592.98
2017-02-12,ETHEUR,10.69,10.77,10.61,10.77,28166.03,300832.0
2017-02-11,ETHEUR,10.68,10.8,10.59,10.69,37683.57,402690.79
2017-02-10,ETHEUR,10.21,10.79,10.12,10.68,86209.91,898671.94
2017-02-09,ETHEUR,10.62,10.74,9.87,10.21,140990.46,1443887.83
2017-02-08,ETHEUR,10.7,10.79,10.4,10.62,54766.91,580433.52
2017-02-07,ETHEUR,10.55,10.8,10.5,10.7,59560.82,636902.67
2017-02-06,ETHEUR,10.4,10.6,10.4,10.55,32999.35,347207.04
2017-02-05,ETHEUR,10.51,10.56,10.37,10.4,18236.58,190326.01
2017-02-04,ETHEUR,10.2,10.57,10.14,10.51,82260.57,860522.4
2017-02-03,ETHEUR,10.08,10.2,9.84,10.2,45238.5,453645.47
2017-02-02,ETHEUR,9.98,10.09,9.84,10.08,46365.37,461955.29
2017-02-01,ETHEUR,9.91,10.1,9.8,9.98,50203.2,499154.01
2017-01-31,ETHEUR,9.85,10.01,9.8,9.91,48939.29,484206.38
2017-01-30,ETHEUR,9.79,10.04,9.72,9.85,46937.82,462321.15
2017-01-29,ETHEUR,9.88,9.88,9.71,9.79,17161.62,167945.61
2017-01-28,ETHEUR,9.83,9.88,9.79,9.88,15475.28,152433.55
2017-01-27,ETHEUR,9.92,9.95,9.75,9.83,30545.63,300037.55
2017-01-26,ETHEUR,9.81,10,9.75,9.92,42038.96,414378.8
2017-01-25,ETHEUR,9.85,9.92,9.72,9.81,26043.29,255332.25
2017-01-24,ETHEUR,10.04,10.1,9.85,9.85,38205.47,378810.5
2017-01-23,ETHEUR,10.03,10.18,9.92,10.04,31081.29,312585.92
2017-01-22,ETHEUR,10.23,10.26,9.85,10.03,39809.78,400450.63
2017-01-21,ETHEUR,9.93,10.3,9.89,10.23,46499.27,471042.89
2017-01-20,ETHEUR,9.73,10.15,9.73,9.93,66925.99,666531.96
2017-01-19,ETHEUR,9.58,9.85,9.53,9.73,42656.61,414910.72
2017-01-18,ETHEUR,9.62,9.85,9.29,9.58,48092.87,460523.94
2017-01-17,ETHEUR,9.14,10,9.1,9.62,81692.16,788056.8
2017-01-16,ETHEUR,9.25,9.27,9.04,9.14,33600.62,307188.38
2017-01-15,ETHEUR,9.13,9.39,9.13,9.25,11151.12,103287.18
2017-01-14,ETHEUR,9.2,9.35,9.03,9.13,24649.09,226079.36
2017-01-13,ETHEUR,9.31,9.31,8.93,9.2,61960.26,564517.19
2017-01-12,ETHEUR,9.37,9.59,8.64,9.31,109534.16,986324.07
2017-01-11,ETHEUR,10.11,10.14,9.15,9.37,141626.33,1347504.86
2017-01-10,ETHEUR,9.85,10.18,9.73,10.11,52102.38,520660.08
2017-01-09,ETHEUR,9.81,10.4,9.57,9.85,131970.98,1326119.0
2017-01-08,ETHEUR,9.27,9.93,9.25,9.81,63946.55,617262.06
2017-01-07,ETHEUR,9.65,9.68,9.13,9.27,105815.82,986933.26
2017-01-06,ETHEUR,9.64,9.88,9.1,9.65,127326.88,1210552.56
2017-01-05,ETHEUR,10.32,10.95,8.82,9.64,412554.12,4035283.0
2017-01-04,ETHEUR,9.25,10.39,9.05,10.32,250098.64,2521868.38
2017-01-03,ETHEUR,7.99,9.6,7.87,9.25,202428.51,1793530.33
2017-01-02,ETHEUR,7.75,8.08,7.64,7.99,56951.94,450491.11
2017-01-01,ETHEUR,7.62,8.14,7.62,7.75,33190.66,260630.08
2016-12-31,ETHEUR,7.77,7.8,7.56,7.62,16467.28,126028.3
2016-12-30,ETHEUR,7.89,8.12,7.7,7.77,48618.99,380956.0
2016-12-29,ETHEUR,7.24,8.18,7.2,7.89,136801.82,1074114.19
2016-12-28,ETHEUR,6.84,7.47,6.73,7.24,88703.21,630850.63
2016-12-27,ETHEUR,6.94,7.02,6.76,6.84,50473.64,348223.23
2016-12-26,ETHEUR,6.88,7,6.72,6.94,24253.99,167324.94
2016-12-25,ETHEUR,6.93,7.08,6.86,6.88,50395.68,349308.75
2016-12-24,ETHEUR,6.91,7.09,6.84,6.93,32401.03,226291.78
2016-12-23,ETHEUR,7.37,7.37,6.83,6.91,84333.59,592564.54
2016-12-22,ETHEUR,7.57,7.59,7.14,7.37,78453.94,572945.84
2016-12-21,ETHEUR,7.36,7.74,7.36,7.57,44641.62,336212.39
2016-12-20,ETHEUR,7.35,7.51,7.29,7.36,42822.39,317491.58
2016-12-19,ETHEUR,7.58,7.58,7.3,7.35,41954.74,311720.02
2016-12-18,ETHEUR,7.4,7.64,7.36,7.58,22850.81,171835.4
2016-12-17,ETHEUR,7.56,7.56,7.21,7.4,30663.25,224967.15
2016-12-16,ETHEUR,7.45,7.65,7.45,7.56,16509.67,124200.15
2016-12-15,ETHEUR,7.85,7.85,7.4,7.45,65264.12,494560.55
2016-12-14,ETHEUR,7.92,8.05,7.79,7.85,26516.38,209460.06
2016-12-13,ETHEUR,8.01,8.06,7.85,7.92,31109.94,246920.2
2016-12-12,ETHEUR,7.8,8.12,7.71,8.01,38889.6,309986.1
2016-12-11,ETHEUR,7.7,7.89,7.63,7.8,26366.71,205014.87
2016-12-10,ETHEUR,8.1,8.1,7.6,7.7,38487.69,300922.41
2016-12-09,ETHEUR,7.82,8.24,7.58,8.1,72466.82,577282.42
2016-12-08,ETHEUR,7.83,8.34,7.72,7.82,122056.63,979105.43
2016-12-07,ETHEUR,7.36,8.09,6.79,7.83,145544.31,1084731.18
2016-12-06,ETHEUR,6.24,7.48,5.58,7.36,407011.57,2617573.92
2016-12-05,ETHEUR,7.19,7.22,6.16,6.24,157112.28,1045553.89
2016-12-04,ETHEUR,7.47,7.49,7,7.19,47725.34,342193.84
2016-12-03,ETHEUR,7.23,7.7,7.17,7.47,43291.21,321748.45
2016-12-02,ETHEUR,7.9,7.94,6.95,7.23,110550.78,813016.39
2016-12-01,ETHEUR,8.15,8.3,7.87,7.9,48768.08,389726.09
2016-11-30,ETHEUR,7.68,8.25,7.64,8.15,80229.95,645648.14
2016-11-29,ETHEUR,8.21,8.27,7.29,7.68,153123.43,1175810.13
2016-11-28,ETHEUR,8.49,8.5,8.2,8.21,36865.19,305529.64
2016-11-27,ETHEUR,8.8,8.83,8.22,8.49,52097.64,441692.56
2016-11-26,ETHEUR,8.87,9,8.74,8.8,23529.97,207591.24
2016-11-25,ETHEUR,8.7,9.19,8.65,8.87,46476.23,415902.15
2016-11-24,ETHEUR,9.25,9.29,8.21,8.7,149984.34,1312437.18
2016-11-23,ETHEUR,9.29,9.4,9.16,9.25,41109.81,381539.21
2016-11-22,ETHEUR,9.04,9.64,9,9.29,81886.93,765264.98
2016-11-21,ETHEUR,9,9.08,8.95,9.04,20494.63,184915.33
2016-11-20,ETHEUR,9.09,9.16,8.91,9,25418.88,229561.73
2016-11-19,ETHEUR,8.88,9.2,8.88,9.09,11030.74,100159.65
2016-11-18,ETHEUR,9.3,9.31,8.88,8.88,50268.85,454995.6
2016-11-17,ETHEUR,9.37,9.5,9.21,9.3,33464.75,311201.67
2016-11-16,ETHEUR,9.45,9.67,9.27,9.37,43285.43,409771.08
2016-11-15,ETHEUR,9.26,9.64,9.12,9.45,43217.95,407157.22
2016-11-14,ETHEUR,9.3,9.39,9.21,9.26,19333.79,179673.29
2016-11-13,ETHEUR,9.15,9.54,8.89,9.3,43654.72,402930.45
2016-11-12,ETHEUR,9.51,9.52,8.93,9.15,59776.95,550616.12
2016-11-11,ETHEUR,9.62,9.73,9.42,9.51,27742.79,265800.07
2016-11-10,ETHEUR,9.8,9.8,9.61,9.62,20485.94,198680.53
2016-11-09,ETHEUR,9.86,9.86,9.15,9.8,96150.28,913255.49
2016-11-08,ETHEUR,9.77,9.88,9.7,9.86,27014.36,264015.84
2016-11-07,ETHEUR,9.79,9.89,9.7,9.77,12829.97,125741.97
2016-11-06,ETHEUR,9.91,9.99,9.76,9.79,11620.02,114500.91
2016-11-05,ETHEUR,10,10,9.82,9.91,7264.35,71950.59
2016-11-04,ETHEUR,9.76,10,9.7,10,38814.31,383046.17
2016-11-03,ETHEUR,9.77,10.08,9.66,9.76,52512.76,518072.58
2016-11-02,ETHEUR,9.72,10.1,9.65,9.77,55581.28,547312.67
2016-11-01,ETHEUR,9.9,10.09,9.32,9.72,111432.81,1079952.68
2016-10-31,ETHEUR,10.12,10.3,9.88,9.9,58014.62,586134.18
2016-10-30,ETHEUR,9.31,10.3,9.16,10.12,56627.73,555265.27
2016-10-29,ETHEUR,10.1,10.14,7.8,9.31,152759.48,1408990.62
2016-10-28,ETHEUR,10.51,10.64,9.95,10.1,70200.86,718853.28
2016-10-27,ETHEUR,10.55,10.67,10.32,10.51,32073.91,335669.57
2016-10-26,ETHEUR,10.42,10.79,10.42,10.55,29469.66,312611.52
2016-10-25,ETHEUR,10.99,11.01,10.21,10.42,107587.46,1140613.52
2016-10-24,ETHEUR,11.04,11.1,10.96,10.99,20011.61,220428.67
2016-10-23,ETHEUR,11.08,11.12,10.92,11.04,17355.86,191187.15
2016-10-22,ETHEUR,11.19,11.19,11.04,11.08,16995.76,188535.36
2016-10-21,ETHEUR,11.06,11.22,11.05,11.19,13974.69,155440.74
2016-10-20,ETHEUR,10.98,11.33,10.98,11.06,24389.42,271226.02
2016-10-19,ETHEUR,11.45,11.5,10.9,10.98,76257.35,851302.98
2016-10-18,ETHEUR,10.91,11.78,10.91,11.45,93452.96,1066573.77
2016-10-17,ETHEUR,10.86,10.98,10.77,10.91,22568.13,245886.93
2016-10-16,ETHEUR,10.89,10.97,10.79,10.86,14700.79,160232.51
2016-10-15,ETHEUR,10.84,10.94,10.74,10.89,17281.73,187280.06
2016-10-14,ETHEUR,10.91,10.98,10.75,10.84,22193.49,241291.78
2016-10-13,ETHEUR,10.67,11.01,10.65,10.91,45130.06,488206.34
2016-10-12,ETHEUR,10.68,10.94,10.61,10.67,43280.81,465899.06
2016-10-11,ETHEUR,10.54,11.1,10.54,10.68,74140.38,802979.05
2016-10-10,ETHEUR,10.84,10.84,10.4,10.54,44122.71,467936.04
2016-10-09,ETHEUR,10.93,11.2,10.65,10.84,37732.22,410557.14
2016-10-08,ETHEUR,11.41,11.43,10.72,10.93,64072.31,702214.1
2016-10-07,ETHEUR,11.6,11.72,11.32,11.41,29071.11,333316.18
2016-10-06,ETHEUR,11.77,11.8,11.36,11.6,68329.47,790465.69
2016-10-05,ETHEUR,11.92,11.94,11.72,11.77,41603.57,492239.31
2016-10-04,ETHEUR,11.99,12.1,11.82,11.92,50863.23,608364.61
2016-10-03,ETHEUR,11.78,12.04,11.76,11.99,32621.51,389038.12
2016-10-02,ETHEUR,11.83,11.93,11.76,11.78,8377.5,99077.27
2016-10-01,ETHEUR,11.88,11.95,11.7,11.83,25827.73,305272.76
2016-09-30,ETHEUR,11.73,11.97,11.65,11.88,22822.8,270376.62
2016-09-29,ETHEUR,11.87,12.29,11.7,11.73,54421.83,645095.85
2016-09-28,ETHEUR,11.71,12.11,11.68,11.87,43088.86,513834.85
2016-09-27,ETHEUR,11.43,11.89,11.41,11.71,48131.24,563114.0
2016-09-26,ETHEUR,11.62,11.72,11.31,11.43,37575.93,431477.11
2016-09-25,ETHEUR,11.52,11.67,11.42,11.62,14484.34,167570.11
2016-09-24,ETHEUR,11.9,11.96,11.3,11.52,35009.74,404837.45
2016-09-23,ETHEUR,11.66,12.06,11.65,11.9,36689.63,436324.84
2016-09-22,ETHEUR,12.25,12.35,11,11.66,140675.76,1626017.29
2016-09-21,ETHEUR,12.81,12.92,11.75,12.25,113572.05,1400177.88
2016-09-20,ETHEUR,11.5,12.85,11.5,12.81,133476.38,1639394.83
2016-09-19,ETHEUR,10.77,11.61,10.75,11.5,56086.62,639917.24
2016-09-18,ETHEUR,11.41,11.65,10.77,10.77,121396.43,1354073.2
2016-09-17,ETHEUR,11.25,11.45,11.15,11.41,33535.76,379922.16
2016-09-16,ETHEUR,10.63,11.45,10.61,11.25,91082.43,1006869.66
2016-09-15,ETHEUR,10.62,10.78,10.6,10.63,37261.66,398791.94
2016-09-14,ETHEUR,10.68,10.78,10.58,10.62,39587.51,422377.15
2016-09-13,ETHEUR,10.57,10.77,10.55,10.68,33766.38,361067.43
2016-09-12,ETHEUR,10.39,10.65,10.31,10.57,22182.73,233612.12
2016-09-11,ETHEUR,10.68,10.88,10.25,10.39,30389.83,320178.68
2016-09-10,ETHEUR,10.36,10.74,10.25,10.68,36520.43,384687.9
2016-09-09,ETHEUR,10.07,10.4,10.07,10.36,28406.06,290336.16
2016-09-08,ETHEUR,10.28,10.46,9.98,10.07,36044.73,364765.21
2016-09-07,ETHEUR,10.41,10.47,10.1,10.28,39733.63,409348.49
2016-09-06,ETHEUR,10.53,10.53,10.25,10.41,16596.54,171369.71
2016-09-05,ETHEUR,10.41,10.63,10.33,10.53,21341.31,223122.8
2016-09-04,ETHEUR,10.48,10.55,10.2,10.41,25644.56,265710.37
2016-09-03,ETHEUR,10.79,11.03,10.28,10.48,36224.45,381157.22
2016-09-02,ETHEUR,10.85,11.05,10.51,10.79,45478.14,490253.15
2016-09-01,ETHEUR,10.36,11.25,10.29,10.85,100462.3,1096688.03
2016-08-31,ETHEUR,10.07,10.4,9.92,10.36,32674.75,333675.03
2016-08-30,ETHEUR,9.78,10.12,9.75,10.07,31444.36,314006.8
2016-08-29,ETHEUR,9.75,9.98,9.61,9.78,16609.48,162518.59
2016-08-28,ETHEUR,9.97,9.98,9.75,9.75,14885.17,146736.37
2016-08-27,ETHEUR,10.06,10.09,9.95,9.97,6336.53,63441.58
2016-08-26,ETHEUR,10.04,10.15,9.9,10.06,28777.33,288676.89
2016-08-25,ETHEUR,9.78,10.08,9.78,10.04,24088.54,240220.06
2016-08-24,ETHEUR,9.77,9.97,9.73,9.78,14485.01,142303.57
2016-08-23,ETHEUR,9.86,9.95,9.6,9.77,30406.3,296980.95
2016-08-22,ETHEUR,9.9,10.12,9.75,9.86,22498.42,224004.85
2016-08-21,ETHEUR,10.05,10.05,9.67,9.9,16669.55,163396.25
2016-08-20,ETHEUR,9.5,10.08,9.5,10.05,26804.92,264947.08
2016-08-19,ETHEUR,9.5,9.6,9.4,9.5,16049.58,152700.26
2016-08-18,ETHEUR,9.54,9.82,9.5,9.5,26662.26,257268.37
2016-08-17,ETHEUR,9.93,9.96,9.51,9.54,29792.68,289805.08
2016-08-16,ETHEUR,10.05,10.28,9.71,9.93,38005.07,378142.89
2016-08-15,ETHEUR,10.03,10.14,9.81,10.05,24945.06,248754.96
2016-08-14,ETHEUR,10.34,10.53,9.9,10.03,41158.92,417182.61
2016-08-13,ETHEUR,10.54,10.61,10.29,10.34,23770.84,248040.77
2016-08-12,ETHEUR,10.48,10.88,10.41,10.54,32689.42,347433.6
2016-08-11,ETHEUR,11.01,11.02,10.41,10.48,62361.91,664069.79
2016-08-10,ETHEUR,11.05,11.25,10.73,11.01,113827.55,1246967.3
2016-08-09,ETHEUR,10.28,11.3,10.16,11.05,138143.08,1486843.53
2016-08-08,ETHEUR,9.98,10.29,9.85,10.28,34961.61,351844.61
2016-08-07,ETHEUR,9.97,10.1,9.7,9.98,50127.13,498604.46
2016-08-06,ETHEUR,9.95,9.97,9.26,9.97,53105.19,510352.93
2016-08-05,ETHEUR,10.09,10.25,9.7,9.95,59909.06,596133.11
2016-08-04,ETHEUR,9.2,10.36,9.07,10.09,169485.85,1671953.63
2016-08-03,ETHEUR,7.35,9.42,7.35,9.2,300792.16,2571546.01
2016-08-02,ETHEUR,9.66,9.82,6.52,7.35,597326.29,4860390.78
2016-08-01,ETHEUR,10.55,10.74,7.95,9.66,174342.91,1740515.13
2016-07-31,ETHEUR,11.17,11.22,10.26,10.55,103914.5,1114385.52
2016-07-30,ETHEUR,11.51,11.51,11.16,11.17,21095.54,238104.4
2016-07-29,ETHEUR,11.58,11.61,11.21,11.51,42532.07,485463.03
2016-07-28,ETHEUR,11.84,11.84,11.23,11.58,75427.51,866293.73
2016-07-27,ETHEUR,10.81,12.13,10.64,11.84,202426.73,2339353.19
2016-07-26,ETHEUR,12.45,12.55,10.44,10.81,328006.21,3682608.73
2016-07-25,ETHEUR,11.45,12.57,11.45,12.45,201648.01,2447294.57
2016-07-24,ETHEUR,13.05,13.2,11.17,11.45,287081.05,3423171.02
2016-07-23,ETHEUR,13.45,13.75,12.91,13.05,122829.91,1625595.13
2016-07-22,ETHEUR,11.4,13.59,11.38,13.45,293924.65,3704968.69
2016-07-21,ETHEUR,11.41,11.58,10.7,11.4,115260.8,1296573.73
2016-07-20,ETHEUR,10.65,12.08,10.35,11.41,249595.25,2806496.24
2016-07-19,ETHEUR,9.98,10.98,9.93,10.65,75811.99,793755.1
2016-07-18,ETHEUR,10.19,10.59,9.9,9.98,61952.45,635019.98
2016-07-17,ETHEUR,10.61,10.65,9.97,10.19,61418.58,628901.43
2016-07-16,ETHEUR,10.85,10.94,10.59,10.61,45166.78,484798.4
2016-07-15,ETHEUR,10.46,11.4,10.39,10.85,142313.0,1563285.98
2016-07-14,ETHEUR,9.47,10.68,9.45,10.46,135462.09,1378479.5
2016-07-13,ETHEUR,9.58,9.67,9.4,9.47,16554.67,157604.42
2016-07-12,ETHEUR,9.55,9.83,9.45,9.58,34117.62,329090.35
2016-07-11,ETHEUR,9.99,9.99,9.26,9.55,74028.4,705137.55
2016-07-10,ETHEUR,9.92,10.1,9.79,9.99,19485.41,193483.38
2016-07-09,ETHEUR,10.36,10.59,9.8,9.92,70499.09,706261.67
2016-07-08,ETHEUR,9.2,10.65,9,10.36,201063.19,1993790.5
2016-07-07,ETHEUR,9.5,9.6,8.89,9.2,115990.53,1057407.64
2016-07-06,ETHEUR,9.62,10.38,9.33,9.5,127247.34,1247974.17
2016-07-05,ETHEUR,10.25,10.33,8.55,9.62,325901.85,3009585.53
2016-07-04,ETHEUR,10.65,10.71,9.94,10.25,94938.48,974114.02
2016-07-03,ETHEUR,10.94,10.95,10.4,10.65,52986.32,565069.38
2016-07-02,ETHEUR,11.1,11.12,10.72,10.94,24128.23,261796.85
2016-07-01,ETHEUR,11.25,11.3,10.51,11.1,69990.46,761348.54
2016-06-30,ETHEUR,11.53,11.53,11.01,11.25,76357.27,859798.92
2016-06-29,ETHEUR,11.08,11.79,10.53,11.53,125281.66,1390001.93
2016-06-28,ETHEUR,12.74,12.79,10.29,11.08,284002.64,3244521.07
2016-06-27,ETHEUR,12.56,13,12.56,12.74,50199.53,642052.76
2016-06-26,ETHEUR,13.05,13.14,12.36,12.56,75937.65,967127.12
2016-06-25,ETHEUR,13.01,13.26,12.7,13.05,69873.92,908084.94
2016-06-24,ETHEUR,12.07,13.76,11.93,13.01,177935.42,2293381.74
2016-06-23,ETHEUR,11.76,12.66,11,12.07,206197.1,2397673.1
2016-06-22,ETHEUR,11.4,14.39,11.3,11.76,407860.33,5251482.97
2016-06-21,ETHEUR,10.4,11.48,9.92,11.4,244458.02,2612836.28
2016-06-20,ETHEUR,10.95,11,9.25,10.4,218675.07,2232252.71
2016-06-19,ETHEUR,10.05,11.82,9.2,10.95,300438.59,3252727.52
2016-06-18,ETHEUR,13.79,13.8,9,10.05,694630.28,7448757.41
2016-06-17,ETHEUR,18.41,19.09,10.51,13.79,807826.71,11640772.21
2016-06-16,ETHEUR,16.5,18.59,16.2,18.41,166057.13,2927903.3
2016-06-15,ETHEUR,16.73,16.86,15.52,16.5,107491.24,1747496.69
2016-06-14,ETHEUR,15.6,17.25,14.41,16.73,266986.66,4303245.4
2016-06-13,ETHEUR,13.94,15.6,13.63,15.6,195220.09,2907144.25
2016-06-12,ETHEUR,12.5,13.94,12.35,13.94,152552.77,2012515.07
2016-06-11,ETHEUR,12.39,12.57,12.16,12.5,33327.6,411732.39
2016-06-10,ETHEUR,12.73,12.81,12.1,12.39,64323.99,801431.77
2016-06-09,ETHEUR,12.7,12.85,12.62,12.73,23820.82,304343.89
2016-06-08,ETHEUR,12.75,12.99,12.56,12.7,50475.46,646674.48
2016-06-07,ETHEUR,12.3,12.8,12.17,12.75,68443.39,855055.78
2016-06-06,ETHEUR,12.3,12.4,12.12,12.3,27241.34,333584.8
2016-06-05,ETHEUR,12.05,12.34,11.92,12.3,25674.28,312829.35
2016-06-04,ETHEUR,12.17,12.28,11.8,12.05,42364.52,509838.32
2016-06-03,ETHEUR,12.4,12.44,11.72,12.17,96716.19,1170470.0
2016-06-02,ETHEUR,12.35,12.55,12.12,12.4,50814.37,630912.75
2016-06-01,ETHEUR,12.6,12.85,12.01,12.35,120005.62,1483371.72
2016-05-31,ETHEUR,11.27,12.83,11.25,12.6,159337.56,1944538.67
2016-05-30,ETHEUR,10.99,11.5,10.96,11.27,59573.15,663928.3
2016-05-29,ETHEUR,10.5,11.1,10.14,10.99,75523.32,816546.53
2016-05-28,ETHEUR,9.97,11.07,9.25,10.5,135933.38,1394427.18
2016-05-27,ETHEUR,11.15,11.15,9.35,9.97,197207.91,1984913.97
2016-05-26,ETHEUR,11.21,11.59,10.73,11.15,72691.46,803758.99
2016-05-25,ETHEUR,11.29,11.55,10.6,11.21,87039.01,957728.92
2016-05-24,ETHEUR,11.9,12.24,10.67,11.29,267882.66,3047025.57
2016-05-23,ETHEUR,12.68,12.9,11.9,11.9,154239.97,1913445.24
2016-05-22,ETHEUR,12.5,12.77,12.23,12.68,74345.59,930529.64
2016-05-21,ETHEUR,12.31,12.59,11.7,12.5,115037.47,1396541.57
2016-05-20,ETHEUR,13.04,13.39,12,12.31,233323.7,2985463.12
2016-05-19,ETHEUR,11.72,13.04,11.69,13.04,200678.04,2507603.96
2016-05-18,ETHEUR,10.75,12.61,10.75,11.72,264624.82,3097036.69
2016-05-17,ETHEUR,9.79,11,9.79,10.75,143318.84,1510990.33
2016-05-16,ETHEUR,8.82,10.12,8.8,9.79,125157.49,1204466.94
2016-05-15,ETHEUR,8.98,9.2,8.73,8.82,21174.39,188945.96
2016-05-14,ETHEUR,9.27,9.4,8.56,8.98,128460.27,1145102.47
2016-05-13,ETHEUR,8.92,9.7,8.8,9.27,129644.08,1218967.05
2016-05-12,ETHEUR,8.7,9.25,8.66,8.92,96791.46,869804.07
2016-05-11,ETHEUR,8.23,8.8,8.23,8.7,49313.47,424261.05
2016-05-10,ETHEUR,8.22,8.41,8.15,8.23,26851.18,222565.8
2016-05-09,ETHEUR,8.34,8.47,8.1,8.22,37458.4,311362.29
2016-05-08,ETHEUR,8.2,8.46,7.86,8.34,32317.88,263045.37
2016-05-07,ETHEUR,8.15,8.44,8.12,8.2,22630.07,186090.63
2016-05-06,ETHEUR,8.6,8.78,8,8.15,64435.92,539039.71
2016-05-05,ETHEUR,8.2,8.79,8.12,8.6,49519.24,424541.45
2016-05-04,ETHEUR,8.12,8.75,8.07,8.2,41416.09,346926.25
2016-05-03,ETHEUR,8.78,8.84,8.05,8.12,64599.77,538146.48
2016-05-02,ETHEUR,7.66,8.96,7.64,8.78,156267.18,1331302.21
2016-05-01,ETHEUR,7.64,7.86,7.29,7.66,57651.62,437947.35
2016-04-30,ETHEUR,6.56,8.24,6.51,7.64,187892.06,1440459.83
2016-04-29,ETHEUR,6.43,6.8,6.35,6.56,46718.33,308808.2
2016-04-28,ETHEUR,6.87,6.95,6.3,6.43,50123.83,328512.08
2016-04-27,ETHEUR,6.62,7.1,6.48,6.87,49026.43,335252.03
2016-04-26,ETHEUR,6.63,6.78,6.27,6.62,51998.9,337911.34
2016-04-25,ETHEUR,7.12,7.25,6.45,6.63,83891.08,573180.83
2016-04-24,ETHEUR,7.43,7.54,7.05,7.12,35842.79,261228.18
2016-04-23,ETHEUR,6.92,7.68,6.87,7.43,41083.77,298410.59
2016-04-22,ETHEUR,7.16,7.34,6.76,6.92,53363.11,378209.32
2016-04-21,ETHEUR,7.57,7.7,7.1,7.16,50081.52,370431.5
2016-04-20,ETHEUR,7.67,7.85,7.31,7.57,44281.96,333829.68
2016-04-19,ETHEUR,7.88,8.22,7.56,7.67,45558.13,359845.91
2016-04-18,ETHEUR,8.34,8.44,7.52,7.88,102196.35,816283.89
2016-04-17,ETHEUR,7.56,8.58,7.56,8.34,110780.76,906872.2
2016-04-16,ETHEUR,7.24,7.64,7.21,7.56,18441.06,136799.86
2016-04-15,ETHEUR,7.5,7.67,7.2,7.24,42931.48,318218.98
2016-04-14,ETHEUR,7.18,7.9,7.1,7.5,78283.75,591590.9
2016-04-13,ETHEUR,6.6,7.7,6.24,7.18,190299.02,1330691.29
2016-04-12,ETHEUR,7.6,7.61,6.25,6.6,161464.56,1089940.18
2016-04-11,ETHEUR,7.71,7.9,6.86,7.6,77080.27,569168.52
2016-04-10,ETHEUR,8.03,8.07,6.46,7.71,277819.25,2025930.08
2016-04-09,ETHEUR,8.51,8.83,7.86,8.03,86117.35,709975.54
2016-04-08,ETHEUR,8.86,9.09,8.36,8.51,75832.37,654393.71
2016-04-07,ETHEUR,9.43,9.45,8.71,8.86,58695.55,529837.33
2016-04-06,ETHEUR,9.12,9.75,8.96,9.43,66896.19,630285.53
2016-04-05,ETHEUR,9.75,9.78,8.88,9.12,107248.41,1000400.81
2016-04-04,ETHEUR,10.2,10.2,9.65,9.75,65911.37,650536.2
2016-04-03,ETHEUR,10.21,10.25,10.08,10.2,11345.1,115323.72
2016-04-02,ETHEUR,10.25,10.3,10.07,10.21,19263.69,195422.95
2016-04-01,ETHEUR,10.09,10.41,10.01,10.25,19609.85,201483.24
2016-03-31,ETHEUR,10.5,11.1,10,10.09,115328.13,1202569.78
2016-03-30,ETHEUR,10.47,10.73,10.1,10.5,79235.38,832236.33
2016-03-29,ETHEUR,10.37,10.71,10.11,10.47,78066.73,812501.48
2016-03-28,ETHEUR,9.3,10.51,9.23,10.37,133743.36,1362288.52
2016-03-27,ETHEUR,9.88,10,9,9.3,42063.17,395065.66
2016-03-26,ETHEUR,9.55,10.04,9.5,9.88,26016.54,254905.71
2016-03-25,ETHEUR,9.97,10.13,9.42,9.55,48913.59,470554.81
2016-03-24,ETHEUR,11.14,11.14,9.66,9.97,144157.81,1473181.01
2016-03-23,ETHEUR,10.02,11.14,9.88,11.14,106091.9,1133715.28
2016-03-22,ETHEUR,10.69,10.75,9.6,10.02,146334.55,1499692.53
2016-03-21,ETHEUR,9,10.72,8.83,10.69,164555.56,1639282.5
2016-03-20,ETHEUR,9.27,9.68,8.5,9,79389.9,712758.57
2016-03-19,ETHEUR,9.55,9.99,8.7,9.27,127052.53,1198190.25
2016-03-18,ETHEUR,9.73,9.93,7.33,9.55,410476.27,3516647.55
2016-03-17,ETHEUR,11.55,11.55,9,9.73,274685.08,2765697.55
2016-03-16,ETHEUR,11.66,12.3,11.4,11.55,87350.91,1043283.39
2016-03-15,ETHEUR,11.25,11.97,10.67,11.66,141904.69,1615051.82
2016-03-14,ETHEUR,13.42,13.5,10.07,11.25,255141.79,3065139.14
2016-03-13,ETHEUR,11.93,13.59,11.81,13.42,165154.8,2117908.54
2016-03-12,ETHEUR,10.02,12.17,9.9,11.93,233127.33,2662566.24
2016-03-11,ETHEUR,9.98,10.46,9.35,10.02,112281.55,1113155.57
2016-03-10,ETHEUR,10.71,11,9.8,9.98,130990.1,1366072.38
2016-03-09,ETHEUR,8.85,10.86,8.77,10.71,191311.08,1886491.99
2016-03-08,ETHEUR,8.61,9.19,7.8,8.85,167405.6,1447199.25
2016-03-07,ETHEUR,10,10.4,8.35,8.61,227509.34,2062040.75
2016-03-06,ETHEUR,10.06,10.6,9,10,222157.33,2187342.44
2016-03-05,ETHEUR,9.13,10.8,8.75,10.06,263854.54,2677941.06
2016-03-04,ETHEUR,8.7,9.29,7.54,9.13,156770.99,1336743.33
2016-03-03,ETHEUR,7.76,9.5,7.05,8.7,297193.1,2547639.55
2016-03-02,ETHEUR,6.93,7.97,6.71,7.76,179705.49,1335874.91
2016-03-01,ETHEUR,5.73,7.79,5.73,6.93,214070.02,1400748.31
2016-02-29,ETHEUR,5.86,5.93,5.52,5.73,67735.77,388297.24
2016-02-28,ETHEUR,5.78,5.95,5.61,5.86,55349.69,325132.63
2016-02-27,ETHEUR,5.4,5.98,5.4,5.78,65302.61,375042.16
2016-02-26,ETHEUR,5.38,5.67,5.17,5.4,106039.1,573768.56
2016-02-25,ETHEUR,5.56,6,4.9,5.38,155709.73,871756.35
2016-02-24,ETHEUR,5.09,5.67,5,5.56,85345.24,459398.36
2016-02-23,ETHEUR,5.07,5.3,4.84,5.09,134514.77,691299.96
2016-02-22,ETHEUR,4.2,5.12,4.05,5.07,167108.85,768695.7
2016-02-21,ETHEUR,3.86,4.2,3.8,4.2,58924.53,238456.32
2016-02-20,ETHEUR,4.02,4.25,3.7,3.86,76408.17,301145.16
2016-02-19,ETHEUR,3.85,4.29,3.8,4.02,71965.16,291229.25
2016-02-18,ETHEUR,3.3,4.2,3.07,3.85,182650.42,684540.12
2016-02-17,ETHEUR,3.82,4.28,3.12,3.3,174730.09,619132.0
2016-02-16,ETHEUR,4.72,4.85,3.55,3.82,186462.52,772021.87
2016-02-15,ETHEUR,4.53,5.2,4.45,4.72,126454.43,611112.35
2016-02-14,ETHEUR,4.6,4.87,3.95,4.53,100867.64,441759.78
2016-02-13,ETHEUR,4.85,5.05,3.51,4.6,322283.43,1364410.44
2016-02-12,ETHEUR,5.14,5.68,4.3,4.85,323458.09,1626686.18
2016-02-11,ETHEUR,3.92,5.2,3.79,5.14,285059.12,1297589.16
2016-02-10,ETHEUR,3.32,4.32,3.21,3.92,421274.83,1608697.45
2016-02-09,ETHEUR,2.86,3.34,2.82,3.32,326675.94,1029244.51
2016-02-08,ETHEUR,2.6,2.94,2.59,2.86,214128.28,594199.69
2016-02-07,ETHEUR,2.26,2.7,2.25,2.6,143697.49,359173.13
2016-02-06,ETHEUR,2.27,2.28,2.22,2.26,12710.98,28464.28
2016-02-05,ETHEUR,2.32,2.36,2.22,2.27,41030.71,92578.84
2016-02-04,ETHEUR,2.3,2.37,2.2,2.32,41281.93,94050.2
2016-02-03,ETHEUR,2.2,2.32,2.13,2.3,68051.1,153134.11
2016-02-02,ETHEUR,2.04,2.27,1.96,2.2,64769.97,137235.4
2016-02-01,ETHEUR,2.18,2.19,1.95,2.04,100686.7,203422.78
2016-01-31,ETHEUR,2.25,2.34,2.01,2.18,121189.9,258251.16
2016-01-30,ETHEUR,2.29,2.4,2.24,2.25,46191.81,107539.47
2016-01-29,ETHEUR,2.3,2.4,2.15,2.29,67097.11,153624.61
2016-01-28,ETHEUR,2.21,2.46,2.16,2.3,55945.65,130254.81
2016-01-27,ETHEUR,2.15,2.47,2.04,2.21,81672.34,181469.3
2016-01-26,ETHEUR,2.33,2.64,2.15,2.15,184795.5,457935.45
2016-01-25,ETHEUR,2,2.48,1.87,2.33,216297.43,491697.28
2016-01-24,ETHEUR,1.85,2.2,1.55,2,234136.83,462497.67
2016-01-23,ETHEUR,1.4,1.88,1.39,1.85,220820.64,370482.38
2016-01-22,ETHEUR,1.45,1.46,1.36,1.4,38590.23,54242.9
2016-01-21,ETHEUR,1.41,1.46,1.36,1.45,49759.34,69864.67
2016-01-20,ETHEUR,1.25,1.56,1.25,1.41,116297.55,166683.0
2016-01-19,ETHEUR,1.29,1.34,1.2,1.25,77204.71,97111.93
2016-01-18,ETHEUR,1.2,1.43,1.19,1.29,151302.19,199187.82
2016-01-17,ETHEUR,1.13,1.2,1.11,1.2,22981.45,26681.84
2016-01-16,ETHEUR,1.11,1.23,1.09,1.13,89115.35,104011.33
2016-01-15,ETHEUR,1.07,1.3,1.01,1.11,200045.19,234206.24
2016-01-14,ETHEUR,1.04,1.07,1.02,1.07,18452.39,19344.63
2016-01-13,ETHEUR,1.08,1.08,0.9922,1.04,49565.69,50493.82
2016-01-12,ETHEUR,0.9759,1.19,0.9655,1.08,133803.43,146260.24
2016-01-11,ETHEUR,0.91,0.98,0.91,0.9759,78438.45,74147.01
2016-01-10,ETHEUR,0.9079,0.919,0.8941,0.91,22062.61,20070.57
2016-01-09,ETHEUR,0.8963,0.911,0.8803,0.9079,24100.18,21764.34
2016-01-08,ETHEUR,0.8688,0.9034,0.8673,0.8963,36759.26,32905.47
2016-01-07,ETHEUR,0.8741,0.8984,0.8687,0.8688,54503.84,48433.25
2016-01-06,ETHEUR,0.89,0.89,0.8696,0.8741,15102.73,13361.27
2016-01-05,ETHEUR,0.885,0.89,0.8541,0.89,13962.11,12350.72
2016-01-04,ETHEUR,0.8842,0.8983,0.85,0.885,34700.95,30469.99
2016-01-03,ETHEUR,0.856,0.9,0.856,0.8842,13260.07,11791.19
2016-01-02,ETHEUR,0.8525,0.885,0.8525,0.856,6400.35,5593.23
2016-01-01,ETHEUR,0.854,0.8723,0.8525,0.8525,8333.62,7133.82
2015-12-31,ETHEUR,0.8469,0.883,0.8317,0.854,14958.92,13067.87
2015-12-30,ETHEUR,0.7831,0.889,0.7831,0.8469,31580.66,26230.44
2015-12-29,ETHEUR,0.7714,0.807,0.761,0.7831,15936.09,12296.38
2015-12-28,ETHEUR,0.7886,0.7999,0.761,0.7714,20890.19,16289.34
2015-12-27,ETHEUR,0.7896,0.7896,0.77,0.7886,3720.15,2897.38
2015-12-26,ETHEUR,0.79,0.8143,0.7761,0.7896,30394.46,23834.8
2015-12-25,ETHEUR,0.7855,0.89,0.7801,0.79,25431.48,21326.91
2015-12-24,ETHEUR,0.778,0.8007,0.775,0.7855,13506.88,10651.34
2015-12-23,ETHEUR,0.7979,0.8006,0.77,0.778,9817.6,7686.64
2015-12-22,ETHEUR,0.82,0.8345,0.7979,0.7979,22078.86,17818.11
2015-12-21,ETHEUR,0.8224,0.8345,0.82,0.82,59448.56,48952.21
2015-12-20,ETHEUR,0.8262,0.88,0.82,0.8224,20564.12,17429.77
2015-12-19,ETHEUR,0.8336,0.837,0.82,0.8262,18508.31,15237.04
2015-12-18,ETHEUR,0.8609,0.8667,0.8322,0.8336,12411.87,10496.19
2015-12-17,ETHEUR,0.8982,0.905,0.8366,0.8609,30612.53,26489.11
2015-12-16,ETHEUR,0.92,0.92,0.8871,0.8982,4917.75,4422.1
2015-12-15,ETHEUR,0.8904,0.93,0.88,0.92,31967.97,29007.76
2015-12-14,ETHEUR,0.8603,0.91,0.8603,0.8904,42660.6,38294.54
2015-12-13,ETHEUR,0.88,0.885,0.84,0.8603,17396.25,14989.67
2015-12-12,ETHEUR,0.8198,0.889,0.7811,0.88,72465.64,62410.99
2015-12-11,ETHEUR,0.7704,0.82,0.731,0.8198,18359.69,14204.28
2015-12-10,ETHEUR,0.72,0.7889,0.7129,0.7704,18916.11,14362.31
2015-12-09,ETHEUR,0.7491,0.7491,0.709,0.72,16064.37,11508.19
2015-12-08,ETHEUR,0.7288,0.7491,0.72,0.7491,11932.93,8652.48
2015-12-07,ETHEUR,0.7667,0.7739,0.7276,0.7288,9784.66,7233.67
2015-12-06,ETHEUR,0.786,0.8059,0.7667,0.7667,5776.53,4567.85
2015-12-05,ETHEUR,0.7766,0.7993,0.7629,0.786,8098.57,6313.04
2015-12-04,ETHEUR,0.7556,0.7767,0.73,0.7766,18514.4,13857.28
2015-12-03,ETHEUR,0.78,0.8367,0.7222,0.7556,36810.11,27919.97
2015-12-02,ETHEUR,0.8206,0.8406,0.78,0.78,27251.1,21687.39
2015-12-01,ETHEUR,0.83,0.92,0.7882,0.8206,35503.97,29507.27
2015-11-30,ETHEUR,0.8238,0.84,0.8058,0.83,20154.72,16437.73
2015-11-29,ETHEUR,0.8675,0.88,0.81,0.8238,12082.17,9994.99
2015-11-28,ETHEUR,0.8318,0.878,0.8,0.8675,10678.5,9080.49
2015-11-27,ETHEUR,0.8336,0.86,0.8,0.8318,14797.88,12265.05
2015-11-26,ETHEUR,0.8256,0.85,0.75,0.8336,32187.97,25718.37
2015-11-25,ETHEUR,0.8498,0.8521,0.8025,0.8256,31314.31,25869.25
2015-11-24,ETHEUR,0.9,0.9023,0.8498,0.8498,15322.74,13431.33
2015-11-23,ETHEUR,0.9156,0.9173,0.89,0.9,7743.79,6956.37
2015-11-22,ETHEUR,0.9219,0.94,0.9,0.9156,20873.42,19387.16
2015-11-21,ETHEUR,0.875,0.94,0.875,0.9219,10707.36,9759.39
2015-11-20,ETHEUR,0.89,0.895,0.85,0.875,16385.78,14350.51
2015-11-19,ETHEUR,0.935,0.94,0.8682,0.89,18796.37,16843.4
2015-11-18,ETHEUR,0.9369,0.96,0.86,0.935,19035.25,17398.37
2015-11-17,ETHEUR,0.8769,0.9667,0.8446,0.9369,57707.73,52887.13
2015-11-16,ETHEUR,0.8588,0.882,0.8369,0.8769,16675.66,14304.09
2015-11-15,ETHEUR,0.821,0.86,0.8112,0.8588,4254.69,3592.47
2015-11-14,ETHEUR,0.84,0.8557,0.8111,0.821,25161.18,21036.65
2015-11-13,ETHEUR,0.83,0.8496,0.7983,0.84,14646.96,11941.25
2015-11-12,ETHEUR,0.736,0.85,0.7238,0.83,24090.93,19394.39
2015-11-11,ETHEUR,0.8706,0.8764,0.6826,0.736,91731.09,71434.7
2015-11-10,ETHEUR,0.9379,0.9949,0.86,0.8706,55872.18,50513.23
2015-11-09,ETHEUR,0.9449,1.02,0.8634,0.9379,83714.13,80788.83
2015-11-08,ETHEUR,0.8468,0.95,0.8468,0.9449,26906.74,24274.34
2015-11-07,ETHEUR,0.8268,0.88,0.8,0.8468,36028.99,29672.74
2015-11-06,ETHEUR,0.8345,0.9116,0.8011,0.8268,36058.55,29808.52
2015-11-05,ETHEUR,0.79,0.903,0.79,0.8345,14858.68,12590.62
2015-11-04,ETHEUR,0.9,0.982,0.7069,0.79,76634.44,63500.22
2015-11-03,ETHEUR,0.86,0.97,0.84,0.9,41048.69,37068.5
2015-11-02,ETHEUR,0.97,0.99,0.86,0.86,30136.02,28487.1
2015-11-01,ETHEUR,0.8,0.9774,0.792,0.97,26411.39,23527.97
2015-10-31,ETHEUR,0.945,0.945,0.8,0.8,17698.88,14976.17
2015-10-30,ETHEUR,1.06,1.21,0.8801,0.945,81678.6,84335.73
2015-10-29,ETHEUR,0.9279,1.09,0.86,1.06,45369.6,44965.41
2015-10-28,ETHEUR,0.778,0.97,0.701,0.9279,70864.57,57201.64
2015-10-27,ETHEUR,0.6731,0.8045,0.608,0.778,62835.62,47024.11
2015-10-26,ETHEUR,0.5597,0.6731,0.51,0.6731,30433.69,19022.56
2015-10-25,ETHEUR,0.516,0.62,0.51,0.5597,35676.19,20478.62
2015-10-24,ETHEUR,0.464,0.516,0.4601,0.516,3911.76,1920.98
2015-10-23,ETHEUR,0.5286,0.57,0.45,0.464,21185.74,10802.73
2015-10-22,ETHEUR,0.3828,0.595,0.366,0.5286,50541.76,23398.44
2015-10-21,ETHEUR,0.3873,0.417,0.36,0.3828,83444.11,31231.59
2015-10-20,ETHEUR,0.4293,0.4494,0.3873,0.3873,30501.5,12538.12
2015-10-19,ETHEUR,0.4578,0.4578,0.425,0.442,6643.94,2922.87
2015-10-18,ETHEUR,0.48,0.48,0.45,0.4578,1895.12,872.9
2015-10-17,ETHEUR,0.46,0.491,0.46,0.48,30951.19,14381.21
2015-10-16,ETHEUR,0.4896,0.5092,0.4581,0.46,22128.65,10799.21
2015-10-15,ETHEUR,0.4306,0.5073,0.4306,0.4896,4319.78,2089.96
2015-10-14,ETHEUR,0.5325,0.5325,0.41,0.4306,84151.47,42489.39
2015-10-13,ETHEUR,0.555,0.5558,0.53,0.5325,11767.29,6318.39
2015-10-12,ETHEUR,0.55,0.575,0.5412,0.555,935.46,524.62
2015-10-11,ETHEUR,0.5581,0.5617,0.54,0.55,3595.25,1971.75
2015-10-10,ETHEUR,0.57,0.574,0.552,0.5581,868.97,490.13
2015-10-09,ETHEUR,0.545,0.6139,0.545,0.58,7837.67,4571.5
2015-10-08,ETHEUR,0.5466,0.559,0.527,0.545,4521.29,2468.63
2015-10-07,ETHEUR,0.57,0.57,0.527,0.5466,4383.68,2393.97
2015-10-06,ETHEUR,0.555,0.5705,0.54,0.57,10590.05,5785.22
2015-10-05,ETHEUR,0.602,0.602,0.5548,0.555,7025.61,4053.86
2015-10-04,ETHEUR,0.611,0.611,0.5827,0.602,1348.63,807.54
2015-10-03,ETHEUR,0.6097,0.65,0.6097,0.621,985.38,628.85
2015-10-02,ETHEUR,0.6234,0.6234,0.567,0.6097,3120.02,1852.8
2015-10-01,ETHEUR,0.66,0.66,0.571,0.6234,7734.29,4699.07
2015-09-30,ETHEUR,0.5906,0.67,0.55,0.66,11342.03,7011.28
2015-09-29,ETHEUR,0.517,0.62,0.5,0.5906,12962.9,7051.14
2015-09-28,ETHEUR,0.6412,0.6412,0.5,0.517,27421.16,15215.06
2015-09-27,ETHEUR,0.686,0.7,0.61,0.6412,11313.05,7445.1
2015-09-26,ETHEUR,0.6576,0.7,0.611,0.686,3010.93,1987.26
2015-09-25,ETHEUR,0.721,0.769,0.6,0.6576,56069.11,37168.78
2015-09-24,ETHEUR,0.7881,0.797,0.701,0.721,31591.16,23522.82
2015-09-23,ETHEUR,0.8145,0.8275,0.78,0.7881,3260.41,2585.49
2015-09-22,ETHEUR,0.798,0.8289,0.77,0.8145,19448.34,15554.5
2015-09-21,ETHEUR,0.8466,0.8975,0.783,0.798,7824.06,6435.78
2015-09-20,ETHEUR,0.7755,0.8466,0.7622,0.8466,12550.44,10144.45
2015-09-19,ETHEUR,0.7605,0.82,0.7341,0.7755,5777.22,4441.87
2015-09-18,ETHEUR,0.7889,0.7889,0.731,0.7605,14543.46,10912.73
2015-09-17,ETHEUR,0.805,0.805,0.736,0.7889,35792.55,27501.21
2015-09-16,ETHEUR,0.8365,0.9,0.805,0.805,21016.04,17232.61
2015-09-15,ETHEUR,0.7839,0.8831,0.773,0.8365,14680.75,12594.21
2015-09-14,ETHEUR,0.8381,0.8442,0.666,0.7839,22483.02,17782.88
2015-09-13,ETHEUR,0.9213,0.9217,0.8,0.8381,13705.0,11708.82
2015-09-12,ETHEUR,0.8621,1,0.8621,0.9213,19792.93,18693.9
2015-09-11,ETHEUR,1.05,1.05,0.8346,0.8621,54182.65,49172.42
2015-09-10,ETHEUR,1.09,1.09,1.01,1.05,33803.75,35319.78
2015-09-09,ETHEUR,1.1,1.14,1.07,1.09,12811.53,14032.63
2015-09-08,ETHEUR,1.12,1.16,1.1,1.1,13644.15,15223.29
2015-09-07,ETHEUR,1.18,1.24,1.11,1.12,27491.07,31633.93
2015-09-06,ETHEUR,1.2,1.23,1.15,1.18,15775.18,18731.72
2015-09-05,ETHEUR,1.15,1.23,1.14,1.2,14977.02,17707.41
2015-09-04,ETHEUR,1.16,1.17,1.1,1.15,11275.07,13014.22
2015-09-03,ETHEUR,1.14,1.18,1.08,1.16,10639.68,12025.19
2015-09-02,ETHEUR,1.24,1.24,1.14,1.14,10557.54,12333.62
2015-09-01,ETHEUR,1.18,1.25,1.18,1.24,16646.13,20275.73
2015-08-31,ETHEUR,1.2,1.23,1.09,1.18,28470.94,33635.82
2015-08-30,ETHEUR,1.04,1.23,1.04,1.2,24446.4,28199.44
2015-08-29,ETHEUR,1.05,1.1,1.02,1.04,1504.66,1576.41
2015-08-28,ETHEUR,1.03,1.11,1,1.05,8710.79,9260.35
2015-08-27,ETHEUR,1.03,1.19,1,1.03,35722.87,36793.83
2015-08-26,ETHEUR,1.04,1.07,0.9338,1.03,21441.35,21946.03
2015-08-25,ETHEUR,1.1,1.13,1,1.04,39553.98,41164.28
2015-08-24,ETHEUR,1.22,1.22,1.1,1.1,17960.4,20120.22
2015-08-23,ETHEUR,1.2,1.27,1.13,1.22,10206.57,12025.34
2015-08-22,ETHEUR,1.23,1.3,1.16,1.2,16980.77,20602.97
2015-08-21,ETHEUR,1.32,1.38,1.2,1.23,14598.45,19125.43
2015-08-20,ETHEUR,1.16,1.4,1.13,1.32,13187.71,16553.27
2015-08-19,ETHEUR,1.2,1.21,1.09,1.16,10310.37,11783.35
2015-08-18,ETHEUR,1.11,1.26,1,1.2,30808.75,34598.82
2015-08-17,ETHEUR,1.33,1.45,1.05,1.11,30951.78,37456.19
2015-08-16,ETHEUR,1.52,1.7,0.99,1.33,30564.53,38051.41
2015-08-15,ETHEUR,1.58,1.7,1.36,1.52,40816.05,62875.53
2015-08-14,ETHEUR,1.62,1.97,1.52,1.58,77170.73,141700.35
2015-08-13,ETHEUR,1.12,1.92,1.05,1.62,37301.93,49990.71
2015-08-12,ETHEUR,0.95,1.19,0.8333,1.12,40616.02,42655.22
2015-08-11,ETHEUR,0.68,1.01,0.5915,0.95,26452.18,21607.2
2015-08-10,ETHEUR,0.7,0.75,0.585,0.68,8762.7,5645.43
2015-08-09,ETHEUR,0.65,0.8,0.5235,0.7,6244.16,4041.01
2015-08-08,ETHEUR,2.56,2.6,0.5616,0.65,32193.18,32816.3
2015-08-07,ETHEUR,0.593,20,0.593,2.56,5531.15,15200.82
